product_id,brand,platform,title_clean,title_raw,category,product_format,selling_price,mrp,discount_pct,discount_source,rating,review_count,rating_source,review_source,seller,availability,pack_count,unit_quantity,unit,total_quantity,price_per_unit,price_per_100g,price_per_100ml,product_url,scraped_at,raw_reference
9631889031450_49826106179866,AromaPure,AromaPure Official,Aromahpure Premium Car Dashboard Peach,Aromahpure Premium Car Dashboard Peach,Ambient Fragrance (General),Ambient Freshener,589.0,599.0,1.67,calculated,,,,,,In Stock,1,,,,589.0,,,https://aromahpure.com/products/premium-car-dashboard-peach,2026-09-24T05:03:54.351883+00:00,data/raw\aromapure\product_pages\9631889031450_49826106179866.html
8807512801562_47215819522330,AromaPure,AromaPure Official,Brown Electric Ceramic Owl Design Diffuser with 15 ml Fragrance Oil ( White Sandalwood ) - Sandalwood / 1,Brown Electric Ceramic Owl Design Diffuser with 15 ml Fragrance Oil ( White Sandalwood ) - Sandalwood / 1,Reed Diffuser & Fragrance Oil,Diffuser / Aroma Oil,599.0,999.0,40.04,calculated,,,,,,In Stock,1,15.0,ml,15.0,599.0,,3993.33,https://aromahpure.com/products/brown-electric-ceramic-owl-design-diffuser-with-15-ml-fragrance-oil-white-sandalwood,2026-09-24T05:03:54.351883+00:00,data/raw\aromapure\product_pages\8807512801562_47215819522330.html
8807604781338_47216302719258,AromaPure,AromaPure Official,Brown Electric Ceramic Owl Design Diffuser with 15 ml Fragrance Oil ( Charming Rose ) - Rose / 1,Brown Electric Ceramic Owl Design Diffuser with 15 ml Fragrance Oil ( Charming Rose ) - Rose / 1,Reed Diffuser & Fragrance Oil,Diffuser / Aroma Oil,599.0,999.0,40.04,calculated,,,,,,In Stock,1,15.0,ml,15.0,599.0,,3993.33,https://aromahpure.com/products/brown-electric-ceramic-owl-design-diffuser-with-15-ml-fragrance-oil-charming-rose,2026-09-24T05:03:54.351883+00:00,data/raw\aromapure\product_pages\8807604781338_47216302719258.html
8807606092058_47216307732762,AromaPure,AromaPure Official,Brown Electric Ceramic Owl Design Diffuser with 15 ml Fragrance Oil ( Zesty Orange ) - Orange / 1,Brown Electric Ceramic Owl Design Diffuser with 15 ml Fragrance Oil ( Zesty Orange ) - Orange / 1,Reed Diffuser & Fragrance Oil,Diffuser / Aroma Oil,599.0,999.0,40.04,calculated,,,,,,In Stock,1,15.0,ml,15.0,599.0,,3993.33,https://aromahpure.com/products/brown-electric-ceramic-owl-design-diffuser-with-15-ml-fragrance-oil-zesty-orange,2026-09-24T05:03:54.351883+00:00,data/raw\aromapure\product_pages\8807606092058_47216307732762.html
8807608189210_47216316285210,AromaPure,AromaPure Official,Brown Electric Ceramic Owl Design Diffuser with 15 ml Fragrance Oil ( Thai Lemongrass ) - Lemongrass / 1,Brown Electric Ceramic Owl Design Diffuser with 15 ml Fragrance Oil ( Thai Lemongrass ) - Lemongrass / 1,Reed Diffuser & Fragrance Oil,Diffuser / Aroma Oil,599.0,999.0,40.04,calculated,,,,,,In Stock,1,15.0,ml,15.0,599.0,,3993.33,https://aromahpure.com/products/brown-electric-ceramic-owl-design-diffuser-with-15-ml-fragrance-oil-thai-lemongrass,2026-09-24T05:03:54.351883+00:00,data/raw\aromapure\product_pages\8807608189210_47216316285210.html
8807609499930_47216321462554,AromaPure,AromaPure Official,Brown Electric Ceramic Owl Design Diffuser with 15 ml Fragrance Oil (Joyful Lavender) - Lavender / 1,Brown Electric Ceramic Owl Design Diffuser with 15 ml Fragrance Oil (Joyful Lavender) - Lavender / 1,Reed Diffuser & Fragrance Oil,Diffuser / Aroma Oil,599.0,999.0,40.04,calculated,,,,,,In Stock,1,15.0,ml,15.0,599.0,,3993.33,https://aromahpure.com/products/brown-electric-ceramic-owl-design-diffuser-with-15-ml-fragrance-oil-joyful-lavender,2026-09-24T05:03:54.351883+00:00,data/raw\aromapure\product_pages\8807609499930_47216321462554.html
8807576469786_47216161751322,AromaPure,AromaPure Official,White Electric Ceramic Shell Design Diffuser with 15 ml Fragrance Oil ( Charming Rose ) - Rose / 1,White Electric Ceramic Shell Design Diffuser with 15 ml Fragrance Oil ( Charming Rose ) - Rose / 1,Reed Diffuser & Fragrance Oil,Diffuser / Aroma Oil,599.0,999.0,40.04,calculated,,,,,,In Stock,1,15.0,ml,15.0,599.0,,3993.33,https://aromahpure.com/products/white-electric-ceramic-shell-design-diffuser-with-15-ml-fragrance-oil-charming-rose,2026-09-24T05:03:54.351883+00:00,data/raw\aromapure\product_pages\8807576469786_47216161751322.html
8807574176026_47216149070106,AromaPure,AromaPure Official,White Electric Ceramic Shell Design Diffuser with 15 ml Fragrance Oil ( White Sandalwood ) - Sandalwood / 1,White Electric Ceramic Shell Design Diffuser with 15 ml Fragrance Oil ( White Sandalwood ) - Sandalwood / 1,Reed Diffuser & Fragrance Oil,Diffuser / Aroma Oil,599.0,999.0,40.04,calculated,,,,,,Out of Stock,1,15.0,ml,15.0,599.0,,3993.33,https://aromahpure.com/products/white-electric-ceramic-shell-design-diffuser-with-15-ml-fragrance-oil-white-sandalwood,2026-09-24T05:03:54.351883+00:00,data/raw\aromapure\product_pages\8807574176026_47216149070106.html
8807579812122_47216190062874,AromaPure,AromaPure Official,White Electric Ceramic Shell Design Diffuser with 15 ml Fragrance Oil ( Joyful Lavender ) - Lavender / 1,White Electric Ceramic Shell Design Diffuser with 15 ml Fragrance Oil ( Joyful Lavender ) - Lavender / 1,Reed Diffuser & Fragrance Oil,Diffuser / Aroma Oil,599.0,999.0,40.04,calculated,,,,,,Out of Stock,1,15.0,ml,15.0,599.0,,3993.33,https://aromahpure.com/products/white-electric-ceramic-shell-design-diffuser-with-15-ml-fragrance-oil-joyful-lavender,2026-09-24T05:03:54.351883+00:00,data/raw\aromapure\product_pages\8807579812122_47216190062874.html
8588961579290_46573700907290,AromaPure,AromaPure Official,"Bliss Car Perfume Flakes | Luxury Hanging Car Fragrance | Premium Fresheners for Cars, Closets, and Enclosed Areas - Bliss / 1 / Floral Lily","Bliss Car Perfume Flakes | Luxury Hanging Car Fragrance | Premium Fresheners for Cars, Closets, and Enclosed Areas - Bliss / 1 / Floral Lily",Ambient Fragrance (General),Ambient Freshener,299.0,599.0,50.08,calculated,,,,,,In Stock,1,,,,299.0,,,https://aromahpure.com/products/aromahpure-premium-flakes-car-perfume-floral-lily-bliss,2026-09-24T05:03:54.351883+00:00,data/raw\aromapure\product_pages\8588961579290_46573700907290.html
8588961579290_52552613036314,AromaPure,AromaPure Official,"Bliss Car Perfume Flakes | Luxury Hanging Car Fragrance | Premium Fresheners for Cars, Closets, and Enclosed Areas - Bliss / 2 / Floral Lily","Bliss Car Perfume Flakes | Luxury Hanging Car Fragrance | Premium Fresheners for Cars, Closets, and Enclosed Areas - Bliss / 2 / Floral Lily",Ambient Fragrance (General),Ambient Freshener,569.0,1198.0,52.5,calculated,,,,,,In Stock,1,,,,569.0,,,https://aromahpure.com/products/aromahpure-premium-flakes-car-perfume-floral-lily-bliss,2026-09-24T05:03:54.351883+00:00,data/raw\aromapure\product_pages\8588961579290_46573700907290.html
8588961579290_52552613069082,AromaPure,AromaPure Official,"Bliss Car Perfume Flakes | Luxury Hanging Car Fragrance | Premium Fresheners for Cars, Closets, and Enclosed Areas - Bliss / 3 / Floral Lily","Bliss Car Perfume Flakes | Luxury Hanging Car Fragrance | Premium Fresheners for Cars, Closets, and Enclosed Areas - Bliss / 3 / Floral Lily",Ambient Fragrance (General),Ambient Freshener,809.0,1797.0,54.98,calculated,,,,,,In Stock,1,,,,809.0,,,https://aromahpure.com/products/aromahpure-premium-flakes-car-perfume-floral-lily-bliss,2026-09-24T05:03:54.351883+00:00,data/raw\aromapure\product_pages\8588961579290_46573700907290.html
9952343032090_50880909508890,AromaPure,AromaPure Official,Air Revitalizer - Filters and Humidifies Air | Green,Air Revitalizer - Filters and Humidifies Air | Green,Ambient Fragrance (General),Ambient Freshener,1899.0,2499.0,24.01,calculated,,,,,,Out of Stock,1,,,,1899.0,,,https://aromahpure.com/products/aromahpure-air-revitalizer-1800ml-green-air-humidifier-with-built-in-blue-led-light-wide-coverage-area-improves-air-quality-room-moisture-neutralize-perfect-for-home-office,2026-09-24T05:03:54.351883+00:00,data/raw\aromapure\product_pages\9952343032090_50880909508890.html
8247214178586_45307048886554,AromaPure,AromaPure Official,"Room & Linen Spray - Pillow, Bedding and Fabric Freshener | Clear Cotton | 100 ml - 1","Room & Linen Spray - Pillow, Bedding and Fabric Freshener | Clear Cotton | 100 ml - 1",Room Spray & Aerosol,Room Spray,249.0,499.0,50.1,calculated,,59.0,,AromaPure Official,,Out of Stock,1,100.0,ml,100.0,249.0,,249.0,https://aromahpure.com/products/room-and-linen-spray-bergamot-mandarin-watermelon,2026-09-24T05:03:54.351883+00:00,data/raw\aromapure\product_pages\8247214178586_45307048886554.html
8247214178586_45372061286682,AromaPure,AromaPure Official,"Room & Linen Spray - Pillow, Bedding and Fabric Freshener | Clear Cotton | 100 ml - 2","Room & Linen Spray - Pillow, Bedding and Fabric Freshener | Clear Cotton | 100 ml - 2",Room Spray & Aerosol,Room Spray,479.0,998.0,52.0,calculated,,59.0,,AromaPure Official,,Out of Stock,1,100.0,ml,100.0,479.0,,479.0,https://aromahpure.com/products/room-and-linen-spray-bergamot-mandarin-watermelon,2026-09-24T05:03:54.351883+00:00,data/raw\aromapure\product_pages\8247214178586_45307048886554.html
8247214178586_45372061319450,AromaPure,AromaPure Official,"Room & Linen Spray - Pillow, Bedding and Fabric Freshener | Clear Cotton | 100 ml - 3","Room & Linen Spray - Pillow, Bedding and Fabric Freshener | Clear Cotton | 100 ml - 3",Room Spray & Aerosol,Room Spray,689.0,1497.0,53.97,calculated,,59.0,,AromaPure Official,,Out of Stock,1,100.0,ml,100.0,689.0,,689.0,https://aromahpure.com/products/room-and-linen-spray-bergamot-mandarin-watermelon,2026-09-24T05:03:54.351883+00:00,data/raw\aromapure\product_pages\8247214178586_45307048886554.html
10096852238618_51575865934106,AromaPure,AromaPure Official,"Aromahpure Closair - Shoe Rack and Wardrobe Air Freshener | Floral Fragrance, Woody Fragrance, Aqua Fragrance","Aromahpure Closair - Shoe Rack and Wardrobe Air Freshener | Floral Fragrance, Woody Fragrance, Aqua Fragrance",Ambient Fragrance (General),Ambient Freshener,699.0,1197.0,41.6,calculated,,107.0,,AromaPure Official,,In Stock,1,,,,699.0,,,https://aromahpure.com/products/hanger-air-freshener-pack-of-3-fragrances-floral-woody-aqua,2026-09-24T05:03:54.351883+00:00,data/raw\aromapure\product_pages\10096852238618_51575865934106.html
9948877914394_50863749595418,AromaPure,AromaPure Official,"Aromahpure Tealight Ceramic Diffuser Buddha Type White Diffuser for Home, Mandir, Office, Desk Decoratives, Gifting","Aromahpure Tealight Ceramic Diffuser Buddha Type White Diffuser for Home, Mandir, Office, Desk Decoratives, Gifting",Reed Diffuser & Fragrance Oil,Diffuser / Aroma Oil,449.0,599.0,25.04,calculated,,,,,,In Stock,1,,,,449.0,,,https://aromahpure.com/products/tealight-ceramic-diffuser-buddha-type-white-diffuser-for-home-mandir-office-desk-decoratives-gifting,2026-09-24T05:03:54.351883+00:00,data/raw\aromapure\product_pages\9948877914394_50863749595418.html
8807715176730_47216838705434,AromaPure,AromaPure Official,White Tealight Ceramic Cylindrical with Dots Design Diffuser with 15 ml Fragrance Oil (Joyful Lavender) - Lavender / 1,White Tealight Ceramic Cylindrical with Dots Design Diffuser with 15 ml Fragrance Oil (Joyful Lavender) - Lavender / 1,Reed Diffuser & Fragrance Oil,Diffuser / Aroma Oil,479.0,599.0,20.03,calculated,,,,,,In Stock,1,15.0,ml,15.0,479.0,,3193.33,https://aromahpure.com/products/white-tealight-ceramic-cylindrical-with-dots-design-diffuser-with-15-ml-fragrance-oil-joyful-lavender,2026-09-24T05:03:54.351883+00:00,data/raw\aromapure\product_pages\8807715176730_47216838705434.html
8807712456986_47216826745114,AromaPure,AromaPure Official,White Tealight Ceramic Cylindrical with Dots Design Diffuser with 15 ml Fragrance Oil (Thai Lemongrass) - Lemongrass / 1,White Tealight Ceramic Cylindrical with Dots Design Diffuser with 15 ml Fragrance Oil (Thai Lemongrass) - Lemongrass / 1,Reed Diffuser & Fragrance Oil,Diffuser / Aroma Oil,479.0,599.0,20.03,calculated,,,,,,In Stock,1,15.0,ml,15.0,479.0,,3193.33,https://aromahpure.com/products/white-tealight-ceramic-cylindrical-with-dots-design-diffuser-with-15-ml-fragrance-oil-thai-lemongrass,2026-09-24T05:03:54.351883+00:00,data/raw\aromapure\product_pages\8807712456986_47216826745114.html
8807709212954_47216813506842,AromaPure,AromaPure Official,White Tealight Ceramic Cylindrical with Dots Design Diffuser with 15 ml (Peppermint Sensation) - Peppermint / 1,White Tealight Ceramic Cylindrical with Dots Design Diffuser with 15 ml (Peppermint Sensation) - Peppermint / 1,Reed Diffuser & Fragrance Oil,Diffuser / Aroma Oil,479.0,599.0,20.03,calculated,,,,,,In Stock,1,15.0,ml,15.0,479.0,,3193.33,https://aromahpure.com/products/white-tealight-ceramic-cylindrical-with-dots-design-diffuser-with-15-ml-peppermint-sensation,2026-09-24T05:03:54.351883+00:00,data/raw\aromapure\product_pages\8807709212954_47216813506842.html
8807694795034_47216748953882,AromaPure,AromaPure Official,Tealight Ceramic Cylindrical with Dots Design Diffuser with 15 ml Fragrance Oil (Charming Rose) - Rose / 1,Tealight Ceramic Cylindrical with Dots Design Diffuser with 15 ml Fragrance Oil (Charming Rose) - Rose / 1,Reed Diffuser & Fragrance Oil,Diffuser / Aroma Oil,479.0,599.0,20.03,calculated,,,,,,Out of Stock,1,15.0,ml,15.0,479.0,,3193.33,https://aromahpure.com/products/tealight-ceramic-cylindrical-with-dots-design-diffuser-with-15-ml-fragrance-oil-charming-rose,2026-09-24T05:03:54.351883+00:00,data/raw\aromapure\product_pages\8807694795034_47216748953882.html
8807689715994_47216729227546,AromaPure,AromaPure Official,White Tealight Ceramic Floral Design Diffuser with 15 ml Fragrance Oil (Joyful Lavender) - Lavender / 1,White Tealight Ceramic Floral Design Diffuser with 15 ml Fragrance Oil (Joyful Lavender) - Lavender / 1,Reed Diffuser & Fragrance Oil,Diffuser / Aroma Oil,479.0,599.0,20.03,calculated,,,,,,In Stock,1,15.0,ml,15.0,479.0,,3193.33,https://aromahpure.com/products/white-tealight-ceramic-floral-design-diffuser-with-15-ml-fragrance-oil-joyful-lavender,2026-09-24T05:03:54.351883+00:00,data/raw\aromapure\product_pages\8807689715994_47216729227546.html
8807679820058_47216685875482,AromaPure,AromaPure Official,White Tealight Ceramic Floral Design Diffuser with 15 ml Fragrance Oil (Thai Lemongrass) - Lemongrass / 1,White Tealight Ceramic Floral Design Diffuser with 15 ml Fragrance Oil (Thai Lemongrass) - Lemongrass / 1,Reed Diffuser & Fragrance Oil,Diffuser / Aroma Oil,479.0,599.0,20.03,calculated,,,,,,In Stock,1,15.0,ml,15.0,479.0,,3193.33,https://aromahpure.com/products/white-tealight-ceramic-floral-design-diffuser-with-15-ml-fragrance-oil-thai-lemongrass,2026-09-24T05:03:54.351883+00:00,data/raw\aromapure\product_pages\8807679820058_47216685875482.html
8807662584090_47216605757722,AromaPure,AromaPure Official,White Tealight Ceramic Floral Design Diffuser with 15 ml Fragrance Oil (Zesty Orange) - Orange / 1,White Tealight Ceramic Floral Design Diffuser with 15 ml Fragrance Oil (Zesty Orange) - Orange / 1,Reed Diffuser & Fragrance Oil,Diffuser / Aroma Oil,479.0,599.0,20.03,calculated,,,,,,In Stock,1,15.0,ml,15.0,479.0,,3193.33,https://aromahpure.com/products/white-tealight-ceramic-floral-design-diffuser-with-15-ml-fragrance-oil-zesty-orange,2026-09-24T05:03:54.351883+00:00,data/raw\aromapure\product_pages\8807662584090_47216605757722.html
8807649083674_47216545300762,AromaPure,AromaPure Official,White Tealight Ceramic Floral Design Diffuser with 15 ml Fragrance Oil (Charming Rose) - Rose / 1,White Tealight Ceramic Floral Design Diffuser with 15 ml Fragrance Oil (Charming Rose) - Rose / 1,Reed Diffuser & Fragrance Oil,Diffuser / Aroma Oil,479.0,599.0,20.03,calculated,,,,,,In Stock,1,15.0,ml,15.0,479.0,,3193.33,https://aromahpure.com/products/white-tealight-ceramic-floral-design-diffuser-with-15-ml-fragrance-oil-charming-rose,2026-09-24T05:03:54.351883+00:00,data/raw\aromapure\product_pages\8807649083674_47216545300762.html
8807625982234_47216415310106,AromaPure,AromaPure Official,White Tealight Ceramic Leaves Design Diffuser with 15 ml Fragrance Oil (Natural Citronella) - Citronella / 1,White Tealight Ceramic Leaves Design Diffuser with 15 ml Fragrance Oil (Natural Citronella) - Citronella / 1,Reed Diffuser & Fragrance Oil,Diffuser / Aroma Oil,479.0,599.0,20.03,calculated,,,,,,In Stock,1,15.0,ml,15.0,479.0,,3193.33,https://aromahpure.com/products/white-tealight-ceramic-leaves-design-diffuser-with-15-ml-fragrance-oil-natural-citronella,2026-09-24T05:03:54.351883+00:00,data/raw\aromapure\product_pages\8807625982234_47216415310106.html
8807621755162_47216399384858,AromaPure,AromaPure Official,White Tealight Ceramic Leaves Design Diffuser with 15 ml Fragrance Oil (Thai Lemongrass) - Lemongrass / 1,White Tealight Ceramic Leaves Design Diffuser with 15 ml Fragrance Oil (Thai Lemongrass) - Lemongrass / 1,Reed Diffuser & Fragrance Oil,Diffuser / Aroma Oil,479.0,599.0,20.03,calculated,,,,,,In Stock,1,15.0,ml,15.0,479.0,,3193.33,https://aromahpure.com/products/white-tealight-ceramic-leaves-design-diffuser-with-15-ml-fragrance-oil-thai-lemongrass,2026-09-24T05:03:54.351883+00:00,data/raw\aromapure\product_pages\8807621755162_47216399384858.html
8807621722394_47216399352090,AromaPure,AromaPure Official,Blue Tealight Ceramic Floral Design Diffuser with 15 ml Fragrance Oil (Joyful Lavender) - Lavender / 1,Blue Tealight Ceramic Floral Design Diffuser with 15 ml Fragrance Oil (Joyful Lavender) - Lavender / 1,Reed Diffuser & Fragrance Oil,Diffuser / Aroma Oil,359.0,599.0,40.07,calculated,,,,,,In Stock,1,15.0,ml,15.0,359.0,,2393.33,https://aromahpure.com/products/copy-of-aromahpure-blue-tealight-ceramic-floral-design-diffuser-with-15-ml-fragrance-oil-joyful-lavender-1,2026-09-24T05:03:54.351883+00:00,data/raw\aromapure\product_pages\8807621722394_47216399352090.html
8807619952922_47216389685530,AromaPure,AromaPure Official,White Tealight Ceramic Leaves Design Diffuser with 15 ml Fragrance Oil (Zesty Orange) - Orange / 1,White Tealight Ceramic Leaves Design Diffuser with 15 ml Fragrance Oil (Zesty Orange) - Orange / 1,Reed Diffuser & Fragrance Oil,Diffuser / Aroma Oil,479.0,599.0,20.03,calculated,,,,,,In Stock,1,15.0,ml,15.0,479.0,,3193.33,https://aromahpure.com/products/white-tealight-ceramic-leaves-design-diffuser-with-15-ml-fragrance-oil-zesty-orange,2026-09-24T05:03:54.351883+00:00,data/raw\aromapure\product_pages\8807619952922_47216389685530.html
8807615398170_47216344858906,AromaPure,AromaPure Official,Blue Tealight Ceramic Floral Design Diffuser with 15 ml Fragrance Oil (Thai Lemongrass) - Lemongrass / 1,Blue Tealight Ceramic Floral Design Diffuser with 15 ml Fragrance Oil (Thai Lemongrass) - Lemongrass / 1,Reed Diffuser & Fragrance Oil,Diffuser / Aroma Oil,359.0,599.0,40.07,calculated,,,,,,In Stock,1,15.0,ml,15.0,359.0,,2393.33,https://aromahpure.com/products/copy-of-aromahpure-blue-tealight-ceramic-floral-design-diffuser-with-15-ml-fragrance-oil-thai-lemongrass-1,2026-09-24T05:03:54.351883+00:00,data/raw\aromapure\product_pages\8807615398170_47216344858906.html
8807614087450_47216339878170,AromaPure,AromaPure Official,White Tealight Ceramic Leaves Design Diffuser with 15 ml Fragrance Oil (Charming Rose) - Rose / 1,White Tealight Ceramic Leaves Design Diffuser with 15 ml Fragrance Oil (Charming Rose) - Rose / 1,Reed Diffuser & Fragrance Oil,Diffuser / Aroma Oil,479.0,599.0,20.03,calculated,,,,,,In Stock,1,15.0,ml,15.0,479.0,,3193.33,https://aromahpure.com/products/white-tealight-ceramic-leaves-design-diffuser-with-15-ml-fragrance-oil-charming-rose,2026-09-24T05:03:54.351883+00:00,data/raw\aromapure\product_pages\8807614087450_47216339878170.html
8807613104410_47216335651098,AromaPure,AromaPure Official,Blue Tealight Ceramic Floral Design Diffuser with 15 ml Fragrance Oil (Charming Rose) - Rose / 1,Blue Tealight Ceramic Floral Design Diffuser with 15 ml Fragrance Oil (Charming Rose) - Rose / 1,Reed Diffuser & Fragrance Oil,Diffuser / Aroma Oil,359.0,599.0,40.07,calculated,,,,,,In Stock,1,15.0,ml,15.0,359.0,,2393.33,https://aromahpure.com/products/copy-of-aromahpure-blue-tealight-ceramic-floral-design-diffuser-with-15-ml-fragrance-oil-charming-rose-1,2026-09-24T05:03:54.351883+00:00,data/raw\aromapure\product_pages\8807613104410_47216335651098.html
8807610810650_47216326181146,AromaPure,AromaPure Official,Blue Tealight Ceramic Floral Design Diffuser with 15 ml Fragrance Oil (Ylang Ylang Secret) - Ylang -Ylang / 1,Blue Tealight Ceramic Floral Design Diffuser with 15 ml Fragrance Oil (Ylang Ylang Secret) - Ylang -Ylang / 1,Reed Diffuser & Fragrance Oil,Diffuser / Aroma Oil,359.0,599.0,40.07,calculated,,,,,,In Stock,1,15.0,ml,15.0,359.0,,2393.33,https://aromahpure.com/products/copy-of-aromahpure-blue-tealight-ceramic-floral-design-diffuser-with-15-ml-fragrance-oil-ylang-ylang-secret-1,2026-09-24T05:03:54.351883+00:00,data/raw\aromapure\product_pages\8807610810650_47216326181146.html
8807607730458_47216314450202,AromaPure,AromaPure Official,Brown Tealight Ceramic Square with Bowl Design Diffuser with 15 ml Fragrance Oil (Thai Lemongrass) - Lemongrass / 1,Brown Tealight Ceramic Square with Bowl Design Diffuser with 15 ml Fragrance Oil (Thai Lemongrass) - Lemongrass / 1,Reed Diffuser & Fragrance Oil,Diffuser / Aroma Oil,479.0,599.0,20.03,calculated,,,,,,Out of Stock,1,15.0,ml,15.0,479.0,,3193.33,https://aromahpure.com/products/copy-of-aromahpure-brown-tealight-ceramic-square-with-bowl-design-diffuser-with-15-ml-fragrance-oil-thai-lemongrass-1,2026-09-24T05:03:54.351883+00:00,data/raw\aromapure\product_pages\8807607730458_47216314450202.html
8807605305626_47216304816410,AromaPure,AromaPure Official,Brown Tealight Ceramic Square with Bowl Design Diffuser with 15 ml Fragrance Oil (Zesty Orange) - Orange / 1,Brown Tealight Ceramic Square with Bowl Design Diffuser with 15 ml Fragrance Oil (Zesty Orange) - Orange / 1,Reed Diffuser & Fragrance Oil,Diffuser / Aroma Oil,479.0,599.0,20.03,calculated,,,,,,Out of Stock,1,15.0,ml,15.0,479.0,,3193.33,https://aromahpure.com/products/copy-of-aromahpure-brown-tealight-ceramic-square-with-bowl-design-diffuser-with-15-ml-fragrance-oil-zesty-orange-1,2026-09-24T05:03:54.351883+00:00,data/raw\aromapure\product_pages\8807605305626_47216304816410.html
8807601897754_47216290332954,AromaPure,AromaPure Official,Brown Tealight Ceramic Square with Bowl Design Diffuser with 15 ml Fragrance Oil (Charming Rose) - Rose / 1,Brown Tealight Ceramic Square with Bowl Design Diffuser with 15 ml Fragrance Oil (Charming Rose) - Rose / 1,Reed Diffuser & Fragrance Oil,Diffuser / Aroma Oil,479.0,599.0,20.03,calculated,,,,,,Out of Stock,1,15.0,ml,15.0,479.0,,3193.33,https://aromahpure.com/products/copy-of-aromahpure-brown-tealight-ceramic-square-with-bowl-design-diffuser-with-15-ml-fragrance-oil-charming-rose-1,2026-09-24T05:03:54.351883+00:00,data/raw\aromapure\product_pages\8807601897754_47216290332954.html
8807560806682_47216092971290,AromaPure,AromaPure Official,Blue Tealight Ceramic Floral Design Diffuser with 15 ml Fragrance Oil (Zesty Orange) - Orange / 1,Blue Tealight Ceramic Floral Design Diffuser with 15 ml Fragrance Oil (Zesty Orange) - Orange / 1,Reed Diffuser & Fragrance Oil,Diffuser / Aroma Oil,359.0,599.0,40.07,calculated,,,,,,Out of Stock,1,15.0,ml,15.0,359.0,,2393.33,https://aromahpure.com/products/copy-of-aromahpure-blue-tealight-ceramic-floral-design-diffuser-with-15-ml-fragrance-oil-zesty-orange-1,2026-09-24T05:03:54.351883+00:00,data/raw\aromapure\product_pages\8807560806682_47216092971290.html
8807553335578_47216054927642,AromaPure,AromaPure Official,Brown Tealight Ceramic Square with Bowl Design Diffuser with 15 ml Fragrance Oil (Peppermint Sensation) - Peppermint / 1,Brown Tealight Ceramic Square with Bowl Design Diffuser with 15 ml Fragrance Oil (Peppermint Sensation) - Peppermint / 1,Reed Diffuser & Fragrance Oil,Diffuser / Aroma Oil,479.0,599.0,20.03,calculated,,,,,,Out of Stock,1,15.0,ml,15.0,479.0,,3193.33,https://aromahpure.com/products/brown-tealight-ceramic-square-with-bowl-design-diffuser-with-15-ml-fragrance-oil-peppermint-sensation,2026-09-24T05:03:54.351883+00:00,data/raw\aromapure\product_pages\8807553335578_47216054927642.html
8807542391066_47215993782554,AromaPure,AromaPure Official,White Tealight Ceramic Cylindrical with Dots Design Diffuser with 15 ml Fragrance Oil (White Sandalwood) - Sandalwood / 1,White Tealight Ceramic Cylindrical with Dots Design Diffuser with 15 ml Fragrance Oil (White Sandalwood) - Sandalwood / 1,Reed Diffuser & Fragrance Oil,Diffuser / Aroma Oil,479.0,599.0,20.03,calculated,,,,,,In Stock,1,15.0,ml,15.0,479.0,,3193.33,https://aromahpure.com/products/white-tealight-ceramic-cylindrical-with-dots-design-diffuser-with-15-ml-fragrance-oil-white-sandalwood,2026-09-24T05:03:54.351883+00:00,data/raw\aromapure\product_pages\8807542391066_47215993782554.html
8807530889498_47215911305498,AromaPure,AromaPure Official,White Tealight Ceramic Leaves Design Diffuser with 15 ml Fragrance Oil (White Sandalwood) - Sandalwood / 1,White Tealight Ceramic Leaves Design Diffuser with 15 ml Fragrance Oil (White Sandalwood) - Sandalwood / 1,Reed Diffuser & Fragrance Oil,Diffuser / Aroma Oil,479.0,599.0,20.03,calculated,,,,,,In Stock,1,15.0,ml,15.0,479.0,,3193.33,https://aromahpure.com/products/white-tealight-ceramic-leaves-design-diffuser-with-15-ml-fragrance-oil-white-sandalwood,2026-09-24T05:03:54.351883+00:00,data/raw\aromapure\product_pages\8807530889498_47215911305498.html
8807472300314_47215592243482,AromaPure,AromaPure Official,White Tealight Ceramic Floral Design Diffuser with 15 ml Fragrance Oil (Ylang Ylang Secret) - Ylang -Ylang / 1,White Tealight Ceramic Floral Design Diffuser with 15 ml Fragrance Oil (Ylang Ylang Secret) - Ylang -Ylang / 1,Reed Diffuser & Fragrance Oil,Diffuser / Aroma Oil,479.0,599.0,20.03,calculated,,,,,,Out of Stock,1,15.0,ml,15.0,479.0,,3193.33,https://aromahpure.com/products/aromahpure-white-tealight-ceramic-floral-design-diffuser-with-15-ml-fragrance-oil-ylang-ylang-secret,2026-09-24T05:03:54.351883+00:00,data/raw\aromapure\product_pages\8807472300314_47215592243482.html
8643828220186_46742206480666,AromaPure,AromaPure Official,Aromahpure Black Tealight Ceramic Hand Design Diffuser with 15 ml Fragrance Oil (Natural Citronella) + Scented Tealight Candle (Pack of 20) - Citronella / 1,Aromahpure Black Tealight Ceramic Hand Design Diffuser with 15 ml Fragrance Oil (Natural Citronella) + Scented Tealight Candle (Pack of 20) - Citronella / 1,Scented Candle & Wax,Scented Candle,599.0,738.0,18.83,calculated,,,,,,In Stock,20,15.0,ml,300.0,29.95,,199.67,https://aromahpure.com/products/copy-of-aromahpure-black-tealight-ceramic-hand-design-diffuser-with-15-ml-fragrance-oil-natural-citronella,2026-09-24T05:03:54.351883+00:00,data/raw\aromapure\product_pages\8643828220186_46742206480666.html
8643822027034_46742171091226,AromaPure,AromaPure Official,Aromahpure Black Tealight Ceramic Hand Design Diffuser with 15 ml Fragrance Oil (Eucalyptus Breeze)+ Scented Tealight Candle (Pack of 20) - Eucalyptus / 1,Aromahpure Black Tealight Ceramic Hand Design Diffuser with 15 ml Fragrance Oil (Eucalyptus Breeze)+ Scented Tealight Candle (Pack of 20) - Eucalyptus / 1,Scented Candle & Wax,Scented Candle,599.0,738.0,18.83,calculated,,,,,,In Stock,20,15.0,ml,300.0,29.95,,199.67,https://aromahpure.com/products/copy-of-aromahpure-black-tealight-ceramic-hand-design-diffuser-with-15-ml-fragrance-oil-eucalyptus-breeze,2026-09-24T05:03:54.351883+00:00,data/raw\aromapure\product_pages\8643822027034_46742171091226.html
8643818422554_46742156149018,AromaPure,AromaPure Official,Aromahpure Black Tealight Ceramic Hand Design Diffuser with 15 ml Fragrance Oil (Thai Lemongrass)+ Scented Tealight Candle (Pack of 20) - Lemongrass / 1,Aromahpure Black Tealight Ceramic Hand Design Diffuser with 15 ml Fragrance Oil (Thai Lemongrass)+ Scented Tealight Candle (Pack of 20) - Lemongrass / 1,Scented Candle & Wax,Scented Candle,599.0,738.0,18.83,calculated,,,,,,Out of Stock,20,15.0,ml,300.0,29.95,,199.67,https://aromahpure.com/products/copy-of-aromahpure-black-tealight-ceramic-hand-design-diffuser-with-15-ml-fragrance-oil-thai-lemongrass,2026-09-24T05:03:54.351883+00:00,data/raw\aromapure\product_pages\8643818422554_46742156149018.html
8643814588698_46742137962778,AromaPure,AromaPure Official,Aromahpure Black Tealight Ceramic Hand Design Diffuser with 15 ml Fragrance Oil (Charming Rose)+ Scented Tealight Candle (Pack of 20) - Rose / 1,Aromahpure Black Tealight Ceramic Hand Design Diffuser with 15 ml Fragrance Oil (Charming Rose)+ Scented Tealight Candle (Pack of 20) - Rose / 1,Scented Candle & Wax,Scented Candle,599.0,738.0,18.83,calculated,,,,,,In Stock,20,15.0,ml,300.0,29.95,,199.67,https://aromahpure.com/products/copy-of-aromahpure-black-tealight-ceramic-hand-design-diffuser-with-15-ml-fragrance-oil-charming-rose,2026-09-24T05:03:54.351883+00:00,data/raw\aromapure\product_pages\8643814588698_46742137962778.html
8643804135706_46742101623066,AromaPure,AromaPure Official,Aromahpure Black Tealight Ceramic Hand Design Diffuser with 15 ml Fragrance Oil (White Sandalwood)+ Scented Tealight Candle (Pack of 20) - Sandalwood / 1,Aromahpure Black Tealight Ceramic Hand Design Diffuser with 15 ml Fragrance Oil (White Sandalwood)+ Scented Tealight Candle (Pack of 20) - Sandalwood / 1,Scented Candle & Wax,Scented Candle,599.0,738.0,18.83,calculated,,,,,,Out of Stock,20,15.0,ml,300.0,29.95,,199.67,https://aromahpure.com/products/copy-of-aromahpure-black-tealight-ceramic-hand-design-diffuser-with-15-ml-fragrance-oil-white-sandalwood,2026-09-24T05:03:54.351883+00:00,data/raw\aromapure\product_pages\8643804135706_46742101623066.html
8643800531226_46742083076378,AromaPure,AromaPure Official,Aromahpure Blue Tealight Ceramic Floral Design Diffuser with 15 ml Fragrance Oil (Joyful Lavender)+ Scented Tealight Candle (Pack of 20) - Lavender / 1,Aromahpure Blue Tealight Ceramic Floral Design Diffuser with 15 ml Fragrance Oil (Joyful Lavender)+ Scented Tealight Candle (Pack of 20) - Lavender / 1,Scented Candle & Wax,Scented Candle,599.0,738.0,18.83,calculated,,,,,,Out of Stock,20,15.0,ml,300.0,29.95,,199.67,https://aromahpure.com/products/copy-of-aromahpure-blue-tealight-ceramic-floral-design-diffuser-with-15-ml-fragrance-oil-joyful-lavender,2026-09-24T05:03:54.351883+00:00,data/raw\aromapure\product_pages\8643800531226_46742083076378.html
8643796664602_46742067151130,AromaPure,AromaPure Official,Aromahpure Blue Tealight Ceramic Floral Design Diffuser with 15 ml Fragrance Oil (Thai Lemongrass)+ Scented Tealight Candle (Pack of 20) - Lemongrass / 1,Aromahpure Blue Tealight Ceramic Floral Design Diffuser with 15 ml Fragrance Oil (Thai Lemongrass)+ Scented Tealight Candle (Pack of 20) - Lemongrass / 1,Scented Candle & Wax,Scented Candle,599.0,738.0,18.83,calculated,,,,,,Out of Stock,20,15.0,ml,300.0,29.95,,199.67,https://aromahpure.com/products/copy-of-aromahpure-blue-tealight-ceramic-floral-design-diffuser-with-15-ml-fragrance-oil-thai-lemongrass,2026-09-24T05:03:54.351883+00:00,data/raw\aromapure\product_pages\8643796664602_46742067151130.html
8643792470298_46742051258650,AromaPure,AromaPure Official,Aromahpure Blue Tealight Ceramic Floral Design Diffuser with 15 ml Fragrance Oil (Zesty Orange)+ Scented Tealight Candle (Pack of 20) - Orange / 1,Aromahpure Blue Tealight Ceramic Floral Design Diffuser with 15 ml Fragrance Oil (Zesty Orange)+ Scented Tealight Candle (Pack of 20) - Orange / 1,Scented Candle & Wax,Scented Candle,599.0,738.0,18.83,calculated,,,,,,Out of Stock,20,15.0,ml,300.0,29.95,,199.67,https://aromahpure.com/products/copy-of-aromahpure-blue-tealight-ceramic-floral-design-diffuser-with-15-ml-fragrance-oil-zesty-orange,2026-09-24T05:03:54.351883+00:00,data/raw\aromapure\product_pages\8643792470298_46742051258650.html
8643782148378_46742012363034,AromaPure,AromaPure Official,Aromahpure Blue Tealight Ceramic Floral Design Diffuser with 15 ml Fragrance Oil (Charming Rose)+ Scented Tealight Candle (Pack of 20) - Rose / 1,Aromahpure Blue Tealight Ceramic Floral Design Diffuser with 15 ml Fragrance Oil (Charming Rose)+ Scented Tealight Candle (Pack of 20) - Rose / 1,Scented Candle & Wax,Scented Candle,599.0,738.0,18.83,calculated,,,,,,Out of Stock,20,15.0,ml,300.0,29.95,,199.67,https://aromahpure.com/products/copy-of-aromahpure-blue-tealight-ceramic-floral-design-diffuser-with-15-ml-fragrance-oil-charming-rose,2026-09-24T05:03:54.351883+00:00,data/raw\aromapure\product_pages\8643782148378_46742012363034.html
8643690987802_46741716992282,AromaPure,AromaPure Official,Aromahpure Blue Tealight Ceramic Floral Design Diffuser with 15 ml Fragrance Oil (Ylang Ylang Secret)+ Scented Tealight Candle (Pack of 20) - Ylang -Ylang / 1,Aromahpure Blue Tealight Ceramic Floral Design Diffuser with 15 ml Fragrance Oil (Ylang Ylang Secret)+ Scented Tealight Candle (Pack of 20) - Ylang -Ylang / 1,Scented Candle & Wax,Scented Candle,599.0,738.0,18.83,calculated,,,,,,Out of Stock,20,15.0,ml,300.0,29.95,,199.67,https://aromahpure.com/products/copy-of-aromahpure-blue-tealight-ceramic-floral-design-diffuser-with-15-ml-fragrance-oil-ylang-ylang-secret,2026-09-24T05:03:54.351883+00:00,data/raw\aromapure\product_pages\8643690987802_46741716992282.html
8643688136986_46741695365402,AromaPure,AromaPure Official,Aromahpure Brown Tealight Ceramic Square with Bowl Design Diffuser with 15 ml Fragrance Oil (Thai Lemongrass)+ Scented Tealight Candle (Pack of 20) - Lemongrass / 1,Aromahpure Brown Tealight Ceramic Square with Bowl Design Diffuser with 15 ml Fragrance Oil (Thai Lemongrass)+ Scented Tealight Candle (Pack of 20) - Lemongrass / 1,Scented Candle & Wax,Scented Candle,599.0,738.0,18.83,calculated,,,,,,Out of Stock,20,15.0,ml,300.0,29.95,,199.67,https://aromahpure.com/products/copy-of-aromahpure-brown-tealight-ceramic-square-with-bowl-design-diffuser-with-15-ml-fragrance-oil-thai-lemongrass,2026-09-24T05:03:54.351883+00:00,data/raw\aromapure\product_pages\8643688136986_46741695365402.html
8643682205978_46741658009882,AromaPure,AromaPure Official,Aromahpure Brown Tealight Ceramic Square with Bowl Design Diffuser with 15 ml Fragrance Oil (Zesty Orange)+ Scented Tealight Candle (Pack of 20) - Orange / 1,Aromahpure Brown Tealight Ceramic Square with Bowl Design Diffuser with 15 ml Fragrance Oil (Zesty Orange)+ Scented Tealight Candle (Pack of 20) - Orange / 1,Scented Candle & Wax,Scented Candle,599.0,738.0,18.83,calculated,,,,,,Out of Stock,20,15.0,ml,300.0,29.95,,199.67,https://aromahpure.com/products/copy-of-aromahpure-brown-tealight-ceramic-square-with-bowl-design-diffuser-with-15-ml-fragrance-oil-zesty-orange,2026-09-24T05:03:54.351883+00:00,data/raw\aromapure\product_pages\8643682205978_46741658009882.html
8643672146202_46741636808986,AromaPure,AromaPure Official,Aromahpure Brown Tealight Ceramic Square with Bowl Design Diffuser with 15 ml Fragrance Oil (Peppermint Sensation)+ Scented Tealight Candle (Pack of 20) - Peppermint / 1,Aromahpure Brown Tealight Ceramic Square with Bowl Design Diffuser with 15 ml Fragrance Oil (Peppermint Sensation)+ Scented Tealight Candle (Pack of 20) - Peppermint / 1,Scented Candle & Wax,Scented Candle,599.0,738.0,18.83,calculated,,,,,,Out of Stock,20,15.0,ml,300.0,29.95,,199.67,https://aromahpure.com/products/copy-of-aromahpure-brown-tealight-ceramic-square-with-bowl-design-diffuser-with-15-ml-fragrance-oil-peppermint-sensation,2026-09-24T05:03:54.351883+00:00,data/raw\aromapure\product_pages\8643672146202_46741636808986.html
8643668345114_46741623570714,AromaPure,AromaPure Official,Aromahpure Brown Tealight Ceramic Square with Bowl Design Diffuser with 15 ml Fragrance Oil (Charming Rose)+ Scented Tealight Candle (Pack of 20) - Rose / 1,Aromahpure Brown Tealight Ceramic Square with Bowl Design Diffuser with 15 ml Fragrance Oil (Charming Rose)+ Scented Tealight Candle (Pack of 20) - Rose / 1,Scented Candle & Wax,Scented Candle,599.0,738.0,18.83,calculated,,,,,,Out of Stock,20,15.0,ml,300.0,29.95,,199.67,https://aromahpure.com/products/copy-of-aromahpure-brown-tealight-ceramic-square-with-bowl-design-diffuser-with-15-ml-fragrance-oil-charming-rose,2026-09-24T05:03:54.351883+00:00,data/raw\aromapure\product_pages\8643668345114_46741623570714.html
8643637870874_46741552693530,AromaPure,AromaPure Official,Aromahpure Brown Tealight Ceramic Square with Bowl Design Diffuser with 15 ml Fragrance Oil (Earthy Tea Tree)+ Scented Tealight Candle (Pack of 20) - Tea Tree / 1,Aromahpure Brown Tealight Ceramic Square with Bowl Design Diffuser with 15 ml Fragrance Oil (Earthy Tea Tree)+ Scented Tealight Candle (Pack of 20) - Tea Tree / 1,Scented Candle & Wax,Scented Candle,599.0,738.0,18.83,calculated,,,,,,Out of Stock,20,15.0,ml,300.0,29.95,,199.67,https://aromahpure.com/products/copy-of-aromahpure-brown-tealight-ceramic-square-with-bowl-design-diffuser-with-15-ml-fragrance-oil-earthy-tea-tree,2026-09-24T05:03:54.351883+00:00,data/raw\aromapure\product_pages\8643637870874_46741552693530.html
8643592814874_46741441249562,AromaPure,AromaPure Official,Aromahpure White Tealight Ceramic Cylindrical with Dots Design Diffuser with 15 ml Fragrance Oil (Joyful Lavender)+ Scented Tealight Candle (Pack of 20) - Lavender / 1,Aromahpure White Tealight Ceramic Cylindrical with Dots Design Diffuser with 15 ml Fragrance Oil (Joyful Lavender)+ Scented Tealight Candle (Pack of 20) - Lavender / 1,Scented Candle & Wax,Scented Candle,599.0,738.0,18.83,calculated,,,,,,In Stock,20,15.0,ml,300.0,29.95,,199.67,https://aromahpure.com/products/copy-of-aromahpure-white-tealight-ceramic-cylindrical-with-dots-design-diffuser-with-15-ml-fragrance-oil-joyful-lavender,2026-09-24T05:03:54.351883+00:00,data/raw\aromapure\product_pages\8643592814874_46741441249562.html
8643557785882_46741347696922,AromaPure,AromaPure Official,Aromahpure White Tealight Ceramic Cylindrical with Dots Design Diffuser with 15 ml Fragrance Oil (Thai Lemongrass)+ Scented Tealight Candle (Pack of 20) - Lemongrass / 1,Aromahpure White Tealight Ceramic Cylindrical with Dots Design Diffuser with 15 ml Fragrance Oil (Thai Lemongrass)+ Scented Tealight Candle (Pack of 20) - Lemongrass / 1,Scented Candle & Wax,Scented Candle,599.0,738.0,18.83,calculated,,,,,,In Stock,20,15.0,ml,300.0,29.95,,199.67,https://aromahpure.com/products/copy-of-aromahpure-white-tealight-ceramic-cylindrical-with-dots-design-diffuser-with-15-ml-fragrance-oil-thai-lemongrass,2026-09-24T05:03:54.351883+00:00,data/raw\aromapure\product_pages\8643557785882_46741347696922.html
8643552936218_46741302477082,AromaPure,AromaPure Official,Aromahpure White Tealight Ceramic Cylindrical with Dots Design Diffuser with 15 ml (Peppermint Sensation)+ Scented Tealight Candle (Pack of 20) - Peppermint / 1,Aromahpure White Tealight Ceramic Cylindrical with Dots Design Diffuser with 15 ml (Peppermint Sensation)+ Scented Tealight Candle (Pack of 20) - Peppermint / 1,Scented Candle & Wax,Scented Candle,599.0,738.0,18.83,calculated,,,,,,In Stock,20,15.0,ml,300.0,29.95,,199.67,https://aromahpure.com/products/copy-of-aromahpure-white-tealight-ceramic-cylindrical-with-dots-design-diffuser-with-15-ml-peppermint-sensation,2026-09-24T05:03:54.351883+00:00,data/raw\aromapure\product_pages\8643552936218_46741302477082.html
8643525869850_46741197029658,AromaPure,AromaPure Official,Aromahpure White Tealight Ceramic Cylindrical with Dots Design Diffuser with 15 ml Fragrance Oil (White Sandalwood)+ Scented Tealight Candle (Pack of 20) - Sandalwood / 1,Aromahpure White Tealight Ceramic Cylindrical with Dots Design Diffuser with 15 ml Fragrance Oil (White Sandalwood)+ Scented Tealight Candle (Pack of 20) - Sandalwood / 1,Scented Candle & Wax,Scented Candle,599.0,738.0,18.83,calculated,,,,,,In Stock,20,15.0,ml,300.0,29.95,,199.67,https://aromahpure.com/products/copy-of-aromahpure-white-tealight-ceramic-cylindrical-with-dots-design-diffuser-with-15-ml-fragrance-oil-white-sandalwood,2026-09-24T05:03:54.351883+00:00,data/raw\aromapure\product_pages\8643525869850_46741197029658.html
10113619624218_51664849666330,AromaPure,AromaPure Official,"Epsom Salt | Magnesium Sulphate | Detoxifies & Renews Skin | For Body Spa, Muscle Relaxing, Gardening & Plantation","Epsom Salt | Magnesium Sulphate | Detoxifies & Renews Skin | For Body Spa, Muscle Relaxing, Gardening & Plantation",Ambient Fragrance (General),Ambient Freshener,254.0,399.0,36.34,calculated,,,,,,In Stock,1,,,,254.0,,,https://aromahpure.com/products/epsom-salt-bath-detox,2026-09-24T05:03:54.351883+00:00,data/raw\aromapure\product_pages\10113619624218_51664849666330.html
10050110456090_51331087401242,AromaPure,AromaPure Official,Aromahpure Coconut Candle Gift Box,Aromahpure Coconut Candle Gift Box,Scented Candle & Wax,Scented Candle,899.0,1699.0,47.09,calculated,,78.0,,AromaPure Official,,In Stock,1,,,,899.0,,,https://aromahpure.com/products/aromahpure-coconut-candle-gift-box,2026-09-24T05:03:54.351883+00:00,data/raw\aromapure\product_pages\10050110456090_51331087401242.html
10050106294554_51331063054618,AromaPure,AromaPure Official,Aromahpure Glass Jar with Coconut Candle Gift Box,Aromahpure Glass Jar with Coconut Candle Gift Box,Scented Candle & Wax,Scented Candle,599.0,999.0,40.04,calculated,,67.0,,AromaPure Official,,In Stock,1,,,,599.0,,,https://aromahpure.com/products/green-candle-gift-box,2026-09-24T05:03:54.351883+00:00,data/raw\aromapure\product_pages\10050106294554_51331063054618.html
10041005572378_51575522754842,AromaPure,AromaPure Official,Aromahpure Closair - Shoe Rack and Wardrobe Air Freshener | Floral Fragrance,Aromahpure Closair - Shoe Rack and Wardrobe Air Freshener | Floral Fragrance,Ambient Fragrance (General),Ambient Freshener,299.0,399.0,25.06,calculated,,181.0,,AromaPure Official,,In Stock,1,,,,299.0,,,https://aromahpure.com/products/aromahpure-closair-shoe-rack-freshener-floral,2026-09-24T05:03:54.351883+00:00,data/raw\aromapure\product_pages\10041005572378_51575522754842.html
10041004785946_51575583736090,AromaPure,AromaPure Official,Aromahpure Closair - Shoe Rack and Wardrobe Air Freshener | Woody Fragrance,Aromahpure Closair - Shoe Rack and Wardrobe Air Freshener | Woody Fragrance,Ambient Fragrance (General),Ambient Freshener,299.0,399.0,25.06,calculated,,104.0,,AromaPure Official,,In Stock,1,,,,299.0,,,https://aromahpure.com/products/aromahpure-closair-shoe-rack-freshener-woody,2026-09-24T05:03:54.351883+00:00,data/raw\aromapure\product_pages\10041004785946_51575583736090.html
10041004392730_51575612506394,AromaPure,AromaPure Official,Aromahpure Closair - Shoe Rack and Wardrobe Air Freshener | Aqua Fragrance,Aromahpure Closair - Shoe Rack and Wardrobe Air Freshener | Aqua Fragrance,Ambient Fragrance (General),Ambient Freshener,299.0,399.0,25.06,calculated,,101.0,,AromaPure Official,,In Stock,1,,,,299.0,,,https://aromahpure.com/products/aromahpure-closair-shoe-rack-freshener-aqua,2026-09-24T05:03:54.351883+00:00,data/raw\aromapure\product_pages\10041004392730_51575612506394.html
10022704185626_51218421842202,AromaPure,AromaPure Official,Gel Wave Bathroom Freshener | Pack of 4 Boxes | Gel Based Hanging Pocket Freshener,Gel Wave Bathroom Freshener | Pack of 4 Boxes | Gel Based Hanging Pocket Freshener,Bathroom Freshener & Block,Block / Pocket Freshener,999.0,1499.0,33.36,calculated,,131.0,,AromaPure Official,,In Stock,4,1.0,count,4.0,249.75,,,https://aromahpure.com/products/gel-wave-bathroom-freshener-pack-of-4-boxes-gel-based-hanging-pocket-freshener,2026-09-24T05:03:54.351883+00:00,data/raw\aromapure\product_pages\10022704185626_51218421842202.html
9998595326234_51205635604762,AromaPure,AromaPure Official,"Aromahpure Black Fiber Reeds for Diffuser | 8-inch-Long Refill Reed Sticks (8"" x 3mm, Black) | 25 Pieces Set of Reed Diffuser Sticks only | Ideal Aroma Sticks for Room & Home Fragrance Oil diffusers - 100","Aromahpure Black Fiber Reeds for Diffuser | 8-inch-Long Refill Reed Sticks (8"" x 3mm, Black) | 25 Pieces Set of Reed Diffuser Sticks only | Ideal Aroma Sticks for Room & Home Fragrance Oil diffusers - 100",Automatic Spray & Refill,Automatic Refill / Device,349.0,,,unavailable,,,,,,In Stock,25,1.0,count,25.0,13.96,,,https://aromahpure.com/products/black-fiber-reeds-for-diffuser-8-inch-long-refill-reed-sticks-8-x-3mm-black-25-pieces-set-of-reed-diffuser-sticks-only-ideal-aroma-sticks-for-room-home-fragrance-oil-diffusers,2026-09-24T05:03:54.351883+00:00,data/raw\aromapure\product_pages\9998595326234_51205635604762.html
9998595326234_51205635637530,AromaPure,AromaPure Official,"Aromahpure Black Fiber Reeds for Diffuser | 8-inch-Long Refill Reed Sticks (8"" x 3mm, Black) | 25 Pieces Set of Reed Diffuser Sticks only | Ideal Aroma Sticks for Room & Home Fragrance Oil diffusers - 200","Aromahpure Black Fiber Reeds for Diffuser | 8-inch-Long Refill Reed Sticks (8"" x 3mm, Black) | 25 Pieces Set of Reed Diffuser Sticks only | Ideal Aroma Sticks for Room & Home Fragrance Oil diffusers - 200",Automatic Spray & Refill,Automatic Refill / Device,698.0,,,unavailable,,,,,,In Stock,25,1.0,count,25.0,27.92,,,https://aromahpure.com/products/black-fiber-reeds-for-diffuser-8-inch-long-refill-reed-sticks-8-x-3mm-black-25-pieces-set-of-reed-diffuser-sticks-only-ideal-aroma-sticks-for-room-home-fragrance-oil-diffusers,2026-09-24T05:03:54.351883+00:00,data/raw\aromapure\product_pages\9998595326234_51205635604762.html
9998595326234_51205635670298,AromaPure,AromaPure Official,"Aromahpure Black Fiber Reeds for Diffuser | 8-inch-Long Refill Reed Sticks (8"" x 3mm, Black) | 25 Pieces Set of Reed Diffuser Sticks only | Ideal Aroma Sticks for Room & Home Fragrance Oil diffusers - 1000","Aromahpure Black Fiber Reeds for Diffuser | 8-inch-Long Refill Reed Sticks (8"" x 3mm, Black) | 25 Pieces Set of Reed Diffuser Sticks only | Ideal Aroma Sticks for Room & Home Fragrance Oil diffusers - 1000",Automatic Spray & Refill,Automatic Refill / Device,3490.0,,,unavailable,,,,,,In Stock,25,1.0,count,25.0,139.6,,,https://aromahpure.com/products/black-fiber-reeds-for-diffuser-8-inch-long-refill-reed-sticks-8-x-3mm-black-25-pieces-set-of-reed-diffuser-sticks-only-ideal-aroma-sticks-for-room-home-fragrance-oil-diffusers,2026-09-24T05:03:54.351883+00:00,data/raw\aromapure\product_pages\9998595326234_51205635604762.html
9987659039002_51043460317466,AromaPure,AromaPure Official,3 Wick Aroma Candle | Vanilla,3 Wick Aroma Candle | Vanilla,Scented Candle & Wax,Scented Candle,199.0,225.0,11.56,calculated,,39.0,,AromaPure Official,,In Stock,1,,,,199.0,,,https://aromahpure.com/products/vanilla-3-wick-candle-in-container-with-lid-85g-burn-time-7-hours-scented-candle-relaxing,2026-09-24T05:03:54.351883+00:00,data/raw\aromapure\product_pages\9987659039002_51043460317466.html
9987477111066_51042802368794,AromaPure,AromaPure Official,3 Wick Aroma Candle | Lavender,3 Wick Aroma Candle | Lavender,Scented Candle & Wax,Scented Candle,199.0,225.0,11.56,calculated,,38.0,,AromaPure Official,,In Stock,1,,,,199.0,,,https://aromahpure.com/products/lavender-3-wick-candle-in-container-with-lid-85g-burn-time-7-hours,2026-09-24T05:03:54.351883+00:00,data/raw\aromapure\product_pages\9987477111066_51042802368794.html
9987476979994_51042801713434,AromaPure,AromaPure Official,3 Wick Aroma Candle | Lemon,3 Wick Aroma Candle | Lemon,Scented Candle & Wax,Scented Candle,199.0,225.0,11.56,calculated,,39.0,,AromaPure Official,,In Stock,1,,,,199.0,,,https://aromahpure.com/products/lemon-3-wick-candle-in-container-with-lid-85g-burn-time-7-hours,2026-09-24T05:03:54.351883+00:00,data/raw\aromapure\product_pages\9987476979994_51042801713434.html
9987476324634_51042798698778,AromaPure,AromaPure Official,Mini Votive Aroma Candles | Vanilla | Pack of 6,Mini Votive Aroma Candles | Vanilla | Pack of 6,Scented Candle & Wax,Scented Candle,175.0,199.0,12.06,calculated,,,,,,In Stock,6,1.0,count,6.0,29.17,,,https://aromahpure.com/products/vanilla-scented-set-of-6-votive-candles-3-x-3-5-cm-aroma-candles-with-long-lasting-fragrance-burn-time-7-hours-each,2026-09-24T05:03:54.351883+00:00,data/raw\aromapure\product_pages\9987476324634_51042798698778.html
9987475996954_51042796241178,AromaPure,AromaPure Official,Mini Votive Aroma Candles | Lavender | Pack of 6,Mini Votive Aroma Candles | Lavender | Pack of 6,Scented Candle & Wax,Scented Candle,175.0,199.0,12.06,calculated,,,,,,In Stock,6,1.0,count,6.0,29.17,,,https://aromahpure.com/products/lavender-scented-set-of-6-votive-candles-for-home-decor-gifting,2026-09-24T05:03:54.351883+00:00,data/raw\aromapure\product_pages\9987475996954_51042796241178.html
9987473506586_51042773008666,AromaPure,AromaPure Official,Mini Votive Aroma Candles | Lemon | Pack of 6,Mini Votive Aroma Candles | Lemon | Pack of 6,Scented Candle & Wax,Scented Candle,175.0,199.0,12.06,calculated,,,,,,In Stock,6,1.0,count,6.0,29.17,,,https://aromahpure.com/products/lemon-scented-set-of-6-votive-candles-for-home-decor-gifting,2026-09-24T05:03:54.351883+00:00,data/raw\aromapure\product_pages\9987473506586_51042773008666.html
9987468132634_51042721366298,AromaPure,AromaPure Official,Gel Wave - Gel Based Bathroom Freshener | Set of 5,Gel Wave - Gel Based Bathroom Freshener | Set of 5,Bathroom Freshener & Block,Block / Pocket Freshener,199.0,275.0,27.64,calculated,,108.0,,AromaPure Official,,In Stock,5,1.0,count,5.0,39.8,,,https://aromahpure.com/products/gel-wave-bathroom-freshener-assorted-50g-10g-each-set-of-5-gel-based-hanging-pocket-freshener-lasts-up-to-30-days,2026-09-24T05:03:54.351883+00:00,data/raw\aromapure\product_pages\9987468132634_51042721366298.html
9973723496730_50977162002714,AromaPure,AromaPure Official,Reed Diffuser - Spiced Cinnamon | 60 ML | 4 Reed Sticks - 1,Reed Diffuser - Spiced Cinnamon | 60 ML | 4 Reed Sticks - 1,Reed Diffuser & Fragrance Oil,Diffuser / Aroma Oil,399.0,499.0,20.04,calculated,,47.0,,AromaPure Official,,In Stock,1,60.0,ml,60.0,399.0,,665.0,https://aromahpure.com/products/reed-diffuser-cinnamon-60-ml-with-4-fiber-reed-sticks,2026-09-24T05:03:54.351883+00:00,data/raw\aromapure\product_pages\9973723496730_50977162002714.html
9973723496730_50977162035482,AromaPure,AromaPure Official,Reed Diffuser - Spiced Cinnamon | 60 ML | 4 Reed Sticks - 2,Reed Diffuser - Spiced Cinnamon | 60 ML | 4 Reed Sticks - 2,Reed Diffuser & Fragrance Oil,Diffuser / Aroma Oil,759.0,998.0,23.95,calculated,,47.0,,AromaPure Official,,In Stock,1,60.0,ml,60.0,759.0,,1265.0,https://aromahpure.com/products/reed-diffuser-cinnamon-60-ml-with-4-fiber-reed-sticks,2026-09-24T05:03:54.351883+00:00,data/raw\aromapure\product_pages\9973723496730_50977162002714.html
9973723496730_50977162068250,AromaPure,AromaPure Official,Reed Diffuser - Spiced Cinnamon | 60 ML | 4 Reed Sticks - 3,Reed Diffuser - Spiced Cinnamon | 60 ML | 4 Reed Sticks - 3,Reed Diffuser & Fragrance Oil,Diffuser / Aroma Oil,1080.0,1497.0,27.86,calculated,,47.0,,AromaPure Official,,In Stock,1,60.0,ml,60.0,1080.0,,1800.0,https://aromahpure.com/products/reed-diffuser-cinnamon-60-ml-with-4-fiber-reed-sticks,2026-09-24T05:03:54.351883+00:00,data/raw\aromapure\product_pages\9973723496730_50977162002714.html
9973720023322_50977154236698,AromaPure,AromaPure Official,Reed Diffuser - Royal Oudh | 60 ML | 4 Reed Sticks - 1,Reed Diffuser - Royal Oudh | 60 ML | 4 Reed Sticks - 1,Reed Diffuser & Fragrance Oil,Diffuser / Aroma Oil,399.0,499.0,20.04,calculated,,47.0,,AromaPure Official,,In Stock,1,60.0,ml,60.0,399.0,,665.0,https://aromahpure.com/products/reed-diffuser-oudh-60-ml-with-4-fiber-reed-sticks,2026-09-24T05:03:54.351883+00:00,data/raw\aromapure\product_pages\9973720023322_50977154236698.html
9973720023322_50977154269466,AromaPure,AromaPure Official,Reed Diffuser - Royal Oudh | 60 ML | 4 Reed Sticks - 2,Reed Diffuser - Royal Oudh | 60 ML | 4 Reed Sticks - 2,Reed Diffuser & Fragrance Oil,Diffuser / Aroma Oil,759.0,998.0,23.95,calculated,,47.0,,AromaPure Official,,In Stock,1,60.0,ml,60.0,759.0,,1265.0,https://aromahpure.com/products/reed-diffuser-oudh-60-ml-with-4-fiber-reed-sticks,2026-09-24T05:03:54.351883+00:00,data/raw\aromapure\product_pages\9973720023322_50977154236698.html
9973720023322_50977154302234,AromaPure,AromaPure Official,Reed Diffuser - Royal Oudh | 60 ML | 4 Reed Sticks - 3,Reed Diffuser - Royal Oudh | 60 ML | 4 Reed Sticks - 3,Reed Diffuser & Fragrance Oil,Diffuser / Aroma Oil,1080.0,1497.0,27.86,calculated,,47.0,,AromaPure Official,,In Stock,1,60.0,ml,60.0,1080.0,,1800.0,https://aromahpure.com/products/reed-diffuser-oudh-60-ml-with-4-fiber-reed-sticks,2026-09-24T05:03:54.351883+00:00,data/raw\aromapure\product_pages\9973720023322_50977154236698.html
9973048803610_50974408605978,AromaPure,AromaPure Official,Reed Diffuser - Mahogany Woods | 60 ML | 4 Reed Sticks - 1,Reed Diffuser - Mahogany Woods | 60 ML | 4 Reed Sticks - 1,Reed Diffuser & Fragrance Oil,Diffuser / Aroma Oil,399.0,499.0,20.04,calculated,,46.0,,AromaPure Official,,In Stock,1,60.0,ml,60.0,399.0,,665.0,https://aromahpure.com/products/premium-reed-diffuser-mahogany-60-ml-with-4-fiber-reed-sticks,2026-09-24T05:03:54.351883+00:00,data/raw\aromapure\product_pages\9973048803610_50974408605978.html
9973048803610_50974408638746,AromaPure,AromaPure Official,Reed Diffuser - Mahogany Woods | 60 ML | 4 Reed Sticks - 2,Reed Diffuser - Mahogany Woods | 60 ML | 4 Reed Sticks - 2,Reed Diffuser & Fragrance Oil,Diffuser / Aroma Oil,759.0,998.0,23.95,calculated,,46.0,,AromaPure Official,,In Stock,1,60.0,ml,60.0,759.0,,1265.0,https://aromahpure.com/products/premium-reed-diffuser-mahogany-60-ml-with-4-fiber-reed-sticks,2026-09-24T05:03:54.351883+00:00,data/raw\aromapure\product_pages\9973048803610_50974408605978.html
9973048803610_50974408671514,AromaPure,AromaPure Official,Reed Diffuser - Mahogany Woods | 60 ML | 4 Reed Sticks - 3,Reed Diffuser - Mahogany Woods | 60 ML | 4 Reed Sticks - 3,Reed Diffuser & Fragrance Oil,Diffuser / Aroma Oil,1080.0,1497.0,27.86,calculated,,46.0,,AromaPure Official,,In Stock,1,60.0,ml,60.0,1080.0,,1800.0,https://aromahpure.com/products/premium-reed-diffuser-mahogany-60-ml-with-4-fiber-reed-sticks,2026-09-24T05:03:54.351883+00:00,data/raw\aromapure\product_pages\9973048803610_50974408605978.html
9972992082202_50973963911450,AromaPure,AromaPure Official,Reed Diffuser - Aqua | 60 ML | 4 Reed Sticks - 1,Reed Diffuser - Aqua | 60 ML | 4 Reed Sticks - 1,Reed Diffuser & Fragrance Oil,Diffuser / Aroma Oil,399.0,499.0,20.04,calculated,,46.0,,AromaPure Official,,In Stock,1,60.0,ml,60.0,399.0,,665.0,https://aromahpure.com/products/premium-reed-diffuser-aqua-60-ml-with-4-fiber-reed-sticks,2026-09-24T05:03:54.351883+00:00,data/raw\aromapure\product_pages\9972992082202_50973963911450.html
9972992082202_50973963944218,AromaPure,AromaPure Official,Reed Diffuser - Aqua | 60 ML | 4 Reed Sticks - 2,Reed Diffuser - Aqua | 60 ML | 4 Reed Sticks - 2,Reed Diffuser & Fragrance Oil,Diffuser / Aroma Oil,759.0,998.0,23.95,calculated,,46.0,,AromaPure Official,,In Stock,1,60.0,ml,60.0,759.0,,1265.0,https://aromahpure.com/products/premium-reed-diffuser-aqua-60-ml-with-4-fiber-reed-sticks,2026-09-24T05:03:54.351883+00:00,data/raw\aromapure\product_pages\9972992082202_50973963911450.html
9972992082202_50973963976986,AromaPure,AromaPure Official,Reed Diffuser - Aqua | 60 ML | 4 Reed Sticks - 3,Reed Diffuser - Aqua | 60 ML | 4 Reed Sticks - 3,Reed Diffuser & Fragrance Oil,Diffuser / Aroma Oil,1080.0,1497.0,27.86,calculated,,46.0,,AromaPure Official,,In Stock,1,60.0,ml,60.0,1080.0,,1800.0,https://aromahpure.com/products/premium-reed-diffuser-aqua-60-ml-with-4-fiber-reed-sticks,2026-09-24T05:03:54.351883+00:00,data/raw\aromapure\product_pages\9972992082202_50973963911450.html
9942102016282_50837121990938,AromaPure,AromaPure Official,Aromahpure 6-in-1 Fragrance Essentials Combo – Multi-Format Fragrance Set for Home and Car,Aromahpure 6-in-1 Fragrance Essentials Combo – Multi-Format Fragrance Set for Home and Car,Ambient Fragrance (General),Ambient Freshener,999.0,1949.0,48.74,calculated,,,,,,Out of Stock,1,,,,999.0,,,https://aromahpure.com/products/aromahpure-6-in-1-fragrance-essentials-combo-multi-format-fragrance-set-for-home-and-car,2026-09-24T05:03:54.351883+00:00,data/raw\aromapure\product_pages\9942102016282_50837121990938.html
9959485964570_50914755608858,AromaPure,AromaPure Official,Aromahpure 4 in 1 Fragrance Essentials Combo | Multi Format Fragrance Set for Home and Car,Aromahpure 4 in 1 Fragrance Essentials Combo | Multi Format Fragrance Set for Home and Car,Ambient Fragrance (General),Ambient Freshener,800.0,1884.0,57.54,calculated,,43.0,,AromaPure Official,,In Stock,1,,,,800.0,,,https://aromahpure.com/products/aromahpure-4-in-1-fragrance-essentials-combo-multi-format-fragrance-set-for-home-and-car,2026-09-24T05:03:54.351883+00:00,data/raw\aromapure\product_pages\9959485964570_50914755608858.html
9958917931290_50912072335642,AromaPure,AromaPure Official,Reed Oil - Aroma oil for Reed Diffuser | Warm Vanilla | 100 ml,Reed Oil - Aroma oil for Reed Diffuser | Warm Vanilla | 100 ml,Reed Diffuser & Fragrance Oil,Diffuser / Aroma Oil,325.0,599.0,45.74,calculated,,,,,,In Stock,1,100.0,ml,100.0,325.0,,325.0,https://aromahpure.com/products/reed-diffuser-oil-100ml-vanilla-fragrance-refill-reed-oil-for-diffuser,2026-09-24T05:03:54.351883+00:00,data/raw\aromapure\product_pages\9958917931290_50912072335642.html
9958915342618_50912028852506,AromaPure,AromaPure Official,Reed Oil - Aroma Oil for Reed Diffuser | Thai Lemongrass | 100 ml,Reed Oil - Aroma Oil for Reed Diffuser | Thai Lemongrass | 100 ml,Reed Diffuser & Fragrance Oil,Diffuser / Aroma Oil,325.0,599.0,45.74,calculated,,,,,,In Stock,1,100.0,ml,100.0,325.0,,325.0,https://aromahpure.com/products/reed-diffuser-oil-100ml-lemongrass-fragrance-refill-reed-oil-for-diffuser,2026-09-24T05:03:54.351883+00:00,data/raw\aromapure\product_pages\9958915342618_50912028852506.html
9958912688410_50912015548698,AromaPure,AromaPure Official,Reed Oil - Aroma oil for Reed Diffuser | White Jasmine | 100 ml,Reed Oil - Aroma oil for Reed Diffuser | White Jasmine | 100 ml,Reed Diffuser & Fragrance Oil,Diffuser / Aroma Oil,325.0,599.0,45.74,calculated,,,,,,In Stock,1,100.0,ml,100.0,325.0,,325.0,https://aromahpure.com/products/reed-diffuser-oil-100ml-white-jasmine-fragrance-refill-reed-oil-for-diffuser,2026-09-24T05:03:54.351883+00:00,data/raw\aromapure\product_pages\9958912688410_50912015548698.html
9957441929498_50905285689626,AromaPure,AromaPure Official,Reed Oil - Aroma Oil for Reed Diffuser | French Lavender | 100 ml,Reed Oil - Aroma Oil for Reed Diffuser | French Lavender | 100 ml,Reed Diffuser & Fragrance Oil,Diffuser / Aroma Oil,325.0,599.0,45.74,calculated,,,,,,In Stock,1,100.0,ml,100.0,325.0,,325.0,https://aromahpure.com/products/reed-diffuser-oil-100ml-lavender-fragrance-refill-reed-oil-for-diffuser,2026-09-24T05:03:54.351883+00:00,data/raw\aromapure\product_pages\9957441929498_50905285689626.html
9951392989466_50876096446746,AromaPure,AromaPure Official,Air Revitalizer - Filters and humidifies air | Black,Air Revitalizer - Filters and humidifies air | Black,Ambient Fragrance (General),Ambient Freshener,1899.0,2499.0,24.01,calculated,,,,,,In Stock,1,,,,1899.0,,,https://aromahpure.com/products/air-revitalizer-1800ml-black-air-humidifier-with-built-in-blue-led-light,2026-09-24T05:03:54.351883+00:00,data/raw\aromapure\product_pages\9951392989466_50876096446746.html
9951391973658_50876089205018,AromaPure,AromaPure Official,Air Revitalizer - Filters and Humidifies Air | White,Air Revitalizer - Filters and Humidifies Air | White,Ambient Fragrance (General),Ambient Freshener,1899.0,2499.0,24.01,calculated,,,,,,In Stock,1,,,,1899.0,,,https://aromahpure.com/products/air-revitalizer-1800ml-white-air-humidifier-with-built-in-blue-led-light,2026-09-24T05:03:54.351883+00:00,data/raw\aromapure\product_pages\9951391973658_50876089205018.html
9950391763226_50871089561882,AromaPure,AromaPure Official,"Aromahpure Tealight Ceramic Diffuser Pentagon Type Black Diffuser for Home, Mandir, Office, Desk Decoratives, Gifting","Aromahpure Tealight Ceramic Diffuser Pentagon Type Black Diffuser for Home, Mandir, Office, Desk Decoratives, Gifting",Reed Diffuser & Fragrance Oil,Diffuser / Aroma Oil,399.0,599.0,33.39,calculated,,,,,,Out of Stock,1,,,,399.0,,,https://aromahpure.com/products/tealight-ceramic-diffuser-pentagon-type-black-diffuser-for-home-mandir-office-desk-decoratives-gifting,2026-09-24T05:03:54.351883+00:00,data/raw\aromapure\product_pages\9950391763226_50871089561882.html
9612054233370_49762959589658,AromaPure,AromaPure Official,Reed Diffuser - Warm Vanilla | 60 ML | 4 Reed Sticks - 1,Reed Diffuser - Warm Vanilla | 60 ML | 4 Reed Sticks - 1,Reed Diffuser & Fragrance Oil,Diffuser / Aroma Oil,399.0,499.0,20.04,calculated,,46.0,,AromaPure Official,,In Stock,1,60.0,ml,60.0,399.0,,665.0,https://aromahpure.com/products/premium-vanilla-reed-diffuser-60-ml-with-6-fiber-reed-sticks,2026-09-24T05:03:54.351883+00:00,data/raw\aromapure\product_pages\9612054233370_49762959589658.html
9612054233370_50198989668634,AromaPure,AromaPure Official,Reed Diffuser - Warm Vanilla | 60 ML | 4 Reed Sticks - 2,Reed Diffuser - Warm Vanilla | 60 ML | 4 Reed Sticks - 2,Reed Diffuser & Fragrance Oil,Diffuser / Aroma Oil,759.0,998.0,23.95,calculated,,46.0,,AromaPure Official,,In Stock,1,60.0,ml,60.0,759.0,,1265.0,https://aromahpure.com/products/premium-vanilla-reed-diffuser-60-ml-with-6-fiber-reed-sticks,2026-09-24T05:03:54.351883+00:00,data/raw\aromapure\product_pages\9612054233370_49762959589658.html
9612054233370_50198989701402,AromaPure,AromaPure Official,Reed Diffuser - Warm Vanilla | 60 ML | 4 Reed Sticks - 3,Reed Diffuser - Warm Vanilla | 60 ML | 4 Reed Sticks - 3,Reed Diffuser & Fragrance Oil,Diffuser / Aroma Oil,1080.0,1497.0,27.86,calculated,,46.0,,AromaPure Official,,In Stock,1,60.0,ml,60.0,1080.0,,1800.0,https://aromahpure.com/products/premium-vanilla-reed-diffuser-60-ml-with-6-fiber-reed-sticks,2026-09-24T05:03:54.351883+00:00,data/raw\aromapure\product_pages\9612054233370_49762959589658.html
9612057411866_49762966044954,AromaPure,AromaPure Official,Reed Diffuser- Thai Lemongrass | 60 ML | 4 Reed Sticks - 1,Reed Diffuser- Thai Lemongrass | 60 ML | 4 Reed Sticks - 1,Reed Diffuser & Fragrance Oil,Diffuser / Aroma Oil,399.0,499.0,20.04,calculated,,46.0,,AromaPure Official,,In Stock,1,60.0,ml,60.0,399.0,,665.0,https://aromahpure.com/products/premium-lemongrass-reed-diffuser-60-ml-with-6-fiber-reed-sticks,2026-09-24T05:03:54.351883+00:00,data/raw\aromapure\product_pages\9612057411866_49762966044954.html
9612057411866_50198987178266,AromaPure,AromaPure Official,Reed Diffuser- Thai Lemongrass | 60 ML | 4 Reed Sticks - 2,Reed Diffuser- Thai Lemongrass | 60 ML | 4 Reed Sticks - 2,Reed Diffuser & Fragrance Oil,Diffuser / Aroma Oil,759.0,998.0,23.95,calculated,,46.0,,AromaPure Official,,In Stock,1,60.0,ml,60.0,759.0,,1265.0,https://aromahpure.com/products/premium-lemongrass-reed-diffuser-60-ml-with-6-fiber-reed-sticks,2026-09-24T05:03:54.351883+00:00,data/raw\aromapure\product_pages\9612057411866_49762966044954.html
9612057411866_50198987211034,AromaPure,AromaPure Official,Reed Diffuser- Thai Lemongrass | 60 ML | 4 Reed Sticks - 3,Reed Diffuser- Thai Lemongrass | 60 ML | 4 Reed Sticks - 3,Reed Diffuser & Fragrance Oil,Diffuser / Aroma Oil,1080.0,1497.0,27.86,calculated,,46.0,,AromaPure Official,,In Stock,1,60.0,ml,60.0,1080.0,,1800.0,https://aromahpure.com/products/premium-lemongrass-reed-diffuser-60-ml-with-6-fiber-reed-sticks,2026-09-24T05:03:54.351883+00:00,data/raw\aromapure\product_pages\9612057411866_49762966044954.html
9612008751386_49762864431386,AromaPure,AromaPure Official,Reed Diffuser - French Lavender | 60 ML | 4 Reed Sticks - 1,Reed Diffuser - French Lavender | 60 ML | 4 Reed Sticks - 1,Reed Diffuser & Fragrance Oil,Diffuser / Aroma Oil,399.0,499.0,20.04,calculated,,46.0,,AromaPure Official,,In Stock,1,60.0,ml,60.0,399.0,,665.0,https://aromahpure.com/products/premium-french-lavender-reed-diffuser-60-ml-with-6-fiber-reed-sticks,2026-09-24T05:03:54.351883+00:00,data/raw\aromapure\product_pages\9612008751386_49762864431386.html
9612008751386_50198977380634,AromaPure,AromaPure Official,Reed Diffuser - French Lavender | 60 ML | 4 Reed Sticks - 2,Reed Diffuser - French Lavender | 60 ML | 4 Reed Sticks - 2,Reed Diffuser & Fragrance Oil,Diffuser / Aroma Oil,759.0,998.0,23.95,calculated,,46.0,,AromaPure Official,,In Stock,1,60.0,ml,60.0,759.0,,1265.0,https://aromahpure.com/products/premium-french-lavender-reed-diffuser-60-ml-with-6-fiber-reed-sticks,2026-09-24T05:03:54.351883+00:00,data/raw\aromapure\product_pages\9612008751386_49762864431386.html
9612008751386_50198977413402,AromaPure,AromaPure Official,Reed Diffuser - French Lavender | 60 ML | 4 Reed Sticks - 3,Reed Diffuser - French Lavender | 60 ML | 4 Reed Sticks - 3,Reed Diffuser & Fragrance Oil,Diffuser / Aroma Oil,1080.0,1497.0,27.86,calculated,,46.0,,AromaPure Official,,In Stock,1,60.0,ml,60.0,1080.0,,1800.0,https://aromahpure.com/products/premium-french-lavender-reed-diffuser-60-ml-with-6-fiber-reed-sticks,2026-09-24T05:03:54.351883+00:00,data/raw\aromapure\product_pages\9612008751386_49762864431386.html
9612020875546_49762895462682,AromaPure,AromaPure Official,Reed Diffuser - White Jasmine | 60 ML | 4 Reed Sticks - 1,Reed Diffuser - White Jasmine | 60 ML | 4 Reed Sticks - 1,Reed Diffuser & Fragrance Oil,Diffuser / Aroma Oil,399.0,499.0,20.04,calculated,,46.0,,AromaPure Official,,In Stock,1,60.0,ml,60.0,399.0,,665.0,https://aromahpure.com/products/premium-jasmine-reed-diffuser-60-ml-with-6-fiber-reed-sticks,2026-09-24T05:03:54.351883+00:00,data/raw\aromapure\product_pages\9612020875546_49762895462682.html
9612020875546_50198989603098,AromaPure,AromaPure Official,Reed Diffuser - White Jasmine | 60 ML | 4 Reed Sticks - 2,Reed Diffuser - White Jasmine | 60 ML | 4 Reed Sticks - 2,Reed Diffuser & Fragrance Oil,Diffuser / Aroma Oil,759.0,998.0,23.95,calculated,,46.0,,AromaPure Official,,In Stock,1,60.0,ml,60.0,759.0,,1265.0,https://aromahpure.com/products/premium-jasmine-reed-diffuser-60-ml-with-6-fiber-reed-sticks,2026-09-24T05:03:54.351883+00:00,data/raw\aromapure\product_pages\9612020875546_49762895462682.html
9612020875546_50198989635866,AromaPure,AromaPure Official,Reed Diffuser - White Jasmine | 60 ML | 4 Reed Sticks - 3,Reed Diffuser - White Jasmine | 60 ML | 4 Reed Sticks - 3,Reed Diffuser & Fragrance Oil,Diffuser / Aroma Oil,1080.0,1497.0,27.86,calculated,,46.0,,AromaPure Official,,In Stock,1,60.0,ml,60.0,1080.0,,1800.0,https://aromahpure.com/products/premium-jasmine-reed-diffuser-60-ml-with-6-fiber-reed-sticks,2026-09-24T05:03:54.351883+00:00,data/raw\aromapure\product_pages\9612020875546_49762895462682.html
9630171496730_49820712337690,AromaPure,AromaPure Official,Aromahpure Premium Car Dashboard Black,Aromahpure Premium Car Dashboard Black,Ambient Fragrance (General),Ambient Freshener,589.0,599.0,1.67,calculated,,,,,,In Stock,1,,,,589.0,,,https://aromahpure.com/products/premium-car-dashboard-black,2026-09-24T05:03:54.351883+00:00,data/raw\aromapure\product_pages\9630171496730_49820712337690.html
9610018586906_49752139596058,AromaPure,AromaPure Official,Aromahpure Car Humidifier Black (To Meet by Chance) - 1,Aromahpure Car Humidifier Black (To Meet by Chance) - 1,Ambient Fragrance (General),Ambient Freshener,1799.0,,,unavailable,,,,,,Out of Stock,1,,,,1799.0,,,https://aromahpure.com/products/aromahpure-car-humidifier-black-to-meet-by-chance,2026-09-24T05:03:54.351883+00:00,data/raw\aromapure\product_pages\9610018586906_49752139596058.html
9610018586906_49752139628826,AromaPure,AromaPure Official,Aromahpure Car Humidifier Black (To Meet by Chance) - 2,Aromahpure Car Humidifier Black (To Meet by Chance) - 2,Ambient Fragrance (General),Ambient Freshener,3400.0,,,unavailable,,,,,,In Stock,1,,,,3400.0,,,https://aromahpure.com/products/aromahpure-car-humidifier-black-to-meet-by-chance,2026-09-24T05:03:54.351883+00:00,data/raw\aromapure\product_pages\9610018586906_49752139596058.html
9610018586906_49752139661594,AromaPure,AromaPure Official,Aromahpure Car Humidifier Black (To Meet by Chance) - 3,Aromahpure Car Humidifier Black (To Meet by Chance) - 3,Ambient Fragrance (General),Ambient Freshener,4899.0,,,unavailable,,,,,,In Stock,1,,,,4899.0,,,https://aromahpure.com/products/aromahpure-car-humidifier-black-to-meet-by-chance,2026-09-24T05:03:54.351883+00:00,data/raw\aromapure\product_pages\9610018586906_49752139596058.html
9609985917210_49751792189722,AromaPure,AromaPure Official,"Sleek Car Vent Clip Perfume | Car Accessories | AC Vent Stick Air Freshener Aroma Diffuser | Cologne Natural Fragrance | Spill-Proof, Long-Lasting (Up to 45 Days) - 1","Sleek Car Vent Clip Perfume | Car Accessories | AC Vent Stick Air Freshener Aroma Diffuser | Cologne Natural Fragrance | Spill-Proof, Long-Lasting (Up to 45 Days) - 1",Reed Diffuser & Fragrance Oil,Diffuser / Aroma Oil,599.0,,,unavailable,,,,,,In Stock,1,,,,599.0,,,https://aromahpure.com/products/stick-car-vent-air-freshener-cologne,2026-09-24T05:03:54.351883+00:00,data/raw\aromapure\product_pages\9609985917210_49751792189722.html
9609985917210_49751792222490,AromaPure,AromaPure Official,"Sleek Car Vent Clip Perfume | Car Accessories | AC Vent Stick Air Freshener Aroma Diffuser | Cologne Natural Fragrance | Spill-Proof, Long-Lasting (Up to 45 Days) - 2","Sleek Car Vent Clip Perfume | Car Accessories | AC Vent Stick Air Freshener Aroma Diffuser | Cologne Natural Fragrance | Spill-Proof, Long-Lasting (Up to 45 Days) - 2",Reed Diffuser & Fragrance Oil,Diffuser / Aroma Oil,1198.0,,,unavailable,,,,,,Out of Stock,1,,,,1198.0,,,https://aromahpure.com/products/stick-car-vent-air-freshener-cologne,2026-09-24T05:03:54.351883+00:00,data/raw\aromapure\product_pages\9609985917210_49751792189722.html
9609985917210_49751792255258,AromaPure,AromaPure Official,"Sleek Car Vent Clip Perfume | Car Accessories | AC Vent Stick Air Freshener Aroma Diffuser | Cologne Natural Fragrance | Spill-Proof, Long-Lasting (Up to 45 Days) - 3","Sleek Car Vent Clip Perfume | Car Accessories | AC Vent Stick Air Freshener Aroma Diffuser | Cologne Natural Fragrance | Spill-Proof, Long-Lasting (Up to 45 Days) - 3",Reed Diffuser & Fragrance Oil,Diffuser / Aroma Oil,1797.0,,,unavailable,,,,,,Out of Stock,1,,,,1797.0,,,https://aromahpure.com/products/stick-car-vent-air-freshener-cologne,2026-09-24T05:03:54.351883+00:00,data/raw\aromapure\product_pages\9609985917210_49751792189722.html
9617728078106_49780375257370,AromaPure,AromaPure Official,"Fragrance Oil - Aroma oil for aroma therapy, diffusers, candles and air fresheners | Jasmine 1L","Fragrance Oil - Aroma oil for aroma therapy, diffusers, candles and air fresheners | Jasmine 1L",Scented Candle & Wax,Scented Candle,1699.0,7999.0,78.76,calculated,,,,,,In Stock,1,1000.0,ml,1000.0,1699.0,,169.9,https://aromahpure.com/products/jasmine-fragrance-oil-1000-ml,2026-09-24T05:03:54.351883+00:00,data/raw\aromapure\product_pages\9617728078106_49780375257370.html
9617725686042_49780368703770,AromaPure,AromaPure Official,"Fragrance Oil - Aroma oil for aroma therapy, diffusers, candles and air fresheners | Rose 1L","Fragrance Oil - Aroma oil for aroma therapy, diffusers, candles and air fresheners | Rose 1L",Scented Candle & Wax,Scented Candle,1699.0,7999.0,78.76,calculated,,,,,,In Stock,1,1000.0,ml,1000.0,1699.0,,169.9,https://aromahpure.com/products/rose-fragrance-oil-1000-ml,2026-09-24T05:03:54.351883+00:00,data/raw\aromapure\product_pages\9617725686042_49780368703770.html
9617724965146_49780367098138,AromaPure,AromaPure Official,"Fragrance Oil - Aroma Oil for Aroma Therapy, Diffusers, Candles and Air Fresheners | Cinnamon 1L","Fragrance Oil - Aroma Oil for Aroma Therapy, Diffusers, Candles and Air Fresheners | Cinnamon 1L",Scented Candle & Wax,Scented Candle,1699.0,7999.0,78.76,calculated,,1.0,,AromaPure Official,,In Stock,1,1000.0,ml,1000.0,1699.0,,169.9,https://aromahpure.com/products/cinnamon-fragrance-oil-1000-ml,2026-09-24T05:03:54.351883+00:00,data/raw\aromapure\product_pages\9617724965146_49780367098138.html
9617720836378_49780359725338,AromaPure,AromaPure Official,"Fragrance Oil - Aroma oil for aroma therapy, diffusers, candles and air fresheners | Lemongrass 1L","Fragrance Oil - Aroma oil for aroma therapy, diffusers, candles and air fresheners | Lemongrass 1L",Scented Candle & Wax,Scented Candle,2299.0,7999.0,71.26,calculated,,,,,,In Stock,1,1000.0,ml,1000.0,2299.0,,229.9,https://aromahpure.com/products/lemongrass-fragrance-oil-1000-ml,2026-09-24T05:03:54.351883+00:00,data/raw\aromapure\product_pages\9617720836378_49780359725338.html
9617720049946_49780357267738,AromaPure,AromaPure Official,"Fragrance Oil - Aroma oil for aroma therapy, diffusers, candles and air fresheners | Sandalwood 1L","Fragrance Oil - Aroma oil for aroma therapy, diffusers, candles and air fresheners | Sandalwood 1L",Scented Candle & Wax,Scented Candle,1699.0,7999.0,78.76,calculated,,,,,,In Stock,1,1000.0,ml,1000.0,1699.0,,169.9,https://aromahpure.com/products/sandalwood-fragrance-oil-1000-ml,2026-09-24T05:03:54.351883+00:00,data/raw\aromapure\product_pages\9617720049946_49780357267738.html
9617719230746_49780356415770,AromaPure,AromaPure Official,"Fragrance Oil - Aroma oil for aroma therapy, diffusers, candles and air fresheners | Lavender 1L","Fragrance Oil - Aroma oil for aroma therapy, diffusers, candles and air fresheners | Lavender 1L",Scented Candle & Wax,Scented Candle,1699.0,7999.0,78.76,calculated,,1.0,,AromaPure Official,,Out of Stock,1,1000.0,ml,1000.0,1699.0,,169.9,https://aromahpure.com/products/lavender-fragrance-oil-1000-ml,2026-09-24T05:03:54.351883+00:00,data/raw\aromapure\product_pages\9617719230746_49780356415770.html
9582886355226_49643187601690,AromaPure,AromaPure Official,"Fragrance Oil - Aroma oil for aroma therapy, diffusers, candles and air fresheners | Lavender & Peppermint 30 ml | Pack of 2","Fragrance Oil - Aroma oil for aroma therapy, diffusers, candles and air fresheners | Lavender & Peppermint 30 ml | Pack of 2",Scented Candle & Wax,Scented Candle,299.0,998.0,70.04,calculated,,,,,,In Stock,2,30.0,ml,60.0,149.5,,498.33,https://aromahpure.com/products/fragrance-oil-lavender-and-peppermint-30-ml-pack-of-2,2026-09-24T05:03:54.351883+00:00,data/raw\aromapure\product_pages\9582886355226_49643187601690.html
9582766620954_49642664395034,AromaPure,AromaPure Official,"Fragrance Oil - Aroma oil for aroma therapy, diffusers, candles and air fresheners | Lavender & Cinnamon 30 ml | Pack of 2","Fragrance Oil - Aroma oil for aroma therapy, diffusers, candles and air fresheners | Lavender & Cinnamon 30 ml | Pack of 2",Scented Candle & Wax,Scented Candle,299.0,998.0,70.04,calculated,,,,,,In Stock,2,30.0,ml,60.0,149.5,,498.33,https://aromahpure.com/products/fragrance-oil-lavender-and-cinnamon-30-ml-pack-of-2,2026-09-24T05:03:54.351883+00:00,data/raw\aromapure\product_pages\9582766620954_49642664395034.html
9582835630362_49642940465434,AromaPure,AromaPure Official,"Fragrance Oil - Aroma oil for aroma therapy, diffusers, candles and air fresheners | Lavender & Jasmine 30 ml | Pack of 2","Fragrance Oil - Aroma oil for aroma therapy, diffusers, candles and air fresheners | Lavender & Jasmine 30 ml | Pack of 2",Scented Candle & Wax,Scented Candle,299.0,998.0,70.04,calculated,,,,,,In Stock,2,30.0,ml,60.0,149.5,,498.33,https://aromahpure.com/products/fragrance-oil-lavender-and-jasmine-30-ml-pack-of-2,2026-09-24T05:03:54.351883+00:00,data/raw\aromapure\product_pages\9582835630362_49642940465434.html
9582858567962_49643042570522,AromaPure,AromaPure Official,"Fragrance Oil - Aroma oil for aroma therapy, diffusers, candles and air fresheners | Lavender & Lemongrass 30 ml | Pack of 2","Fragrance Oil - Aroma oil for aroma therapy, diffusers, candles and air fresheners | Lavender & Lemongrass 30 ml | Pack of 2",Scented Candle & Wax,Scented Candle,299.0,998.0,70.04,calculated,,,,,,In Stock,2,30.0,ml,60.0,149.5,,498.33,https://aromahpure.com/products/fragrance-oil-lavender-and-lemongrass-30-ml-pack-of-2,2026-09-24T05:03:54.351883+00:00,data/raw\aromapure\product_pages\9582858567962_49643042570522.html
9582897660186_49643237146906,AromaPure,AromaPure Official,"Fragrance Oil - Aroma oil for aroma therapy, diffusers, candles and air fresheners | Lavender & Rosemary 30 ml | Pack of 2","Fragrance Oil - Aroma oil for aroma therapy, diffusers, candles and air fresheners | Lavender & Rosemary 30 ml | Pack of 2",Scented Candle & Wax,Scented Candle,299.0,998.0,70.04,calculated,,,,,,In Stock,2,30.0,ml,60.0,149.5,,498.33,https://aromahpure.com/products/fragrance-oil-lavender-and-rosemary-30-ml-pack-of-2,2026-09-24T05:03:54.351883+00:00,data/raw\aromapure\product_pages\9582897660186_49643237146906.html
9582927020314_49643336106266,AromaPure,AromaPure Official,"Fragrance Oil - Aroma oil for aroma therapy, diffusers, candles and air fresheners | Lavender & Sandalwood 30 ml | Pack of 2","Fragrance Oil - Aroma oil for aroma therapy, diffusers, candles and air fresheners | Lavender & Sandalwood 30 ml | Pack of 2",Scented Candle & Wax,Scented Candle,299.0,998.0,70.04,calculated,,,,,,In Stock,2,30.0,ml,60.0,149.5,,498.33,https://aromahpure.com/products/fragrance-oil-lavender-and-sandalwood-30-ml-pack-of-2,2026-09-24T05:03:54.351883+00:00,data/raw\aromapure\product_pages\9582927020314_49643336106266.html
9583030632730_49643563155738,AromaPure,AromaPure Official,"Fragrance Oil - Aroma oil for aroma therapy, diffusers, candles and air fresheners | Sandalwood & Cinnamon 30 ml | Pack of 2","Fragrance Oil - Aroma oil for aroma therapy, diffusers, candles and air fresheners | Sandalwood & Cinnamon 30 ml | Pack of 2",Scented Candle & Wax,Scented Candle,299.0,998.0,70.04,calculated,,,,,,In Stock,2,30.0,ml,60.0,149.5,,498.33,https://aromahpure.com/products/fragrance-oil-sandalwood-and-cinnamon-30-ml-pack-of-2,2026-09-24T05:03:54.351883+00:00,data/raw\aromapure\product_pages\9583030632730_49643563155738.html
9583039152410_49643578327322,AromaPure,AromaPure Official,"Fragrance Oil - Aroma oil for aroma therapy, diffusers, candles and air fresheners | Sandalwood & Jasmine 30 ml | Pack of 2","Fragrance Oil - Aroma oil for aroma therapy, diffusers, candles and air fresheners | Sandalwood & Jasmine 30 ml | Pack of 2",Scented Candle & Wax,Scented Candle,299.0,998.0,70.04,calculated,,1.0,,AromaPure Official,,In Stock,2,30.0,ml,60.0,149.5,,498.33,https://aromahpure.com/products/fragrance-oil-sandalwood-and-jasmine-30-ml-pack-of-2,2026-09-24T05:03:54.351883+00:00,data/raw\aromapure\product_pages\9583039152410_49643578327322.html
9583043477786_49643586289946,AromaPure,AromaPure Official,"Fragrance Oil - Aroma oil for aroma therapy, diffusers, candles and air fresheners | Sandalwood & Lavender 30 ml | Pack of 2","Fragrance Oil - Aroma oil for aroma therapy, diffusers, candles and air fresheners | Sandalwood & Lavender 30 ml | Pack of 2",Scented Candle & Wax,Scented Candle,299.0,998.0,70.04,calculated,,,,,,In Stock,2,30.0,ml,60.0,149.5,,498.33,https://aromahpure.com/products/fragrance-oil-sandalwood-and-lavender-30-ml-pack-of-2,2026-09-24T05:03:54.351883+00:00,data/raw\aromapure\product_pages\9583043477786_49643586289946.html
9583046885658_49643595170074,AromaPure,AromaPure Official,"Fragrance Oil - Aroma oil for aroma therapy, diffusers, candles and air fresheners | Sandalwood & Lemongrass 30 ml | Pack of 2","Fragrance Oil - Aroma oil for aroma therapy, diffusers, candles and air fresheners | Sandalwood & Lemongrass 30 ml | Pack of 2",Scented Candle & Wax,Scented Candle,309.0,998.0,69.04,calculated,,,,,,In Stock,2,30.0,ml,60.0,154.5,,515.0,https://aromahpure.com/products/fragrance-oil-sandalwood-and-lemongrass-30-ml-pack-of-2,2026-09-24T05:03:54.351883+00:00,data/raw\aromapure\product_pages\9583046885658_49643595170074.html
9583052718362_49643609030938,AromaPure,AromaPure Official,"Fragrance Oil - Aroma oil for aroma therapy, diffusers, candles and air fresheners | Sandalwood & Peppermint 30 ml | Pack of 2","Fragrance Oil - Aroma oil for aroma therapy, diffusers, candles and air fresheners | Sandalwood & Peppermint 30 ml | Pack of 2",Scented Candle & Wax,Scented Candle,299.0,998.0,70.04,calculated,,,,,,In Stock,2,30.0,ml,60.0,149.5,,498.33,https://aromahpure.com/products/fragrance-oil-sandalwood-and-peppermint-30-ml-pack-of-2,2026-09-24T05:03:54.351883+00:00,data/raw\aromapure\product_pages\9583052718362_49643609030938.html
9583055864090_49643615715610,AromaPure,AromaPure Official,"Sandalwood and Rosemary Fragrance Oil | Pack of 2 | 30 ml | Best for Aromatherapy | Helps in Concentration & Meditation | Used in Diffusers, Candles, Air Fresheners, Soaps","Sandalwood and Rosemary Fragrance Oil | Pack of 2 | 30 ml | Best for Aromatherapy | Helps in Concentration & Meditation | Used in Diffusers, Candles, Air Fresheners, Soaps",Scented Candle & Wax,Scented Candle,299.0,998.0,70.04,calculated,,,,,,In Stock,2,30.0,ml,60.0,149.5,,498.33,https://aromahpure.com/products/fragrance-oil-sandalwood-and-rosemary-30-ml-pack-of-2,2026-09-24T05:03:54.351883+00:00,data/raw\aromapure\product_pages\9583055864090_49643615715610.html
8405926707482_45556562755866,AromaPure,AromaPure Official,"Fragrance Oil - Aroma oil for aroma therapy, diffusers, candles and air fresheners | Fusion Combo 225 ml | Pack of 15","Fragrance Oil - Aroma oil for aroma therapy, diffusers, candles and air fresheners | Fusion Combo 225 ml | Pack of 15",Scented Candle & Wax,Scented Candle,1149.0,2999.0,61.69,calculated,,,,,,Out of Stock,15,225.0,ml,3375.0,76.6,,34.04,https://aromahpure.com/products/fragrance-oil-fusion-series-set-of-15-225-ml,2026-09-24T05:03:54.351883+00:00,data/raw\aromapure\product_pages\8405926707482_45556562755866.html
8405936013594_45556611940634,AromaPure,AromaPure Official,"Fragrance Oil - Aroma oil for aroma therapy, diffusers, candles and air fresheners | Warm Rich Combo 180 ml | Pack of 6","Fragrance Oil - Aroma oil for aroma therapy, diffusers, candles and air fresheners | Warm Rich Combo 180 ml | Pack of 6",Scented Candle & Wax,Scented Candle,999.0,2499.0,60.02,calculated,,,,,,Out of Stock,6,180.0,ml,1080.0,166.5,,92.5,https://aromahpure.com/products/fragrance-oils-warm-rich-series-set-of-12,2026-09-24T05:03:54.351883+00:00,data/raw\aromapure\product_pages\8405936013594_45556611940634.html
8405934670106_45556604141850,AromaPure,AromaPure Official,"Fragrance Oil - Aroma oil for aroma therapy, diffusers, candles and air fresheners | Fresh Floral Combo 180 ml | Pack of 12","Fragrance Oil - Aroma oil for aroma therapy, diffusers, candles and air fresheners | Fresh Floral Combo 180 ml | Pack of 12",Scented Candle & Wax,Scented Candle,999.0,2499.0,60.02,calculated,,,,,,In Stock,12,180.0,ml,2160.0,83.25,,46.25,https://aromahpure.com/products/fragrance-oils-fresh-floral-series-set-of-12,2026-09-24T05:03:54.351883+00:00,data/raw\aromapure\product_pages\8405934670106_45556604141850.html
8405914812698_45556537262362,AromaPure,AromaPure Official,"Fragrance Oil - Aroma oil for aroma therapy, diffusers, candles and air fresheners | Refreshing Combo 90 ml | Pack of 6","Fragrance Oil - Aroma oil for aroma therapy, diffusers, candles and air fresheners | Refreshing Combo 90 ml | Pack of 6",Scented Candle & Wax,Scented Candle,599.0,1499.0,60.04,calculated,,,,,,In Stock,6,90.0,ml,540.0,99.83,,110.93,https://aromahpure.com/products/fragrance-oil-refreshing-series-90-ml-set-of-6,2026-09-24T05:03:54.351883+00:00,data/raw\aromapure\product_pages\8405914812698_45556537262362.html
8405930672410_45556585529626,AromaPure,AromaPure Official,"Fragrance Oil - Aroma oil for aroma therapy, diffusers, candles and air fresheners | Floral Combo 90 ml | Pack of 6","Fragrance Oil - Aroma oil for aroma therapy, diffusers, candles and air fresheners | Floral Combo 90 ml | Pack of 6",Scented Candle & Wax,Scented Candle,599.0,1499.0,60.04,calculated,,,,,,In Stock,6,90.0,ml,540.0,99.83,,110.93,https://aromahpure.com/products/fragrance-oils-floral-series-set-of-6,2026-09-24T05:03:54.351883+00:00,data/raw\aromapure\product_pages\8405930672410_45556585529626.html
8405927756058_45556567408922,AromaPure,AromaPure Official,"Fragrance Oil - Aroma oil for aroma therapy, diffusers, candles and air fresheners | Blend Combo 90 ml | Pack of 6","Fragrance Oil - Aroma oil for aroma therapy, diffusers, candles and air fresheners | Blend Combo 90 ml | Pack of 6",Scented Candle & Wax,Scented Candle,599.0,1499.0,60.04,calculated,,,,,,In Stock,6,90.0,ml,540.0,99.83,,110.93,https://aromahpure.com/products/fragrance-oils-blend-series-set-of-6,2026-09-24T05:03:54.351883+00:00,data/raw\aromapure\product_pages\8405927756058_45556567408922.html
8987219624218_47931178189082,AromaPure,AromaPure Official,"Fragrance Oil - Aroma oil for aroma therapy, diffusers, candles and air fresheners | Cinnamon 250 ml","Fragrance Oil - Aroma oil for aroma therapy, diffusers, candles and air fresheners | Cinnamon 250 ml",Scented Candle & Wax,Scented Candle,699.0,2399.0,70.86,calculated,,,,,,In Stock,1,250.0,ml,250.0,699.0,,279.6,https://aromahpure.com/products/cinnamon-fragrance-oil-250-ml,2026-09-24T05:03:54.351883+00:00,data/raw\aromapure\product_pages\8987219624218_47931178189082.html
8987223982362_47931197325594,AromaPure,AromaPure Official,"Fragrance Oil - Aroma oil for aroma therapy, diffusers, candles and air fresheners | Jasmine 250 ml","Fragrance Oil - Aroma oil for aroma therapy, diffusers, candles and air fresheners | Jasmine 250 ml",Scented Candle & Wax,Scented Candle,699.0,2399.0,70.86,calculated,,,,,,In Stock,1,250.0,ml,250.0,699.0,,279.6,https://aromahpure.com/products/jasmine-fragrance-oil-250-ml,2026-09-24T05:03:54.351883+00:00,data/raw\aromapure\product_pages\8987223982362_47931197325594.html
8987230961946_47931228029210,AromaPure,AromaPure Official,"Fragrance Oil - Aroma Oil for Aroma Therapy, Diffusers, Candles and Air Fresheners | Lavender 250 ml","Fragrance Oil - Aroma Oil for Aroma Therapy, Diffusers, Candles and Air Fresheners | Lavender 250 ml",Scented Candle & Wax,Scented Candle,699.0,2399.0,70.86,calculated,,,,,,In Stock,1,250.0,ml,250.0,699.0,,279.6,https://aromahpure.com/products/lavender-fragrance-oil-250-ml,2026-09-24T05:03:54.351883+00:00,data/raw\aromapure\product_pages\8987230961946_47931228029210.html
8987234107674_47931240382746,AromaPure,AromaPure Official,"Fragrance Oil - Aroma oil for aroma therapy, diffusers, candles and air fresheners | Lemongrass 250 ml","Fragrance Oil - Aroma oil for aroma therapy, diffusers, candles and air fresheners | Lemongrass 250 ml",Scented Candle & Wax,Scented Candle,799.0,2399.0,66.69,calculated,,,,,,In Stock,1,250.0,ml,250.0,799.0,,319.6,https://aromahpure.com/products/lemongrass-fragrance-oil-250-ml,2026-09-24T05:03:54.351883+00:00,data/raw\aromapure\product_pages\8987234107674_47931240382746.html
8987238203674_47931258667290,AromaPure,AromaPure Official,"Fragrance Oil - Aroma Oil for Aroma Therapy, Diffusers, Candles and Air Fresheners | Rose 250 ml","Fragrance Oil - Aroma Oil for Aroma Therapy, Diffusers, Candles and Air Fresheners | Rose 250 ml",Scented Candle & Wax,Scented Candle,699.0,2399.0,70.86,calculated,,2.0,,AromaPure Official,,In Stock,1,250.0,ml,250.0,699.0,,279.6,https://aromahpure.com/products/rose-fragrance-oil-250-ml,2026-09-24T05:03:54.351883+00:00,data/raw\aromapure\product_pages\8987238203674_47931258667290.html
8987242758426_47931277738266,AromaPure,AromaPure Official,"Fragrance Oil - Aroma Oil for Aroma Therapy, Diffusers, Candles and Air Fresheners | Sandalwood 250 ml","Fragrance Oil - Aroma Oil for Aroma Therapy, Diffusers, Candles and Air Fresheners | Sandalwood 250 ml",Scented Candle & Wax,Scented Candle,699.0,2399.0,70.86,calculated,,1.0,,AromaPure Official,,In Stock,1,250.0,ml,250.0,699.0,,279.6,https://aromahpure.com/products/sandalwood-fragrance-oil-250-ml,2026-09-24T05:03:54.351883+00:00,data/raw\aromapure\product_pages\8987242758426_47931277738266.html
8987222704410_47931192115482,AromaPure,AromaPure Official,"Fragrance Oil - Aroma oil for aroma therapy, diffusers, candles and air fresheners | Cinnamon 500 ml","Fragrance Oil - Aroma oil for aroma therapy, diffusers, candles and air fresheners | Cinnamon 500 ml",Scented Candle & Wax,Scented Candle,999.0,4499.0,77.8,calculated,,,,,,In Stock,1,500.0,ml,500.0,999.0,,199.8,https://aromahpure.com/products/cinnamon-fragrance-oil-500-ml,2026-09-24T05:03:54.351883+00:00,data/raw\aromapure\product_pages\8987222704410_47931192115482.html
8987225882906_47931203256602,AromaPure,AromaPure Official,"Fragrance Oil - Aroma Oil for Aroma Therapy, Diffusers, Candles and Air Fresheners | Jasmine 500 ml","Fragrance Oil - Aroma Oil for Aroma Therapy, Diffusers, Candles and Air Fresheners | Jasmine 500 ml",Scented Candle & Wax,Scented Candle,999.0,4499.0,77.8,calculated,,,,,,In Stock,1,500.0,ml,500.0,999.0,,199.8,https://aromahpure.com/products/jasmine-fragrance-oil-500-ml,2026-09-24T05:03:54.351883+00:00,data/raw\aromapure\product_pages\8987225882906_47931203256602.html
8987233026330_47931235205402,AromaPure,AromaPure Official,"Fragrance Oil - Aroma Oil for Aroma Therapy, Diffusers, Candles and Air Fresheners | Lavender 500 ml","Fragrance Oil - Aroma Oil for Aroma Therapy, Diffusers, Candles and Air Fresheners | Lavender 500 ml",Scented Candle & Wax,Scented Candle,999.0,4499.0,77.8,calculated,,,,,,In Stock,1,500.0,ml,500.0,999.0,,199.8,https://aromahpure.com/products/lavender-fragrance-oil-500-ml,2026-09-24T05:03:54.351883+00:00,data/raw\aromapure\product_pages\8987233026330_47931235205402.html
8987236172058_47931249623322,AromaPure,AromaPure Official,"Fragrance Oil - Aroma Oil for Aroma Therapy, Diffusers, Candles and Air Fresheners | Lemongrass 500 ml","Fragrance Oil - Aroma Oil for Aroma Therapy, Diffusers, Candles and Air Fresheners | Lemongrass 500 ml",Scented Candle & Wax,Scented Candle,1299.0,4499.0,71.13,calculated,,,,,,In Stock,1,500.0,ml,500.0,1299.0,,259.8,https://aromahpure.com/products/lemongrass-fragrance-oil-500-ml,2026-09-24T05:03:54.351883+00:00,data/raw\aromapure\product_pages\8987236172058_47931249623322.html
8987241021722_47931270627610,AromaPure,AromaPure Official,"Fragrance Oil - Aroma Oil for Aroma Therapy, Diffusers, Candles and Air Fresheners | Rose 500 ml","Fragrance Oil - Aroma Oil for Aroma Therapy, Diffusers, Candles and Air Fresheners | Rose 500 ml",Scented Candle & Wax,Scented Candle,999.0,4499.0,77.8,calculated,,,,,,In Stock,1,500.0,ml,500.0,999.0,,199.8,https://aromahpure.com/products/rose-fragrance-oil-500-ml,2026-09-24T05:03:54.351883+00:00,data/raw\aromapure\product_pages\8987241021722_47931270627610.html
8987245281562_47931290452250,AromaPure,AromaPure Official,"Fragrance Oil - Aroma Oil for Aroma Therapy, Diffusers, Candles and Air Fresheners | Sandalwood 500 ml","Fragrance Oil - Aroma Oil for Aroma Therapy, Diffusers, Candles and Air Fresheners | Sandalwood 500 ml",Scented Candle & Wax,Scented Candle,999.0,4499.0,77.8,calculated,,3.0,,AromaPure Official,,Out of Stock,1,500.0,ml,500.0,999.0,,199.8,https://aromahpure.com/products/sandalwood-fragrance-oil-500-ml,2026-09-24T05:03:54.351883+00:00,data/raw\aromapure\product_pages\8987245281562_47931290452250.html
9544785297690_49476416799002,AromaPure,AromaPure Official,"Fragrance Oil - Aroma Oil for Aroma Therapy, Diffusers, Candles and Air Fresheners | Lavender 100 ml - 1","Fragrance Oil - Aroma Oil for Aroma Therapy, Diffusers, Candles and Air Fresheners | Lavender 100 ml - 1",Scented Candle & Wax,Scented Candle,299.0,999.0,70.07,calculated,,129.0,,AromaPure Official,,In Stock,1,100.0,ml,100.0,299.0,,299.0,https://aromahpure.com/products/lavender-fragrance-oil-100ml,2026-09-24T05:03:54.351883+00:00,data/raw\aromapure\product_pages\9544785297690_49476416799002.html
9544785297690_49476416831770,AromaPure,AromaPure Official,"Fragrance Oil - Aroma Oil for Aroma Therapy, Diffusers, Candles and Air Fresheners | Lavender 100 ml - 2","Fragrance Oil - Aroma Oil for Aroma Therapy, Diffusers, Candles and Air Fresheners | Lavender 100 ml - 2",Scented Candle & Wax,Scented Candle,569.0,1998.0,71.52,calculated,,129.0,,AromaPure Official,,In Stock,1,100.0,ml,100.0,569.0,,569.0,https://aromahpure.com/products/lavender-fragrance-oil-100ml,2026-09-24T05:03:54.351883+00:00,data/raw\aromapure\product_pages\9544785297690_49476416799002.html
9544785297690_49476416864538,AromaPure,AromaPure Official,"Fragrance Oil - Aroma Oil for Aroma Therapy, Diffusers, Candles and Air Fresheners | Lavender 100 ml - 3","Fragrance Oil - Aroma Oil for Aroma Therapy, Diffusers, Candles and Air Fresheners | Lavender 100 ml - 3",Scented Candle & Wax,Scented Candle,855.0,2997.0,71.47,calculated,,129.0,,AromaPure Official,,In Stock,1,100.0,ml,100.0,855.0,,855.0,https://aromahpure.com/products/lavender-fragrance-oil-100ml,2026-09-24T05:03:54.351883+00:00,data/raw\aromapure\product_pages\9544785297690_49476416799002.html
9544804663578_49476455792922,AromaPure,AromaPure Official,"Fragrance Oil - Aroma Oil for Aroma Therapy, Diffusers, Candles and Air Fresheners | Sandalwood 100 ml - 1","Fragrance Oil - Aroma Oil for Aroma Therapy, Diffusers, Candles and Air Fresheners | Sandalwood 100 ml - 1",Scented Candle & Wax,Scented Candle,299.0,999.0,70.07,calculated,,128.0,,AromaPure Official,,In Stock,1,100.0,ml,100.0,299.0,,299.0,https://aromahpure.com/products/sandalwood-fragrance-oil-100-ml,2026-09-24T05:03:54.351883+00:00,data/raw\aromapure\product_pages\9544804663578_49476455792922.html
9544804663578_49476455858458,AromaPure,AromaPure Official,"Fragrance Oil - Aroma Oil for Aroma Therapy, Diffusers, Candles and Air Fresheners | Sandalwood 100 ml - 2","Fragrance Oil - Aroma Oil for Aroma Therapy, Diffusers, Candles and Air Fresheners | Sandalwood 100 ml - 2",Scented Candle & Wax,Scented Candle,569.0,1998.0,71.52,calculated,,128.0,,AromaPure Official,,In Stock,1,100.0,ml,100.0,569.0,,569.0,https://aromahpure.com/products/sandalwood-fragrance-oil-100-ml,2026-09-24T05:03:54.351883+00:00,data/raw\aromapure\product_pages\9544804663578_49476455792922.html
9544804663578_49476455891226,AromaPure,AromaPure Official,"Fragrance Oil - Aroma Oil for Aroma Therapy, Diffusers, Candles and Air Fresheners | Sandalwood 100 ml - 3","Fragrance Oil - Aroma Oil for Aroma Therapy, Diffusers, Candles and Air Fresheners | Sandalwood 100 ml - 3",Scented Candle & Wax,Scented Candle,855.0,2997.0,71.47,calculated,,128.0,,AromaPure Official,,In Stock,1,100.0,ml,100.0,855.0,,855.0,https://aromahpure.com/products/sandalwood-fragrance-oil-100-ml,2026-09-24T05:03:54.351883+00:00,data/raw\aromapure\product_pages\9544804663578_49476455792922.html
9544812331290_49476464935194,AromaPure,AromaPure Official,"Fragrance Oil - Aroma oil for aroma therapy, diffusers, candles and air fresheners | Lemongrass 100 ml - 1","Fragrance Oil - Aroma oil for aroma therapy, diffusers, candles and air fresheners | Lemongrass 100 ml - 1",Scented Candle & Wax,Scented Candle,299.0,999.0,70.07,calculated,,128.0,,AromaPure Official,,In Stock,1,100.0,ml,100.0,299.0,,299.0,https://aromahpure.com/products/lemongrass-fragrance-oil-100-ml,2026-09-24T05:03:54.351883+00:00,data/raw\aromapure\product_pages\9544812331290_49476464935194.html
9544812331290_49476464967962,AromaPure,AromaPure Official,"Fragrance Oil - Aroma oil for aroma therapy, diffusers, candles and air fresheners | Lemongrass 100 ml - 2","Fragrance Oil - Aroma oil for aroma therapy, diffusers, candles and air fresheners | Lemongrass 100 ml - 2",Scented Candle & Wax,Scented Candle,569.0,1998.0,71.52,calculated,,128.0,,AromaPure Official,,In Stock,1,100.0,ml,100.0,569.0,,569.0,https://aromahpure.com/products/lemongrass-fragrance-oil-100-ml,2026-09-24T05:03:54.351883+00:00,data/raw\aromapure\product_pages\9544812331290_49476464935194.html
9544812331290_49476465000730,AromaPure,AromaPure Official,"Fragrance Oil - Aroma oil for aroma therapy, diffusers, candles and air fresheners | Lemongrass 100 ml - 3","Fragrance Oil - Aroma oil for aroma therapy, diffusers, candles and air fresheners | Lemongrass 100 ml - 3",Scented Candle & Wax,Scented Candle,855.0,2997.0,71.47,calculated,,128.0,,AromaPure Official,,In Stock,1,100.0,ml,100.0,855.0,,855.0,https://aromahpure.com/products/lemongrass-fragrance-oil-100-ml,2026-09-24T05:03:54.351883+00:00,data/raw\aromapure\product_pages\9544812331290_49476464935194.html
9544824914202_49476482859290,AromaPure,AromaPure Official,"Fragrance Oil - Aroma oil for aroma therapy, diffusers, candles and air fresheners | Cinnamon 100 ml - 1","Fragrance Oil - Aroma oil for aroma therapy, diffusers, candles and air fresheners | Cinnamon 100 ml - 1",Scented Candle & Wax,Scented Candle,299.0,999.0,70.07,calculated,,128.0,,AromaPure Official,,In Stock,1,100.0,ml,100.0,299.0,,299.0,https://aromahpure.com/products/cinnamon-fragrance-oil-100ml,2026-09-24T05:03:54.351883+00:00,data/raw\aromapure\product_pages\9544824914202_49476482859290.html
9544824914202_49476482892058,AromaPure,AromaPure Official,"Fragrance Oil - Aroma oil for aroma therapy, diffusers, candles and air fresheners | Cinnamon 100 ml - 2","Fragrance Oil - Aroma oil for aroma therapy, diffusers, candles and air fresheners | Cinnamon 100 ml - 2",Scented Candle & Wax,Scented Candle,569.0,1998.0,71.52,calculated,,128.0,,AromaPure Official,,In Stock,1,100.0,ml,100.0,569.0,,569.0,https://aromahpure.com/products/cinnamon-fragrance-oil-100ml,2026-09-24T05:03:54.351883+00:00,data/raw\aromapure\product_pages\9544824914202_49476482859290.html
9544824914202_49476482924826,AromaPure,AromaPure Official,"Fragrance Oil - Aroma oil for aroma therapy, diffusers, candles and air fresheners | Cinnamon 100 ml - 3","Fragrance Oil - Aroma oil for aroma therapy, diffusers, candles and air fresheners | Cinnamon 100 ml - 3",Scented Candle & Wax,Scented Candle,855.0,2997.0,71.47,calculated,,128.0,,AromaPure Official,,In Stock,1,100.0,ml,100.0,855.0,,855.0,https://aromahpure.com/products/cinnamon-fragrance-oil-100ml,2026-09-24T05:03:54.351883+00:00,data/raw\aromapure\product_pages\9544824914202_49476482859290.html
9544861057306_49476574019866,AromaPure,AromaPure Official,"Fragrance Oil - Aroma Oil for Aroma Therapy, Diffusers, Candles and Air Fresheners | Rose 100 ml - 1","Fragrance Oil - Aroma Oil for Aroma Therapy, Diffusers, Candles and Air Fresheners | Rose 100 ml - 1",Scented Candle & Wax,Scented Candle,299.0,999.0,70.07,calculated,,128.0,,AromaPure Official,,In Stock,1,100.0,ml,100.0,299.0,,299.0,https://aromahpure.com/products/rose-fragrance-oil-100-ml,2026-09-24T05:03:54.351883+00:00,data/raw\aromapure\product_pages\9544861057306_49476574019866.html
9544861057306_49476574052634,AromaPure,AromaPure Official,"Fragrance Oil - Aroma Oil for Aroma Therapy, Diffusers, Candles and Air Fresheners | Rose 100 ml - 2","Fragrance Oil - Aroma Oil for Aroma Therapy, Diffusers, Candles and Air Fresheners | Rose 100 ml - 2",Scented Candle & Wax,Scented Candle,569.0,1998.0,71.52,calculated,,128.0,,AromaPure Official,,In Stock,1,100.0,ml,100.0,569.0,,569.0,https://aromahpure.com/products/rose-fragrance-oil-100-ml,2026-09-24T05:03:54.351883+00:00,data/raw\aromapure\product_pages\9544861057306_49476574019866.html
9544861057306_49476574085402,AromaPure,AromaPure Official,"Fragrance Oil - Aroma Oil for Aroma Therapy, Diffusers, Candles and Air Fresheners | Rose 100 ml - 3","Fragrance Oil - Aroma Oil for Aroma Therapy, Diffusers, Candles and Air Fresheners | Rose 100 ml - 3",Scented Candle & Wax,Scented Candle,855.0,2997.0,71.47,calculated,,128.0,,AromaPure Official,,In Stock,1,100.0,ml,100.0,855.0,,855.0,https://aromahpure.com/products/rose-fragrance-oil-100-ml,2026-09-24T05:03:54.351883+00:00,data/raw\aromapure\product_pages\9544861057306_49476574019866.html
9544872722714_49476604199194,AromaPure,AromaPure Official,"Fragrance Oil - Aroma Oil for Aroma Therapy, Diffusers, Candles and Air Fresheners | Jasmine 100 ml - 1","Fragrance Oil - Aroma Oil for Aroma Therapy, Diffusers, Candles and Air Fresheners | Jasmine 100 ml - 1",Scented Candle & Wax,Scented Candle,299.0,999.0,70.07,calculated,,128.0,,AromaPure Official,,In Stock,1,100.0,ml,100.0,299.0,,299.0,https://aromahpure.com/products/jasmine-fragrance-oil-100-ml,2026-09-24T05:03:54.351883+00:00,data/raw\aromapure\product_pages\9544872722714_49476604199194.html
9544872722714_49476604231962,AromaPure,AromaPure Official,"Fragrance Oil - Aroma Oil for Aroma Therapy, Diffusers, Candles and Air Fresheners | Jasmine 100 ml - 2","Fragrance Oil - Aroma Oil for Aroma Therapy, Diffusers, Candles and Air Fresheners | Jasmine 100 ml - 2",Scented Candle & Wax,Scented Candle,569.0,1998.0,71.52,calculated,,128.0,,AromaPure Official,,In Stock,1,100.0,ml,100.0,569.0,,569.0,https://aromahpure.com/products/jasmine-fragrance-oil-100-ml,2026-09-24T05:03:54.351883+00:00,data/raw\aromapure\product_pages\9544872722714_49476604199194.html
9544872722714_49476604264730,AromaPure,AromaPure Official,"Fragrance Oil - Aroma Oil for Aroma Therapy, Diffusers, Candles and Air Fresheners | Jasmine 100 ml - 3","Fragrance Oil - Aroma Oil for Aroma Therapy, Diffusers, Candles and Air Fresheners | Jasmine 100 ml - 3",Scented Candle & Wax,Scented Candle,855.0,2997.0,71.47,calculated,,128.0,,AromaPure Official,,In Stock,1,100.0,ml,100.0,855.0,,855.0,https://aromahpure.com/products/jasmine-fragrance-oil-100-ml,2026-09-24T05:03:54.351883+00:00,data/raw\aromapure\product_pages\9544872722714_49476604199194.html
9538897314074_50888297447706,AromaPure,AromaPure Official,Cabana Blue Room Freshener Spray - Coastal Breeze | 220 ml - 1,Cabana Blue Room Freshener Spray - Coastal Breeze | 220 ml - 1,Room Spray & Aerosol,Room Spray,149.0,249.0,40.16,calculated,,126.0,,AromaPure Official,,In Stock,1,220.0,ml,220.0,149.0,,67.73,https://aromahpure.com/products/premium-air-freshener-for-room-cabana-blue,2026-09-24T05:03:54.351883+00:00,data/raw\aromapure\product_pages\9538897314074_50888297447706.html
9538897314074_49450051010842,AromaPure,AromaPure Official,Cabana Blue Room Freshener Spray - Coastal Breeze | 220 ml - 2,Cabana Blue Room Freshener Spray - Coastal Breeze | 220 ml - 2,Room Spray & Aerosol,Room Spray,284.0,498.0,42.97,calculated,,126.0,,AromaPure Official,,In Stock,1,220.0,ml,220.0,284.0,,129.09,https://aromahpure.com/products/premium-air-freshener-for-room-cabana-blue,2026-09-24T05:03:54.351883+00:00,data/raw\aromapure\product_pages\9538897314074_50888297447706.html
9538897314074_49450051043610,AromaPure,AromaPure Official,Cabana Blue Room Freshener Spray - Coastal Breeze | 220 ml - 4,Cabana Blue Room Freshener Spray - Coastal Breeze | 220 ml - 4,Room Spray & Aerosol,Room Spray,539.0,996.0,45.88,calculated,,126.0,,AromaPure Official,,In Stock,1,220.0,ml,220.0,539.0,,245.0,https://aromahpure.com/products/premium-air-freshener-for-room-cabana-blue,2026-09-24T05:03:54.351883+00:00,data/raw\aromapure\product_pages\9538897314074_50888297447706.html
9538911174938_50884874371354,AromaPure,AromaPure Official,Beautiful Day Room Freshener Spray - Blooming Orchards | 220 ml - 1,Beautiful Day Room Freshener Spray - Blooming Orchards | 220 ml - 1,Room Spray & Aerosol,Room Spray,149.0,249.0,40.16,calculated,,132.0,,AromaPure Official,,In Stock,1,220.0,ml,220.0,149.0,,67.73,https://aromahpure.com/products/premium-air-freshener-for-room-beautiful-day-1,2026-09-24T05:03:54.351883+00:00,data/raw\aromapure\product_pages\9538911174938_50884874371354.html
9538911174938_49450089709850,AromaPure,AromaPure Official,Beautiful Day Room Freshener Spray - Blooming Orchards | 220 ml - 2,Beautiful Day Room Freshener Spray - Blooming Orchards | 220 ml - 2,Room Spray & Aerosol,Room Spray,284.0,498.0,42.97,calculated,,132.0,,AromaPure Official,,In Stock,1,220.0,ml,220.0,284.0,,129.09,https://aromahpure.com/products/premium-air-freshener-for-room-beautiful-day-1,2026-09-24T05:03:54.351883+00:00,data/raw\aromapure\product_pages\9538911174938_50884874371354.html
9538911174938_49450089742618,AromaPure,AromaPure Official,Beautiful Day Room Freshener Spray - Blooming Orchards | 220 ml - 4,Beautiful Day Room Freshener Spray - Blooming Orchards | 220 ml - 4,Room Spray & Aerosol,Room Spray,539.0,996.0,45.88,calculated,,132.0,,AromaPure Official,,In Stock,1,220.0,ml,220.0,539.0,,245.0,https://aromahpure.com/products/premium-air-freshener-for-room-beautiful-day-1,2026-09-24T05:03:54.351883+00:00,data/raw\aromapure\product_pages\9538911174938_50884874371354.html
9538929787162_49450136731930,AromaPure,AromaPure Official,"Premium Air Freshener for Room, Cabana Blue & Beautiful Day 220ML | Fruity and Refreshing Fragrance for Home, Bathroom & Office | Eliminates Odor - 1","Premium Air Freshener for Room, Cabana Blue & Beautiful Day 220ML | Fruity and Refreshing Fragrance for Home, Bathroom & Office | Eliminates Odor - 1",Bathroom Freshener & Block,Block / Pocket Freshener,195.0,498.0,60.84,calculated,,224.0,,AromaPure Official,,In Stock,1,220.0,ml,220.0,195.0,,88.64,https://aromahpure.com/products/premium-air-freshener-for-room-cabana-blue-beautiful-day,2026-09-24T05:03:54.351883+00:00,data/raw\aromapure\product_pages\9538929787162_49450136731930.html
9538929787162_49450136764698,AromaPure,AromaPure Official,"Premium Air Freshener for Room, Cabana Blue & Beautiful Day 220ML | Fruity and Refreshing Fragrance for Home, Bathroom & Office | Eliminates Odor - 2","Premium Air Freshener for Room, Cabana Blue & Beautiful Day 220ML | Fruity and Refreshing Fragrance for Home, Bathroom & Office | Eliminates Odor - 2",Bathroom Freshener & Block,Block / Pocket Freshener,389.0,996.0,60.94,calculated,,224.0,,AromaPure Official,,In Stock,1,220.0,ml,220.0,389.0,,176.82,https://aromahpure.com/products/premium-air-freshener-for-room-cabana-blue-beautiful-day,2026-09-24T05:03:54.351883+00:00,data/raw\aromapure\product_pages\9538929787162_49450136731930.html
9514223272218_49361212899610,AromaPure,AromaPure Official,Reed Diffuser - White Jasmine | 120 ML | 6 Reed Sticks - 1,Reed Diffuser - White Jasmine | 120 ML | 6 Reed Sticks - 1,Reed Diffuser & Fragrance Oil,Diffuser / Aroma Oil,499.0,749.0,33.38,calculated,,56.0,,AromaPure Official,,In Stock,1,120.0,ml,120.0,499.0,,415.83,https://aromahpure.com/products/premium-jasmine-reed-diffuser-120-ml,2026-09-24T05:03:54.351883+00:00,data/raw\aromapure\product_pages\9514223272218_49361212899610.html
9514223272218_49361212932378,AromaPure,AromaPure Official,Reed Diffuser - White Jasmine | 120 ML | 6 Reed Sticks - 2,Reed Diffuser - White Jasmine | 120 ML | 6 Reed Sticks - 2,Reed Diffuser & Fragrance Oil,Diffuser / Aroma Oil,948.0,1498.0,36.72,calculated,,56.0,,AromaPure Official,,In Stock,1,120.0,ml,120.0,948.0,,790.0,https://aromahpure.com/products/premium-jasmine-reed-diffuser-120-ml,2026-09-24T05:03:54.351883+00:00,data/raw\aromapure\product_pages\9514223272218_49361212899610.html
9514223272218_49361212965146,AromaPure,AromaPure Official,Reed Diffuser - White Jasmine | 120 ML | 6 Reed Sticks - 3,Reed Diffuser - White Jasmine | 120 ML | 6 Reed Sticks - 3,Reed Diffuser & Fragrance Oil,Diffuser / Aroma Oil,1349.0,2247.0,39.96,calculated,,56.0,,AromaPure Official,,In Stock,1,120.0,ml,120.0,1349.0,,1124.17,https://aromahpure.com/products/premium-jasmine-reed-diffuser-120-ml,2026-09-24T05:03:54.351883+00:00,data/raw\aromapure\product_pages\9514223272218_49361212899610.html
9514240999706_49361274143002,AromaPure,AromaPure Official,Reed Diffuser - French Lavender | 120 ML | 6 Reed Sticks - 1,Reed Diffuser - French Lavender | 120 ML | 6 Reed Sticks - 1,Reed Diffuser & Fragrance Oil,Diffuser / Aroma Oil,499.0,749.0,33.38,calculated,,48.0,,AromaPure Official,,Out of Stock,1,120.0,ml,120.0,499.0,,415.83,https://aromahpure.com/products/premium-french-lavender-reed-diffuser-120-ml,2026-09-24T05:03:54.351883+00:00,data/raw\aromapure\product_pages\9514240999706_49361274143002.html
9514240999706_49361274175770,AromaPure,AromaPure Official,Reed Diffuser - French Lavender | 120 ML | 6 Reed Sticks - 2,Reed Diffuser - French Lavender | 120 ML | 6 Reed Sticks - 2,Reed Diffuser & Fragrance Oil,Diffuser / Aroma Oil,948.0,1498.0,36.72,calculated,,48.0,,AromaPure Official,,In Stock,1,120.0,ml,120.0,948.0,,790.0,https://aromahpure.com/products/premium-french-lavender-reed-diffuser-120-ml,2026-09-24T05:03:54.351883+00:00,data/raw\aromapure\product_pages\9514240999706_49361274143002.html
9514240999706_49361274208538,AromaPure,AromaPure Official,Reed Diffuser - French Lavender | 120 ML | 6 Reed Sticks - 3,Reed Diffuser - French Lavender | 120 ML | 6 Reed Sticks - 3,Reed Diffuser & Fragrance Oil,Diffuser / Aroma Oil,1349.0,2247.0,39.96,calculated,,48.0,,AromaPure Official,,In Stock,1,120.0,ml,120.0,1349.0,,1124.17,https://aromahpure.com/products/premium-french-lavender-reed-diffuser-120-ml,2026-09-24T05:03:54.351883+00:00,data/raw\aromapure\product_pages\9514240999706_49361274143002.html
9514244014362_49361289543962,AromaPure,AromaPure Official,Reed Diffuser - Thai Lemongrass | 120 ML | 6 Reed Sticks - 1,Reed Diffuser - Thai Lemongrass | 120 ML | 6 Reed Sticks - 1,Reed Diffuser & Fragrance Oil,Diffuser / Aroma Oil,499.0,749.0,33.38,calculated,,57.0,,AromaPure Official,,In Stock,1,120.0,ml,120.0,499.0,,415.83,https://aromahpure.com/products/premium-lemongrass-reed-diffuser-120-ml,2026-09-24T05:03:54.351883+00:00,data/raw\aromapure\product_pages\9514244014362_49361289543962.html
9514244014362_49361289576730,AromaPure,AromaPure Official,Reed Diffuser - Thai Lemongrass | 120 ML | 6 Reed Sticks - 2,Reed Diffuser - Thai Lemongrass | 120 ML | 6 Reed Sticks - 2,Reed Diffuser & Fragrance Oil,Diffuser / Aroma Oil,948.0,1498.0,36.72,calculated,,57.0,,AromaPure Official,,In Stock,1,120.0,ml,120.0,948.0,,790.0,https://aromahpure.com/products/premium-lemongrass-reed-diffuser-120-ml,2026-09-24T05:03:54.351883+00:00,data/raw\aromapure\product_pages\9514244014362_49361289543962.html
9514244014362_49361289609498,AromaPure,AromaPure Official,Reed Diffuser - Thai Lemongrass | 120 ML | 6 Reed Sticks - 3,Reed Diffuser - Thai Lemongrass | 120 ML | 6 Reed Sticks - 3,Reed Diffuser & Fragrance Oil,Diffuser / Aroma Oil,1349.0,2247.0,39.96,calculated,,57.0,,AromaPure Official,,In Stock,1,120.0,ml,120.0,1349.0,,1124.17,https://aromahpure.com/products/premium-lemongrass-reed-diffuser-120-ml,2026-09-24T05:03:54.351883+00:00,data/raw\aromapure\product_pages\9514244014362_49361289543962.html
9514254205210_49361326670106,AromaPure,AromaPure Official,Reed Diffuser - Warm Vanilla | 120 ML | 6 Reed Sticks - 1,Reed Diffuser  - Warm Vanilla | 120 ML | 6 Reed Sticks - 1,Reed Diffuser & Fragrance Oil,Diffuser / Aroma Oil,499.0,749.0,33.38,calculated,,56.0,,AromaPure Official,,In Stock,1,120.0,ml,120.0,499.0,,415.83,https://aromahpure.com/products/premium-vanilla-reed-diffuser-120-ml-with-6-fiber-reed-sticks,2026-09-24T05:03:54.351883+00:00,data/raw\aromapure\product_pages\9514254205210_49361326670106.html
9514254205210_49361326702874,AromaPure,AromaPure Official,Reed Diffuser - Warm Vanilla | 120 ML | 6 Reed Sticks - 2,Reed Diffuser  - Warm Vanilla | 120 ML | 6 Reed Sticks - 2,Reed Diffuser & Fragrance Oil,Diffuser / Aroma Oil,948.0,1498.0,36.72,calculated,,56.0,,AromaPure Official,,In Stock,1,120.0,ml,120.0,948.0,,790.0,https://aromahpure.com/products/premium-vanilla-reed-diffuser-120-ml-with-6-fiber-reed-sticks,2026-09-24T05:03:54.351883+00:00,data/raw\aromapure\product_pages\9514254205210_49361326670106.html
9514254205210_49361326735642,AromaPure,AromaPure Official,Reed Diffuser - Warm Vanilla | 120 ML | 6 Reed Sticks - 3,Reed Diffuser  - Warm Vanilla | 120 ML | 6 Reed Sticks - 3,Reed Diffuser & Fragrance Oil,Diffuser / Aroma Oil,1349.0,2247.0,39.96,calculated,,56.0,,AromaPure Official,,In Stock,1,120.0,ml,120.0,1349.0,,1124.17,https://aromahpure.com/products/premium-vanilla-reed-diffuser-120-ml-with-6-fiber-reed-sticks,2026-09-24T05:03:54.351883+00:00,data/raw\aromapure\product_pages\9514254205210_49361326670106.html
8906894901530_47603186041114,AromaPure,AromaPure Official,Sandalwood Fragrance Oil - Aromahpure - Sandalwood / 1 / Sandalwood,Sandalwood Fragrance Oil - Aromahpure - Sandalwood / 1 / Sandalwood,Reed Diffuser & Fragrance Oil,Diffuser / Aroma Oil,99.0,499.0,80.16,calculated,,2.0,,AromaPure Official,,In Stock,1,,,,99.0,,,https://aromahpure.com/products/sandalwood-fragrance-oil-aromahpure,2026-09-24T05:03:54.351883+00:00,data/raw\aromapure\product_pages\8906894901530_47603186041114.html
8939419369754_47743555371290,AromaPure,AromaPure Official,"Aromahpure Soy Wax Jar Valentine Day Candles (Choco, Strawberry, Rose, Lavender)","Aromahpure Soy Wax Jar Valentine Day Candles (Choco, Strawberry, Rose, Lavender)",Scented Candle & Wax,Scented Candle,1190.0,1996.0,40.38,calculated,,,,,,In Stock,1,,,,1190.0,,,https://aromahpure.com/products/valentine-day-candles-choco-strawberry-rose-lavender,2026-09-24T05:03:54.351883+00:00,data/raw\aromapure\product_pages\8939419369754_47743555371290.html
8720343892250_46935486660890,AromaPure,AromaPure Official,"Black Screw Jar Soy Wax Candles | Warm Cinnamon, Coffee Delight, Royal Oudh, Zesty Bergamot & Thai Lemongrass | 36 Hours Burning Time | Long Lasting Aroma Candles | Scented Candles for Home Decor - Warm Cinnamon, Coffee Delight, Royal Oudh, Zesty Bergamot, Thai Lemongrass / 1 / Cinnamon, Coffee, Oudh, Bergamot, Lemongrass","Black Screw Jar Soy Wax Candles | Warm Cinnamon, Coffee Delight, Royal Oudh, Zesty Bergamot & Thai Lemongrass | 36 Hours Burning Time | Long Lasting Aroma Candles | Scented Candles for Home Decor - Warm Cinnamon, Coffee Delight, Royal Oudh, Zesty Bergamot, Thai Lemongrass / 1 / Cinnamon, Coffee, Oudh, Bergamot, Lemongrass",Scented Candle & Wax,Scented Candle,2608.0,2745.0,4.99,calculated,,,,,,Out of Stock,1,,,,2608.0,,,https://aromahpure.com/products/soy-wax-black-screw-jar-candles-warm-cinnamon-coffee-delight-royal-oudh-bergamot-thai-lemongrass,2026-09-24T05:03:54.351883+00:00,data/raw\aromapure\product_pages\8720343892250_46935486660890.html
8720329802010_46935283728666,AromaPure,AromaPure Official,Black Screw Jar Aroma Candle | Lemongrass - 1,Black Screw Jar Aroma Candle | Lemongrass - 1,Scented Candle & Wax,Scented Candle,399.0,549.0,27.32,calculated,,39.0,,AromaPure Official,,In Stock,1,,,,399.0,,,https://aromahpure.com/products/soy-wax-black-screw-jar-candles-thai-lemongrass,2026-09-24T05:03:54.351883+00:00,data/raw\aromapure\product_pages\8720329802010_46935283728666.html
8720329802010_46965660254490,AromaPure,AromaPure Official,Black Screw Jar Aroma Candle | Lemongrass - 2,Black Screw Jar Aroma Candle | Lemongrass - 2,Scented Candle & Wax,Scented Candle,759.0,1098.0,30.87,calculated,,39.0,,AromaPure Official,,In Stock,1,,,,759.0,,,https://aromahpure.com/products/soy-wax-black-screw-jar-candles-thai-lemongrass,2026-09-24T05:03:54.351883+00:00,data/raw\aromapure\product_pages\8720329802010_46935283728666.html
8720329802010_46965660287258,AromaPure,AromaPure Official,Black Screw Jar Aroma Candle | Lemongrass - 3,Black Screw Jar Aroma Candle | Lemongrass - 3,Scented Candle & Wax,Scented Candle,1080.0,1647.0,34.43,calculated,,39.0,,AromaPure Official,,In Stock,1,,,,1080.0,,,https://aromahpure.com/products/soy-wax-black-screw-jar-candles-thai-lemongrass,2026-09-24T05:03:54.351883+00:00,data/raw\aromapure\product_pages\8720329802010_46935283728666.html
8720315613466_46935154884890,AromaPure,AromaPure Official,Black Screw Jar Aroma Candle | Bergamot,Black Screw Jar Aroma Candle | Bergamot,Scented Candle & Wax,Scented Candle,399.0,549.0,27.32,calculated,,39.0,,AromaPure Official,,In Stock,1,,,,399.0,,,https://aromahpure.com/products/soy-wax-black-screw-jar-candles-prince-of-citrus,2026-09-24T05:03:54.351883+00:00,data/raw\aromapure\product_pages\8720315613466_46935154884890.html
8720300900634_46935032627482,AromaPure,AromaPure Official,Black Screw Jar Aroma Candle | Oudh - 1,Black Screw Jar Aroma Candle | Oudh - 1,Scented Candle & Wax,Scented Candle,399.0,549.0,27.32,calculated,,42.0,,AromaPure Official,,Out of Stock,1,,,,399.0,,,https://aromahpure.com/products/soy-wax-black-screw-jar-candles-royal-oudh,2026-09-24T05:03:54.351883+00:00,data/raw\aromapure\product_pages\8720300900634_46935032627482.html
8720300900634_46965918040346,AromaPure,AromaPure Official,Black Screw Jar Aroma Candle | Oudh - 2,Black Screw Jar Aroma Candle | Oudh - 2,Scented Candle & Wax,Scented Candle,759.0,1098.0,30.87,calculated,,42.0,,AromaPure Official,,Out of Stock,1,,,,759.0,,,https://aromahpure.com/products/soy-wax-black-screw-jar-candles-royal-oudh,2026-09-24T05:03:54.351883+00:00,data/raw\aromapure\product_pages\8720300900634_46935032627482.html
8720300900634_46965918073114,AromaPure,AromaPure Official,Black Screw Jar Aroma Candle | Oudh - 3,Black Screw Jar Aroma Candle | Oudh - 3,Scented Candle & Wax,Scented Candle,1080.0,1647.0,34.43,calculated,,42.0,,AromaPure Official,,Out of Stock,1,,,,1080.0,,,https://aromahpure.com/products/soy-wax-black-screw-jar-candles-royal-oudh,2026-09-24T05:03:54.351883+00:00,data/raw\aromapure\product_pages\8720300900634_46935032627482.html
8720287990042_46934940057882,AromaPure,AromaPure Official,Black Screw Jar Aroma Candle | Coffee - 1,Black Screw Jar Aroma Candle | Coffee - 1,Scented Candle & Wax,Scented Candle,399.0,549.0,27.32,calculated,,40.0,,AromaPure Official,,In Stock,1,,,,399.0,,,https://aromahpure.com/products/soy-wax-black-screw-jar-candles-mocha-muse,2026-09-24T05:03:54.351883+00:00,data/raw\aromapure\product_pages\8720287990042_46934940057882.html
8720287990042_46965925740826,AromaPure,AromaPure Official,Black Screw Jar Aroma Candle | Coffee - 2,Black Screw Jar Aroma Candle | Coffee - 2,Scented Candle & Wax,Scented Candle,759.0,1098.0,30.87,calculated,,40.0,,AromaPure Official,,In Stock,1,,,,759.0,,,https://aromahpure.com/products/soy-wax-black-screw-jar-candles-mocha-muse,2026-09-24T05:03:54.351883+00:00,data/raw\aromapure\product_pages\8720287990042_46934940057882.html
8720287990042_46965925773594,AromaPure,AromaPure Official,Black Screw Jar Aroma Candle | Coffee - 3,Black Screw Jar Aroma Candle | Coffee - 3,Scented Candle & Wax,Scented Candle,1080.0,1647.0,34.43,calculated,,40.0,,AromaPure Official,,Out of Stock,1,,,,1080.0,,,https://aromahpure.com/products/soy-wax-black-screw-jar-candles-mocha-muse,2026-09-24T05:03:54.351883+00:00,data/raw\aromapure\product_pages\8720287990042_46934940057882.html
8720262037786_46934794895642,AromaPure,AromaPure Official,Black Screw Jar Aroma Candle | Cinnamon - 1,Black Screw Jar Aroma Candle | Cinnamon - 1,Scented Candle & Wax,Scented Candle,399.0,549.0,27.32,calculated,,40.0,,AromaPure Official,,In Stock,1,,,,399.0,,,https://aromahpure.com/products/soy-wax-black-screw-jar-candles-warm-cinnamon,2026-09-24T05:03:54.351883+00:00,data/raw\aromapure\product_pages\8720262037786_46934794895642.html
8720262037786_46965931311386,AromaPure,AromaPure Official,Black Screw Jar Aroma Candle | Cinnamon - 2,Black Screw Jar Aroma Candle | Cinnamon - 2,Scented Candle & Wax,Scented Candle,759.0,1098.0,30.87,calculated,,40.0,,AromaPure Official,,In Stock,1,,,,759.0,,,https://aromahpure.com/products/soy-wax-black-screw-jar-candles-warm-cinnamon,2026-09-24T05:03:54.351883+00:00,data/raw\aromapure\product_pages\8720262037786_46934794895642.html
8720262037786_46965931344154,AromaPure,AromaPure Official,Black Screw Jar Aroma Candle | Cinnamon - 3,Black Screw Jar Aroma Candle | Cinnamon - 3,Scented Candle & Wax,Scented Candle,1080.0,1647.0,34.43,calculated,,40.0,,AromaPure Official,,In Stock,1,,,,1080.0,,,https://aromahpure.com/products/soy-wax-black-screw-jar-candles-warm-cinnamon,2026-09-24T05:03:54.351883+00:00,data/raw\aromapure\product_pages\8720262037786_46934794895642.html
8720844718362_46937589678362,AromaPure,AromaPure Official,"Soy Wax Golden Screw Jar Candles | Vanilla Fantasy, Charming Rose, Warm Cinnamon & Joyful Lavender | Long Lasting Aroma Candles | Scented Candles for Home Decor - Vanilla Fantasy, Charming Rose, Warm Cinnamon, Joyful Lavender / 1 / Vanilla, Rose, Cinnamon, Lavender","Soy Wax Golden Screw Jar Candles | Vanilla Fantasy, Charming Rose, Warm Cinnamon & Joyful Lavender | Long Lasting Aroma Candles | Scented Candles for Home Decor - Vanilla Fantasy, Charming Rose, Warm Cinnamon, Joyful Lavender / 1 / Vanilla, Rose, Cinnamon, Lavender",Scented Candle & Wax,Scented Candle,1897.0,1997.0,5.01,calculated,,,,,,Out of Stock,1,,,,1897.0,,,https://aromahpure.com/products/soy-wax-golden-screw-jar-candles-vanilla-fantasy-charming-rose-warm-cinnamon-joyful-lavender,2026-09-24T05:03:54.351883+00:00,data/raw\aromapure\product_pages\8720844718362_46937589678362.html
8720812179738_46937409814810,AromaPure,AromaPure Official,Golden Screw Jar Aroma Candle | Vanilla & Frangipani | Pack of 2,Golden Screw Jar Aroma Candle | Vanilla & Frangipani | Pack of 2,Scented Candle & Wax,Scented Candle,399.0,499.0,20.04,calculated,,,,,,In Stock,2,1.0,count,2.0,199.5,,,https://aromahpure.com/products/soy-wax-golden-screw-jar-candles-vanilla-fantasy-frangipani-dream,2026-09-24T05:03:54.351883+00:00,data/raw\aromapure\product_pages\8720812179738_46937409814810.html
8720770629914_46937206784282,AromaPure,AromaPure Official,Golden Screw Jar Aroma Candle | Vanilla & Lavender | Pack of 2,Golden Screw Jar Aroma Candle | Vanilla & Lavender | Pack of 2,Scented Candle & Wax,Scented Candle,399.0,499.0,20.04,calculated,,1.0,,AromaPure Official,,Out of Stock,2,1.0,count,2.0,199.5,,,https://aromahpure.com/products/soy-wax-golden-screw-jar-candles-vanilla-fantasy-joyful-lavender,2026-09-24T05:03:54.351883+00:00,data/raw\aromapure\product_pages\8720770629914_46937206784282.html
8720713187610_46936866717978,AromaPure,AromaPure Official,Golden Screw Jar Aroma Candle | Vanilla & Rose | Pack of 2,Golden Screw Jar Aroma Candle | Vanilla & Rose | Pack of 2,Scented Candle & Wax,Scented Candle,399.0,499.0,20.04,calculated,,,,,,Out of Stock,2,1.0,count,2.0,199.5,,,https://aromahpure.com/products/soy-wax-golden-screw-jar-candles-vanilla-fantasy-charming-rose,2026-09-24T05:03:54.351883+00:00,data/raw\aromapure\product_pages\8720713187610_46936866717978.html
8720681173274_46936603001114,AromaPure,AromaPure Official,Golden Screw Jar Aroma Candle | Vanilla & Lemongrass | Pack of 2,Golden Screw Jar Aroma Candle | Vanilla & Lemongrass | Pack of 2,Scented Candle & Wax,Scented Candle,399.0,499.0,20.04,calculated,,,,,,Out of Stock,2,1.0,count,2.0,199.5,,,https://aromahpure.com/products/soy-wax-golden-screw-jar-candles-vanilla-fantasy-thai-lemongrass,2026-09-24T05:03:54.351883+00:00,data/raw\aromapure\product_pages\8720681173274_46936603001114.html
8717134397722_46927976399130,AromaPure,AromaPure Official,Golden Screw Jar Aroma Candle | Vanilla | Pack of 2,Golden Screw Jar Aroma Candle | Vanilla | Pack of 2,Scented Candle & Wax,Scented Candle,399.0,499.0,20.04,calculated,,,,,,In Stock,2,1.0,count,2.0,199.5,,,https://aromahpure.com/products/soy-wax-golden-screw-jar-candles-vanilla-fantasy,2026-09-24T05:03:54.351883+00:00,data/raw\aromapure\product_pages\8717134397722_46927976399130.html
8588938805530_46573560660250,AromaPure,AromaPure Official,"Addiction Car Perfume Flakes | Leather Fragrance | Luxury Hanging Car Fragrance | Premium Fresheners for Cars, Closets, and Enclosed Areas - Addiction / 1 / Leather","Addiction Car Perfume Flakes | Leather Fragrance | Luxury Hanging Car Fragrance | Premium Fresheners for Cars, Closets, and Enclosed Areas - Addiction / 1 / Leather",Ambient Fragrance (General),Ambient Freshener,299.0,599.0,50.08,calculated,,,,,,In Stock,1,,,,299.0,,,https://aromahpure.com/products/premium-flakes-car-perfume-aromatic-leather-hanging-car-air-freshener,2026-09-24T05:03:54.351883+00:00,data/raw\aromapure\product_pages\8588938805530_46573560660250.html
8588938805530_46573560725786,AromaPure,AromaPure Official,"Addiction Car Perfume Flakes | Leather Fragrance | Luxury Hanging Car Fragrance | Premium Fresheners for Cars, Closets, and Enclosed Areas - Addiction / 2 / Leather","Addiction Car Perfume Flakes | Leather Fragrance | Luxury Hanging Car Fragrance | Premium Fresheners for Cars, Closets, and Enclosed Areas - Addiction / 2 / Leather",Ambient Fragrance (General),Ambient Freshener,569.0,1198.0,52.5,calculated,,,,,,Out of Stock,1,,,,569.0,,,https://aromahpure.com/products/premium-flakes-car-perfume-aromatic-leather-hanging-car-air-freshener,2026-09-24T05:03:54.351883+00:00,data/raw\aromapure\product_pages\8588938805530_46573560660250.html
8588938805530_46573560791322,AromaPure,AromaPure Official,"Addiction Car Perfume Flakes | Leather Fragrance | Luxury Hanging Car Fragrance | Premium Fresheners for Cars, Closets, and Enclosed Areas - Addiction / 3 / Leather","Addiction Car Perfume Flakes | Leather Fragrance | Luxury Hanging Car Fragrance | Premium Fresheners for Cars, Closets, and Enclosed Areas - Addiction / 3 / Leather",Ambient Fragrance (General),Ambient Freshener,809.0,1797.0,54.98,calculated,,,,,,Out of Stock,1,,,,809.0,,,https://aromahpure.com/products/premium-flakes-car-perfume-aromatic-leather-hanging-car-air-freshener,2026-09-24T05:03:54.351883+00:00,data/raw\aromapure\product_pages\8588938805530_46573560660250.html
8200875409690_45306720223514,AromaPure,AromaPure Official,Silver Screw Jar Aroma Candle | Rose & Earth | Pack of 2,Silver Screw Jar Aroma Candle | Rose & Earth | Pack of 2,Scented Candle & Wax,Scented Candle,349.0,449.0,22.27,calculated,,,,,,Out of Stock,2,1.0,count,2.0,174.5,,,https://aromahpure.com/products/soy-wax-candle-screw-jar-rose-earth-scent,2026-09-24T05:03:54.351883+00:00,data/raw\aromapure\product_pages\8200875409690_45306720223514.html
8200875770138_45306720911642,AromaPure,AromaPure Official,Silver Screw Jar Aroma Candle | Rose & Vanilla | Pack of 2,Silver Screw Jar Aroma Candle | Rose & Vanilla | Pack of 2,Scented Candle & Wax,Scented Candle,349.0,449.0,22.27,calculated,,1.0,,AromaPure Official,,Out of Stock,2,1.0,count,2.0,174.5,,,https://aromahpure.com/products/soy-wax-candle-screw-jar-rose-vanilla,2026-09-24T05:03:54.351883+00:00,data/raw\aromapure\product_pages\8200875770138_45306720911642.html
8200876130586_45306721599770,AromaPure,AromaPure Official,Silver Screw Jar Aroma Candle | Rose & Lemon | Pack of 2,Silver Screw Jar Aroma Candle | Rose & Lemon | Pack of 2,Scented Candle & Wax,Scented Candle,325.0,449.0,27.62,calculated,,,,,,Out of Stock,2,1.0,count,2.0,162.5,,,https://aromahpure.com/products/soy-wax-candle-screw-jar-rose-lemongrass,2026-09-24T05:03:54.351883+00:00,data/raw\aromapure\product_pages\8200876130586_45306721599770.html
8200877408538_45306722517274,AromaPure,AromaPure Official,Silver Screw Jar Aroma Candle | Rose | Pack of 2,Silver Screw Jar Aroma Candle | Rose | Pack of 2,Scented Candle & Wax,Scented Candle,349.0,449.0,22.27,calculated,,,,,,In Stock,2,1.0,count,2.0,174.5,,,https://aromahpure.com/products/soy-wax-screw-jar-candle-rose,2026-09-24T05:03:54.351883+00:00,data/raw\aromapure\product_pages\8200877408538_45306722517274.html
8484929700122_45940618133786,AromaPure,AromaPure Official,Silver Screw Jar Aroma Candle | Rose & Lavender | Pack of 2,Silver Screw Jar Aroma Candle | Rose & Lavender | Pack of 2,Scented Candle & Wax,Scented Candle,349.0,499.0,30.06,calculated,,,,,,Out of Stock,2,1.0,count,2.0,174.5,,,https://aromahpure.com/products/soy-wax-jar-candles-rose-lavender,2026-09-24T05:03:54.351883+00:00,data/raw\aromapure\product_pages\8484929700122_45940618133786.html
8251599487258_45017014927642,AromaPure,AromaPure Official,"Fragrance Oil - Aroma Oil for Aroma Therapy, Diffusers, Candles and Air Fresheners | Ylang-Ylang 15 ml - 1","Fragrance Oil - Aroma Oil for Aroma Therapy, Diffusers, Candles and Air Fresheners  | Ylang-Ylang 15 ml - 1",Scented Candle & Wax,Scented Candle,179.0,499.0,64.13,calculated,,,,,,In Stock,1,15.0,ml,15.0,179.0,,1193.33,https://aromahpure.com/products/ylang-ylang-fragrance-oil,2026-09-24T05:03:54.351883+00:00,data/raw\aromapure\product_pages\8251599487258_45017014927642.html
8251599487258_45371836399898,AromaPure,AromaPure Official,"Fragrance Oil - Aroma Oil for Aroma Therapy, Diffusers, Candles and Air Fresheners | Ylang-Ylang 15 ml - 2","Fragrance Oil - Aroma Oil for Aroma Therapy, Diffusers, Candles and Air Fresheners  | Ylang-Ylang 15 ml - 2",Scented Candle & Wax,Scented Candle,340.0,998.0,65.93,calculated,,,,,,In Stock,1,15.0,ml,15.0,340.0,,2266.67,https://aromahpure.com/products/ylang-ylang-fragrance-oil,2026-09-24T05:03:54.351883+00:00,data/raw\aromapure\product_pages\8251599487258_45017014927642.html
8251599487258_45371836432666,AromaPure,AromaPure Official,"Fragrance Oil - Aroma Oil for Aroma Therapy, Diffusers, Candles and Air Fresheners | Ylang-Ylang 15 ml - 3","Fragrance Oil - Aroma Oil for Aroma Therapy, Diffusers, Candles and Air Fresheners  | Ylang-Ylang 15 ml - 3",Scented Candle & Wax,Scented Candle,485.0,1497.0,67.6,calculated,,,,,,In Stock,1,15.0,ml,15.0,485.0,,3233.33,https://aromahpure.com/products/ylang-ylang-fragrance-oil,2026-09-24T05:03:54.351883+00:00,data/raw\aromapure\product_pages\8251599487258_45017014927642.html
8251599454490_45017014894874,AromaPure,AromaPure Official,"Fragrance Oil - Aroma Oil for Aroma Therapy, Diffusers, Candles and Air Fresheners | Tea Tree 15 ml - 1","Fragrance Oil - Aroma Oil for Aroma Therapy, Diffusers, Candles and Air Fresheners  | Tea Tree 15 ml - 1",Scented Candle & Wax,Scented Candle,179.0,499.0,64.13,calculated,,,,,,In Stock,1,15.0,ml,15.0,179.0,,1193.33,https://aromahpure.com/products/tea-tree-fragrance-oil,2026-09-24T05:03:54.351883+00:00,data/raw\aromapure\product_pages\8251599454490_45017014894874.html
8251599454490_45371836956954,AromaPure,AromaPure Official,"Fragrance Oil - Aroma Oil for Aroma Therapy, Diffusers, Candles and Air Fresheners | Tea Tree 15 ml - 2","Fragrance Oil - Aroma Oil for Aroma Therapy, Diffusers, Candles and Air Fresheners  | Tea Tree 15 ml - 2",Scented Candle & Wax,Scented Candle,340.0,998.0,65.93,calculated,,,,,,In Stock,1,15.0,ml,15.0,340.0,,2266.67,https://aromahpure.com/products/tea-tree-fragrance-oil,2026-09-24T05:03:54.351883+00:00,data/raw\aromapure\product_pages\8251599454490_45017014894874.html
8251599454490_45371836989722,AromaPure,AromaPure Official,"Fragrance Oil - Aroma Oil for Aroma Therapy, Diffusers, Candles and Air Fresheners | Tea Tree 15 ml - 3","Fragrance Oil - Aroma Oil for Aroma Therapy, Diffusers, Candles and Air Fresheners  | Tea Tree 15 ml - 3",Scented Candle & Wax,Scented Candle,485.0,1497.0,67.6,calculated,,,,,,In Stock,1,15.0,ml,15.0,485.0,,3233.33,https://aromahpure.com/products/tea-tree-fragrance-oil,2026-09-24T05:03:54.351883+00:00,data/raw\aromapure\product_pages\8251599454490_45017014894874.html
8251599421722_45017014862106,AromaPure,AromaPure Official,"Fragrance Oil - Aroma Oil for Aroma Therapy, Diffusers, Candles and Air Fresheners | Sandalwood 15 ml - 1","Fragrance Oil - Aroma Oil for Aroma Therapy, Diffusers, Candles and Air Fresheners | Sandalwood 15 ml - 1",Scented Candle & Wax,Scented Candle,179.0,499.0,64.13,calculated,,,,,,In Stock,1,15.0,ml,15.0,179.0,,1193.33,https://aromahpure.com/products/sandalwood-fragrance-oil,2026-09-24T05:03:54.351883+00:00,data/raw\aromapure\product_pages\8251599421722_45017014862106.html
8251599421722_45371825651994,AromaPure,AromaPure Official,"Fragrance Oil - Aroma Oil for Aroma Therapy, Diffusers, Candles and Air Fresheners | Sandalwood 15 ml - 2","Fragrance Oil - Aroma Oil for Aroma Therapy, Diffusers, Candles and Air Fresheners | Sandalwood 15 ml - 2",Scented Candle & Wax,Scented Candle,340.0,998.0,65.93,calculated,,,,,,In Stock,1,15.0,ml,15.0,340.0,,2266.67,https://aromahpure.com/products/sandalwood-fragrance-oil,2026-09-24T05:03:54.351883+00:00,data/raw\aromapure\product_pages\8251599421722_45017014862106.html
8251599421722_45371825684762,AromaPure,AromaPure Official,"Fragrance Oil - Aroma Oil for Aroma Therapy, Diffusers, Candles and Air Fresheners | Sandalwood 15 ml - 3","Fragrance Oil - Aroma Oil for Aroma Therapy, Diffusers, Candles and Air Fresheners | Sandalwood 15 ml - 3",Scented Candle & Wax,Scented Candle,485.0,1497.0,67.6,calculated,,,,,,In Stock,1,15.0,ml,15.0,485.0,,3233.33,https://aromahpure.com/products/sandalwood-fragrance-oil,2026-09-24T05:03:54.351883+00:00,data/raw\aromapure\product_pages\8251599421722_45017014862106.html
8251599388954_45017014829338,AromaPure,AromaPure Official,"Fragrance Oil - Aroma Oil for Aroma Therapy, Diffusers, Candles and Air Fresheners | Rosemary 15 ml - 1","Fragrance Oil - Aroma Oil for Aroma Therapy, Diffusers, Candles and Air Fresheners | Rosemary 15 ml - 1",Scented Candle & Wax,Scented Candle,179.0,499.0,64.13,calculated,,1.0,,AromaPure Official,,In Stock,1,15.0,ml,15.0,179.0,,1193.33,https://aromahpure.com/products/rosemary-fragrance-oil,2026-09-24T05:03:54.351883+00:00,data/raw\aromapure\product_pages\8251599388954_45017014829338.html
8251599388954_45371837645082,AromaPure,AromaPure Official,"Fragrance Oil - Aroma Oil for Aroma Therapy, Diffusers, Candles and Air Fresheners | Rosemary 15 ml - 2","Fragrance Oil - Aroma Oil for Aroma Therapy, Diffusers, Candles and Air Fresheners | Rosemary 15 ml - 2",Scented Candle & Wax,Scented Candle,340.0,998.0,65.93,calculated,,1.0,,AromaPure Official,,In Stock,1,15.0,ml,15.0,340.0,,2266.67,https://aromahpure.com/products/rosemary-fragrance-oil,2026-09-24T05:03:54.351883+00:00,data/raw\aromapure\product_pages\8251599388954_45017014829338.html
8251599388954_45371837677850,AromaPure,AromaPure Official,"Fragrance Oil - Aroma Oil for Aroma Therapy, Diffusers, Candles and Air Fresheners | Rosemary 15 ml - 3","Fragrance Oil - Aroma Oil for Aroma Therapy, Diffusers, Candles and Air Fresheners | Rosemary 15 ml - 3",Scented Candle & Wax,Scented Candle,485.0,1497.0,67.6,calculated,,1.0,,AromaPure Official,,In Stock,1,15.0,ml,15.0,485.0,,3233.33,https://aromahpure.com/products/rosemary-fragrance-oil,2026-09-24T05:03:54.351883+00:00,data/raw\aromapure\product_pages\8251599388954_45017014829338.html
8251599356186_45017014796570,AromaPure,AromaPure Official,"Fragrance Oil - Aroma Oil for Aroma Therapy, Diffusers, Candles and Air Fresheners | Rose 15 ml - 1","Fragrance Oil - Aroma Oil for Aroma Therapy, Diffusers, Candles and Air Fresheners | Rose 15 ml - 1",Scented Candle & Wax,Scented Candle,179.0,499.0,64.13,calculated,,1.0,,AromaPure Official,,In Stock,1,15.0,ml,15.0,179.0,,1193.33,https://aromahpure.com/products/rose-fragrance-oil,2026-09-24T05:03:54.351883+00:00,data/raw\aromapure\product_pages\8251599356186_45017014796570.html
8251599356186_45371834433818,AromaPure,AromaPure Official,"Fragrance Oil - Aroma Oil for Aroma Therapy, Diffusers, Candles and Air Fresheners | Rose 15 ml - 2","Fragrance Oil - Aroma Oil for Aroma Therapy, Diffusers, Candles and Air Fresheners | Rose 15 ml - 2",Scented Candle & Wax,Scented Candle,340.0,998.0,65.93,calculated,,1.0,,AromaPure Official,,In Stock,1,15.0,ml,15.0,340.0,,2266.67,https://aromahpure.com/products/rose-fragrance-oil,2026-09-24T05:03:54.351883+00:00,data/raw\aromapure\product_pages\8251599356186_45017014796570.html
8251599356186_45371834466586,AromaPure,AromaPure Official,"Fragrance Oil - Aroma Oil for Aroma Therapy, Diffusers, Candles and Air Fresheners | Rose 15 ml - 3","Fragrance Oil - Aroma Oil for Aroma Therapy, Diffusers, Candles and Air Fresheners | Rose 15 ml - 3",Scented Candle & Wax,Scented Candle,485.0,1497.0,67.6,calculated,,1.0,,AromaPure Official,,In Stock,1,15.0,ml,15.0,485.0,,3233.33,https://aromahpure.com/products/rose-fragrance-oil,2026-09-24T05:03:54.351883+00:00,data/raw\aromapure\product_pages\8251599356186_45017014796570.html
8251599290650_45017014567194,AromaPure,AromaPure Official,"Fragrance Oil - Aroma oil for aroma therapy, diffusers, candles and air fresheners | Peppermint 15 ml - 1","Fragrance Oil - Aroma oil for aroma therapy, diffusers, candles and air fresheners | Peppermint 15 ml - 1",Scented Candle & Wax,Scented Candle,179.0,499.0,64.13,calculated,,,,,,In Stock,1,15.0,ml,15.0,179.0,,1193.33,https://aromahpure.com/products/peppermint-fragrance-oil,2026-09-24T05:03:54.351883+00:00,data/raw\aromapure\product_pages\8251599290650_45017014567194.html
8251599290650_45371838497050,AromaPure,AromaPure Official,"Fragrance Oil - Aroma oil for aroma therapy, diffusers, candles and air fresheners | Peppermint 15 ml - 2","Fragrance Oil - Aroma oil for aroma therapy, diffusers, candles and air fresheners | Peppermint 15 ml - 2",Scented Candle & Wax,Scented Candle,340.0,998.0,65.93,calculated,,,,,,In Stock,1,15.0,ml,15.0,340.0,,2266.67,https://aromahpure.com/products/peppermint-fragrance-oil,2026-09-24T05:03:54.351883+00:00,data/raw\aromapure\product_pages\8251599290650_45017014567194.html
8251599290650_45371838529818,AromaPure,AromaPure Official,"Fragrance Oil - Aroma oil for aroma therapy, diffusers, candles and air fresheners | Peppermint 15 ml - 3","Fragrance Oil - Aroma oil for aroma therapy, diffusers, candles and air fresheners | Peppermint 15 ml - 3",Scented Candle & Wax,Scented Candle,485.0,1497.0,67.6,calculated,,,,,,In Stock,1,15.0,ml,15.0,485.0,,3233.33,https://aromahpure.com/products/peppermint-fragrance-oil,2026-09-24T05:03:54.351883+00:00,data/raw\aromapure\product_pages\8251599290650_45017014567194.html
8251599257882_45017014534426,AromaPure,AromaPure Official,"Fragrance Oil - Aroma oil for aroma therapy, diffusers, candles and air fresheners | Orange 15 ml - 1","Fragrance Oil - Aroma oil for aroma therapy, diffusers, candles and air fresheners | Orange 15 ml - 1",Scented Candle & Wax,Scented Candle,179.0,499.0,64.13,calculated,,2.0,,AromaPure Official,,In Stock,1,15.0,ml,15.0,179.0,,1193.33,https://aromahpure.com/products/orange-fragrance-oil,2026-09-24T05:03:54.351883+00:00,data/raw\aromapure\product_pages\8251599257882_45017014534426.html
8251599257882_45371841708314,AromaPure,AromaPure Official,"Fragrance Oil - Aroma oil for aroma therapy, diffusers, candles and air fresheners | Orange 15 ml - 2","Fragrance Oil - Aroma oil for aroma therapy, diffusers, candles and air fresheners | Orange 15 ml - 2",Scented Candle & Wax,Scented Candle,340.0,998.0,65.93,calculated,,2.0,,AromaPure Official,,In Stock,1,15.0,ml,15.0,340.0,,2266.67,https://aromahpure.com/products/orange-fragrance-oil,2026-09-24T05:03:54.351883+00:00,data/raw\aromapure\product_pages\8251599257882_45017014534426.html
8251599257882_45371841741082,AromaPure,AromaPure Official,"Fragrance Oil - Aroma oil for aroma therapy, diffusers, candles and air fresheners | Orange 15 ml - 3","Fragrance Oil - Aroma oil for aroma therapy, diffusers, candles and air fresheners | Orange 15 ml - 3",Scented Candle & Wax,Scented Candle,485.0,1497.0,67.6,calculated,,2.0,,AromaPure Official,,In Stock,1,15.0,ml,15.0,485.0,,3233.33,https://aromahpure.com/products/orange-fragrance-oil,2026-09-24T05:03:54.351883+00:00,data/raw\aromapure\product_pages\8251599257882_45017014534426.html
8251599192346_45017014468890,AromaPure,AromaPure Official,"Fragrance Oil - Aroma oil for aroma therapy, diffusers, candles and air fresheners | Lemongrass 15 ml - 1","Fragrance Oil - Aroma oil for aroma therapy, diffusers, candles and air fresheners | Lemongrass 15 ml - 1",Scented Candle & Wax,Scented Candle,179.0,499.0,64.13,calculated,,1.0,,AromaPure Official,,In Stock,1,15.0,ml,15.0,179.0,,1193.33,https://aromahpure.com/products/lemongrass-fragrance-oil,2026-09-24T05:03:54.351883+00:00,data/raw\aromapure\product_pages\8251599192346_45017014468890.html
8251599192346_45371842396442,AromaPure,AromaPure Official,"Fragrance Oil - Aroma oil for aroma therapy, diffusers, candles and air fresheners | Lemongrass 15 ml - 2","Fragrance Oil - Aroma oil for aroma therapy, diffusers, candles and air fresheners | Lemongrass 15 ml - 2",Scented Candle & Wax,Scented Candle,340.0,998.0,65.93,calculated,,1.0,,AromaPure Official,,In Stock,1,15.0,ml,15.0,340.0,,2266.67,https://aromahpure.com/products/lemongrass-fragrance-oil,2026-09-24T05:03:54.351883+00:00,data/raw\aromapure\product_pages\8251599192346_45017014468890.html
8251599192346_45371842429210,AromaPure,AromaPure Official,"Fragrance Oil - Aroma oil for aroma therapy, diffusers, candles and air fresheners | Lemongrass 15 ml - 3","Fragrance Oil - Aroma oil for aroma therapy, diffusers, candles and air fresheners | Lemongrass 15 ml - 3",Scented Candle & Wax,Scented Candle,485.0,1497.0,67.6,calculated,,1.0,,AromaPure Official,,In Stock,1,15.0,ml,15.0,485.0,,3233.33,https://aromahpure.com/products/lemongrass-fragrance-oil,2026-09-24T05:03:54.351883+00:00,data/raw\aromapure\product_pages\8251599192346_45017014468890.html
8251599159578_45017014436122,AromaPure,AromaPure Official,"Fragrance Oil - Aroma Oil for Aroma Therapy, Diffusers, Candles and Air Fresheners | Lavender 15 ml - 1","Fragrance Oil - Aroma Oil for Aroma Therapy, Diffusers, Candles and Air Fresheners  | Lavender 15 ml - 1",Scented Candle & Wax,Scented Candle,179.0,499.0,64.13,calculated,,1.0,,AromaPure Official,,In Stock,1,15.0,ml,15.0,179.0,,1193.33,https://aromahpure.com/products/lavender-fragrance-oil,2026-09-24T05:03:54.351883+00:00,data/raw\aromapure\product_pages\8251599159578_45017014436122.html
8251599159578_45371834138906,AromaPure,AromaPure Official,"Fragrance Oil - Aroma Oil for Aroma Therapy, Diffusers, Candles and Air Fresheners | Lavender 15 ml - 2","Fragrance Oil - Aroma Oil for Aroma Therapy, Diffusers, Candles and Air Fresheners  | Lavender 15 ml - 2",Scented Candle & Wax,Scented Candle,340.0,998.0,65.93,calculated,,1.0,,AromaPure Official,,In Stock,1,15.0,ml,15.0,340.0,,2266.67,https://aromahpure.com/products/lavender-fragrance-oil,2026-09-24T05:03:54.351883+00:00,data/raw\aromapure\product_pages\8251599159578_45017014436122.html
8251599159578_45371834171674,AromaPure,AromaPure Official,"Fragrance Oil - Aroma Oil for Aroma Therapy, Diffusers, Candles and Air Fresheners | Lavender 15 ml - 3","Fragrance Oil - Aroma Oil for Aroma Therapy, Diffusers, Candles and Air Fresheners  | Lavender 15 ml - 3",Scented Candle & Wax,Scented Candle,485.0,1497.0,67.6,calculated,,1.0,,AromaPure Official,,In Stock,1,15.0,ml,15.0,485.0,,3233.33,https://aromahpure.com/products/lavender-fragrance-oil,2026-09-24T05:03:54.351883+00:00,data/raw\aromapure\product_pages\8251599159578_45017014436122.html
8251599126810_45017014403354,AromaPure,AromaPure Official,"Fragrance Oil - Aroma Oil for Aroma Therapy, Diffusers, Candles and Air Fresheners | Jasmine 15 ml - 1","Fragrance Oil - Aroma Oil for Aroma Therapy, Diffusers, Candles and Air Fresheners  | Jasmine 15 ml - 1",Scented Candle & Wax,Scented Candle,179.0,499.0,64.13,calculated,,,,,,In Stock,1,15.0,ml,15.0,179.0,,1193.33,https://aromahpure.com/products/jasmine-fragrance-oil,2026-09-24T05:03:54.351883+00:00,data/raw\aromapure\product_pages\8251599126810_45017014403354.html
8251599126810_45371833286938,AromaPure,AromaPure Official,"Fragrance Oil - Aroma Oil for Aroma Therapy, Diffusers, Candles and Air Fresheners | Jasmine 15 ml - 2","Fragrance Oil - Aroma Oil for Aroma Therapy, Diffusers, Candles and Air Fresheners  | Jasmine 15 ml - 2",Scented Candle & Wax,Scented Candle,340.0,998.0,65.93,calculated,,,,,,In Stock,1,15.0,ml,15.0,340.0,,2266.67,https://aromahpure.com/products/jasmine-fragrance-oil,2026-09-24T05:03:54.351883+00:00,data/raw\aromapure\product_pages\8251599126810_45017014403354.html
8251599126810_45371833385242,AromaPure,AromaPure Official,"Fragrance Oil - Aroma Oil for Aroma Therapy, Diffusers, Candles and Air Fresheners | Jasmine 15 ml - 3","Fragrance Oil - Aroma Oil for Aroma Therapy, Diffusers, Candles and Air Fresheners  | Jasmine 15 ml - 3",Scented Candle & Wax,Scented Candle,485.0,1497.0,67.6,calculated,,,,,,In Stock,1,15.0,ml,15.0,485.0,,3233.33,https://aromahpure.com/products/jasmine-fragrance-oil,2026-09-24T05:03:54.351883+00:00,data/raw\aromapure\product_pages\8251599126810_45017014403354.html
8251599061274_45017014337818,AromaPure,AromaPure Official,"Fragrance Oil - Aroma oil for aroma therapy, diffusers, candles and air fresheners | Geranium 15 ml - 1","Fragrance Oil - Aroma oil for aroma therapy, diffusers, candles and air fresheners | Geranium 15 ml - 1",Scented Candle & Wax,Scented Candle,179.0,499.0,64.13,calculated,,,,,,In Stock,1,15.0,ml,15.0,179.0,,1193.33,https://aromahpure.com/products/geranium-fragrance-oil,2026-09-24T05:03:54.351883+00:00,data/raw\aromapure\product_pages\8251599061274_45017014337818.html
8251599061274_45371832271130,AromaPure,AromaPure Official,"Fragrance Oil - Aroma oil for aroma therapy, diffusers, candles and air fresheners | Geranium 15 ml - 2","Fragrance Oil - Aroma oil for aroma therapy, diffusers, candles and air fresheners | Geranium 15 ml - 2",Scented Candle & Wax,Scented Candle,340.0,998.0,65.93,calculated,,,,,,In Stock,1,30.0,g,30.0,340.0,1133.33,,https://aromahpure.com/products/geranium-fragrance-oil,2026-09-24T05:03:54.351883+00:00,data/raw\aromapure\product_pages\8251599061274_45017014337818.html
8251599061274_45371832303898,AromaPure,AromaPure Official,"Fragrance Oil - Aroma oil for aroma therapy, diffusers, candles and air fresheners | Geranium 15 ml - 3","Fragrance Oil - Aroma oil for aroma therapy, diffusers, candles and air fresheners | Geranium 15 ml - 3",Scented Candle & Wax,Scented Candle,485.0,1497.0,67.6,calculated,,,,,,In Stock,1,45.0,g,45.0,485.0,1077.78,,https://aromahpure.com/products/geranium-fragrance-oil,2026-09-24T05:03:54.351883+00:00,data/raw\aromapure\product_pages\8251599061274_45017014337818.html
8251599028506_45017014305050,AromaPure,AromaPure Official,"Fragrance Oil - Aroma oil for aroma therapy, diffusers, candles and air fresheners | Eucalyptus 15 ml - 1","Fragrance Oil - Aroma oil for aroma therapy, diffusers, candles and air fresheners | Eucalyptus 15 ml - 1",Scented Candle & Wax,Scented Candle,179.0,499.0,64.13,calculated,,1.0,,AromaPure Official,,In Stock,1,15.0,ml,15.0,179.0,,1193.33,https://aromahpure.com/products/eucalyptus-fragrance-oil,2026-09-24T05:03:54.351883+00:00,data/raw\aromapure\product_pages\8251599028506_45017014305050.html
8251599028506_45371830403354,AromaPure,AromaPure Official,"Fragrance Oil - Aroma oil for aroma therapy, diffusers, candles and air fresheners | Eucalyptus 15 ml - 2","Fragrance Oil - Aroma oil for aroma therapy, diffusers, candles and air fresheners | Eucalyptus 15 ml - 2",Scented Candle & Wax,Scented Candle,340.0,998.0,65.93,calculated,,1.0,,AromaPure Official,,In Stock,1,15.0,ml,15.0,340.0,,2266.67,https://aromahpure.com/products/eucalyptus-fragrance-oil,2026-09-24T05:03:54.351883+00:00,data/raw\aromapure\product_pages\8251599028506_45017014305050.html
8251599028506_45371830436122,AromaPure,AromaPure Official,"Fragrance Oil - Aroma oil for aroma therapy, diffusers, candles and air fresheners | Eucalyptus 15 ml - 3","Fragrance Oil - Aroma oil for aroma therapy, diffusers, candles and air fresheners | Eucalyptus 15 ml - 3",Scented Candle & Wax,Scented Candle,485.0,1497.0,67.6,calculated,,1.0,,AromaPure Official,,In Stock,1,15.0,ml,15.0,485.0,,3233.33,https://aromahpure.com/products/eucalyptus-fragrance-oil,2026-09-24T05:03:54.351883+00:00,data/raw\aromapure\product_pages\8251599028506_45017014305050.html
8251598995738_45017014272282,AromaPure,AromaPure Official,"Fragrance Oil - Aroma oil for aroma therapy, diffusers, candles and air fresheners | Citronella 15 ml - 1","Fragrance Oil - Aroma oil for aroma therapy, diffusers, candles and air fresheners | Citronella 15 ml - 1",Scented Candle & Wax,Scented Candle,179.0,499.0,64.13,calculated,,,,,,In Stock,1,15.0,ml,15.0,179.0,,1193.33,https://aromahpure.com/products/citronella-fragrance-oil,2026-09-24T05:03:54.351883+00:00,data/raw\aromapure\product_pages\8251598995738_45017014272282.html
8251598995738_45371829453082,AromaPure,AromaPure Official,"Fragrance Oil - Aroma oil for aroma therapy, diffusers, candles and air fresheners | Citronella 15 ml - 2","Fragrance Oil - Aroma oil for aroma therapy, diffusers, candles and air fresheners | Citronella 15 ml - 2",Scented Candle & Wax,Scented Candle,340.0,998.0,65.93,calculated,,,,,,In Stock,1,15.0,ml,15.0,340.0,,2266.67,https://aromahpure.com/products/citronella-fragrance-oil,2026-09-24T05:03:54.351883+00:00,data/raw\aromapure\product_pages\8251598995738_45017014272282.html
8251598995738_45371829485850,AromaPure,AromaPure Official,"Fragrance Oil - Aroma oil for aroma therapy, diffusers, candles and air fresheners | Citronella 15 ml - 3","Fragrance Oil - Aroma oil for aroma therapy, diffusers, candles and air fresheners | Citronella 15 ml - 3",Scented Candle & Wax,Scented Candle,485.0,1497.0,67.6,calculated,,,,,,In Stock,1,15.0,ml,15.0,485.0,,3233.33,https://aromahpure.com/products/citronella-fragrance-oil,2026-09-24T05:03:54.351883+00:00,data/raw\aromapure\product_pages\8251598995738_45017014272282.html
8251598962970_45017014239514,AromaPure,AromaPure Official,"Fragrance Oil - Aroma oil for aroma therapy, diffusers, candles and air fresheners | Cinnamon 15 ml - 1","Fragrance Oil - Aroma oil for aroma therapy, diffusers, candles and air fresheners | Cinnamon 15 ml - 1",Scented Candle & Wax,Scented Candle,179.0,499.0,64.13,calculated,,1.0,,AromaPure Official,,In Stock,1,15.0,ml,15.0,179.0,,1193.33,https://aromahpure.com/products/cinnamon-fragrance-oil,2026-09-24T05:03:54.351883+00:00,data/raw\aromapure\product_pages\8251598962970_45017014239514.html
8251598962970_45371813626138,AromaPure,AromaPure Official,"Fragrance Oil - Aroma oil for aroma therapy, diffusers, candles and air fresheners | Cinnamon 15 ml - 2","Fragrance Oil - Aroma oil for aroma therapy, diffusers, candles and air fresheners | Cinnamon 15 ml - 2",Scented Candle & Wax,Scented Candle,340.0,998.0,65.93,calculated,,1.0,,AromaPure Official,,In Stock,1,15.0,ml,15.0,340.0,,2266.67,https://aromahpure.com/products/cinnamon-fragrance-oil,2026-09-24T05:03:54.351883+00:00,data/raw\aromapure\product_pages\8251598962970_45017014239514.html
8251598962970_45371813658906,AromaPure,AromaPure Official,"Fragrance Oil - Aroma oil for aroma therapy, diffusers, candles and air fresheners | Cinnamon 15 ml - 3","Fragrance Oil - Aroma oil for aroma therapy, diffusers, candles and air fresheners | Cinnamon 15 ml - 3",Scented Candle & Wax,Scented Candle,485.0,1497.0,67.6,calculated,,1.0,,AromaPure Official,,In Stock,1,15.0,ml,15.0,485.0,,3233.33,https://aromahpure.com/products/cinnamon-fragrance-oil,2026-09-24T05:03:54.351883+00:00,data/raw\aromapure\product_pages\8251598962970_45017014239514.html
8251598930202_45017014206746,AromaPure,AromaPure Official,"Fragrance Oil - Aroma oil for aroma therapy, diffusers, candles and air fresheners | Bergamot 15 ml - 1","Fragrance Oil - Aroma oil for aroma therapy, diffusers, candles and air fresheners | Bergamot 15 ml - 1",Scented Candle & Wax,Scented Candle,179.0,499.0,64.13,calculated,,,,,,In Stock,1,15.0,ml,15.0,179.0,,1193.33,https://aromahpure.com/products/bergamot-fragrance-oil,2026-09-24T05:03:54.351883+00:00,data/raw\aromapure\product_pages\8251598930202_45017014206746.html
8251598930202_45371844493594,AromaPure,AromaPure Official,"Fragrance Oil - Aroma oil for aroma therapy, diffusers, candles and air fresheners | Bergamot 15 ml - 2","Fragrance Oil - Aroma oil for aroma therapy, diffusers, candles and air fresheners | Bergamot 15 ml - 2",Scented Candle & Wax,Scented Candle,340.0,998.0,65.93,calculated,,,,,,In Stock,1,15.0,ml,15.0,340.0,,2266.67,https://aromahpure.com/products/bergamot-fragrance-oil,2026-09-24T05:03:54.351883+00:00,data/raw\aromapure\product_pages\8251598930202_45017014206746.html
8251598930202_45371844526362,AromaPure,AromaPure Official,"Fragrance Oil - Aroma oil for aroma therapy, diffusers, candles and air fresheners | Bergamot 15 ml - 3","Fragrance Oil - Aroma oil for aroma therapy, diffusers, candles and air fresheners | Bergamot 15 ml - 3",Scented Candle & Wax,Scented Candle,485.0,1497.0,67.6,calculated,,,,,,In Stock,1,15.0,ml,15.0,485.0,,3233.33,https://aromahpure.com/products/bergamot-fragrance-oil,2026-09-24T05:03:54.351883+00:00,data/raw\aromapure\product_pages\8251598930202_45017014206746.html
8250167361818_45012532756762,AromaPure,AromaPure Official,"Watermelon Car Perfume Flakes | Fruity | Luxury Hanging Car Fragrance | Premium Fresheners for Cars, Closets, and Enclosed Areas - Watermelon Splash / 1 / Watermelon","Watermelon Car Perfume Flakes | Fruity | Luxury Hanging Car Fragrance | Premium Fresheners for Cars, Closets, and Enclosed Areas - Watermelon Splash / 1 / Watermelon",Ambient Fragrance (General),Ambient Freshener,299.0,599.0,50.08,calculated,,9.0,,AromaPure Official,,In Stock,1,,,,299.0,,,https://aromahpure.com/products/car-perfume-flakes-watermelon,2026-09-24T05:03:54.351883+00:00,data/raw\aromapure\product_pages\8250167361818_45012532756762.html
8250167361818_45012532691226,AromaPure,AromaPure Official,"Watermelon Car Perfume Flakes | Fruity | Luxury Hanging Car Fragrance | Premium Fresheners for Cars, Closets, and Enclosed Areas - Watermelon Splash / 2 / Watermelon","Watermelon Car Perfume Flakes | Fruity | Luxury Hanging Car Fragrance | Premium Fresheners for Cars, Closets, and Enclosed Areas - Watermelon Splash / 2 / Watermelon",Ambient Fragrance (General),Ambient Freshener,569.0,1198.0,52.5,calculated,,9.0,,AromaPure Official,,In Stock,1,,,,569.0,,,https://aromahpure.com/products/car-perfume-flakes-watermelon,2026-09-24T05:03:54.351883+00:00,data/raw\aromapure\product_pages\8250167361818_45012532756762.html
8250167361818_45012532723994,AromaPure,AromaPure Official,"Watermelon Car Perfume Flakes | Fruity | Luxury Hanging Car Fragrance | Premium Fresheners for Cars, Closets, and Enclosed Areas - Watermelon Splash / 3 / Watermelon","Watermelon Car Perfume Flakes | Fruity | Luxury Hanging Car Fragrance | Premium Fresheners for Cars, Closets, and Enclosed Areas - Watermelon Splash / 3 / Watermelon",Ambient Fragrance (General),Ambient Freshener,809.0,1797.0,54.98,calculated,,9.0,,AromaPure Official,,In Stock,1,,,,809.0,,,https://aromahpure.com/products/car-perfume-flakes-watermelon,2026-09-24T05:03:54.351883+00:00,data/raw\aromapure\product_pages\8250167361818_45012532756762.html
8250167034138_45012532035866,AromaPure,AromaPure Official,"Rose Perfume Car Perfume Flakes | Floral | Luxury Hanging Car Fragrance | Premium Fresheners for Cars, Closets, and Enclosed Areas - Charming Rose / 1 / Rose","Rose Perfume Car Perfume Flakes | Floral | Luxury Hanging Car Fragrance | Premium Fresheners for Cars, Closets, and Enclosed Areas - Charming Rose / 1 / Rose",Ambient Fragrance (General),Ambient Freshener,299.0,599.0,50.08,calculated,,28.0,,AromaPure Official,,In Stock,1,,,,299.0,,,https://aromahpure.com/products/car-perfume-flakes-rose,2026-09-24T05:03:54.351883+00:00,data/raw\aromapure\product_pages\8250167034138_45012532035866.html
8250167034138_45012531970330,AromaPure,AromaPure Official,"Rose Perfume Car Perfume Flakes | Floral | Luxury Hanging Car Fragrance | Premium Fresheners for Cars, Closets, and Enclosed Areas - Charming Rose / 2 / Rose","Rose Perfume Car Perfume Flakes | Floral | Luxury Hanging Car Fragrance | Premium Fresheners for Cars, Closets, and Enclosed Areas - Charming Rose / 2 / Rose",Ambient Fragrance (General),Ambient Freshener,569.0,1198.0,52.5,calculated,,28.0,,AromaPure Official,,Out of Stock,1,,,,569.0,,,https://aromahpure.com/products/car-perfume-flakes-rose,2026-09-24T05:03:54.351883+00:00,data/raw\aromapure\product_pages\8250167034138_45012532035866.html
8250167034138_45012532003098,AromaPure,AromaPure Official,"Rose Perfume Car Perfume Flakes | Floral | Luxury Hanging Car Fragrance | Premium Fresheners for Cars, Closets, and Enclosed Areas - Charming Rose / 3 / Rose","Rose Perfume Car Perfume Flakes | Floral | Luxury Hanging Car Fragrance | Premium Fresheners for Cars, Closets, and Enclosed Areas - Charming Rose / 3 / Rose",Ambient Fragrance (General),Ambient Freshener,809.0,1797.0,54.98,calculated,,28.0,,AromaPure Official,,In Stock,1,,,,809.0,,,https://aromahpure.com/products/car-perfume-flakes-rose,2026-09-24T05:03:54.351883+00:00,data/raw\aromapure\product_pages\8250167034138_45012532035866.html
8250166903066_45026940518682,AromaPure,AromaPure Official,"Kiwi Car Perfume Flakes | Fruity | Luxury Hanging Car Fragrance | Premium Fresheners for Cars, Closets, and Enclosed Areas - Kiwi Blast / 1 / Kiwi","Kiwi Car Perfume Flakes | Fruity | Luxury Hanging Car Fragrance | Premium Fresheners for Cars, Closets, and Enclosed Areas - Kiwi Blast / 1 / Kiwi",Ambient Fragrance (General),Ambient Freshener,299.0,599.0,50.08,calculated,,16.0,,AromaPure Official,,In Stock,1,,,,299.0,,,https://aromahpure.com/products/car-perfume-flakes-kiwi,2026-09-24T05:03:54.351883+00:00,data/raw\aromapure\product_pages\8250166903066_45026940518682.html
8250166903066_45012531740954,AromaPure,AromaPure Official,"Kiwi Car Perfume Flakes | Fruity | Luxury Hanging Car Fragrance | Premium Fresheners for Cars, Closets, and Enclosed Areas - Kiwi Blast / 2 / Kiwi","Kiwi Car Perfume Flakes | Fruity | Luxury Hanging Car Fragrance | Premium Fresheners for Cars, Closets, and Enclosed Areas - Kiwi Blast / 2 / Kiwi",Ambient Fragrance (General),Ambient Freshener,569.0,1198.0,52.5,calculated,,16.0,,AromaPure Official,,In Stock,1,,,,569.0,,,https://aromahpure.com/products/car-perfume-flakes-kiwi,2026-09-24T05:03:54.351883+00:00,data/raw\aromapure\product_pages\8250166903066_45026940518682.html
8250166903066_45012531773722,AromaPure,AromaPure Official,"Kiwi Car Perfume Flakes | Fruity | Luxury Hanging Car Fragrance | Premium Fresheners for Cars, Closets, and Enclosed Areas - Kiwi Blast / 3 / Kiwi","Kiwi Car Perfume Flakes | Fruity | Luxury Hanging Car Fragrance | Premium Fresheners for Cars, Closets, and Enclosed Areas - Kiwi Blast / 3 / Kiwi",Ambient Fragrance (General),Ambient Freshener,809.0,1797.0,54.98,calculated,,16.0,,AromaPure Official,,In Stock,1,,,,809.0,,,https://aromahpure.com/products/car-perfume-flakes-kiwi,2026-09-24T05:03:54.351883+00:00,data/raw\aromapure\product_pages\8250166903066_45026940518682.html
8250166804762_45012531577114,AromaPure,AromaPure Official,"Green Apple Car Perfume Flakes | Fruity | Luxury Hanging Car Fragrance | Premium Fresheners for Cars, Closets, and Enclosed Areas - Green Apple Twist / 1 / Green Apple","Green Apple Car Perfume Flakes | Fruity | Luxury Hanging Car Fragrance | Premium Fresheners for Cars, Closets, and Enclosed Areas - Green Apple Twist / 1 / Green Apple",Ambient Fragrance (General),Ambient Freshener,299.0,599.0,50.08,calculated,,17.0,,AromaPure Official,,In Stock,1,,,,299.0,,,https://aromahpure.com/products/premium-flakes-car-perfume-green-apple,2026-09-24T05:03:54.351883+00:00,data/raw\aromapure\product_pages\8250166804762_45012531577114.html
8250166804762_45012531511578,AromaPure,AromaPure Official,"Green Apple Car Perfume Flakes | Fruity | Luxury Hanging Car Fragrance | Premium Fresheners for Cars, Closets, and Enclosed Areas - Green Apple Twist / 2 / Green Apple","Green Apple Car Perfume Flakes | Fruity | Luxury Hanging Car Fragrance | Premium Fresheners for Cars, Closets, and Enclosed Areas - Green Apple Twist / 2 / Green Apple",Ambient Fragrance (General),Ambient Freshener,569.0,1198.0,52.5,calculated,,17.0,,AromaPure Official,,In Stock,1,,,,569.0,,,https://aromahpure.com/products/premium-flakes-car-perfume-green-apple,2026-09-24T05:03:54.351883+00:00,data/raw\aromapure\product_pages\8250166804762_45012531577114.html
8250166804762_45012531544346,AromaPure,AromaPure Official,"Green Apple Car Perfume Flakes | Fruity | Luxury Hanging Car Fragrance | Premium Fresheners for Cars, Closets, and Enclosed Areas - Green Apple Twist / 3 / Green Apple","Green Apple Car Perfume Flakes | Fruity | Luxury Hanging Car Fragrance | Premium Fresheners for Cars, Closets, and Enclosed Areas - Green Apple Twist / 3 / Green Apple",Ambient Fragrance (General),Ambient Freshener,809.0,1797.0,54.98,calculated,,17.0,,AromaPure Official,,In Stock,1,,,,809.0,,,https://aromahpure.com/products/premium-flakes-car-perfume-green-apple,2026-09-24T05:03:54.351883+00:00,data/raw\aromapure\product_pages\8250166804762_45012531577114.html
8250166771994_45012531478810,AromaPure,AromaPure Official,"White Tea & Musk Car Perfume Flakes | Fairy Land | Classic | Luxury Hanging Car Fragrance | Premium Fresheners for Cars, Closets, and Enclosed Areas - Fairy Land / 1 / White Tea & Musk","White Tea & Musk Car Perfume Flakes | Fairy Land | Classic | Luxury Hanging Car Fragrance | Premium Fresheners for Cars, Closets, and Enclosed Areas - Fairy Land / 1 / White Tea & Musk",Ambient Fragrance (General),Ambient Freshener,299.0,599.0,50.08,calculated,,13.0,,AromaPure Official,,In Stock,1,,,,299.0,,,https://aromahpure.com/products/premium-flakes-car-perfume-white-tea-musk,2026-09-24T05:03:54.351883+00:00,data/raw\aromapure\product_pages\8250166771994_45012531478810.html
8250166771994_45012531413274,AromaPure,AromaPure Official,"White Tea & Musk Car Perfume Flakes | Fairy Land | Classic | Luxury Hanging Car Fragrance | Premium Fresheners for Cars, Closets, and Enclosed Areas - Fairy Land / 2 / White Tea & Musk","White Tea & Musk Car Perfume Flakes | Fairy Land | Classic | Luxury Hanging Car Fragrance | Premium Fresheners for Cars, Closets, and Enclosed Areas - Fairy Land / 2 / White Tea & Musk",Ambient Fragrance (General),Ambient Freshener,569.0,1198.0,52.5,calculated,,13.0,,AromaPure Official,,In Stock,1,,,,569.0,,,https://aromahpure.com/products/premium-flakes-car-perfume-white-tea-musk,2026-09-24T05:03:54.351883+00:00,data/raw\aromapure\product_pages\8250166771994_45012531478810.html
8250166771994_45012531446042,AromaPure,AromaPure Official,"White Tea & Musk Car Perfume Flakes | Fairy Land | Classic | Luxury Hanging Car Fragrance | Premium Fresheners for Cars, Closets, and Enclosed Areas - Fairy Land / 3 / White Tea & Musk","White Tea & Musk Car Perfume Flakes | Fairy Land | Classic | Luxury Hanging Car Fragrance | Premium Fresheners for Cars, Closets, and Enclosed Areas - Fairy Land / 3 / White Tea & Musk",Ambient Fragrance (General),Ambient Freshener,809.0,1797.0,54.98,calculated,,13.0,,AromaPure Official,,In Stock,1,,,,809.0,,,https://aromahpure.com/products/premium-flakes-car-perfume-white-tea-musk,2026-09-24T05:03:54.351883+00:00,data/raw\aromapure\product_pages\8250166771994_45012531478810.html
8250166640922_45012531085594,AromaPure,AromaPure Official,"Cool Mint Car Perfume Flakes | Refreshing | Luxury Hanging Car Fragrance | Premium Fresheners for Cars, Closets, and Enclosed Areas - Cool Aqua Mint / 1 / Cool Mint","Cool Mint Car Perfume Flakes | Refreshing | Luxury Hanging Car Fragrance | Premium Fresheners for Cars, Closets, and Enclosed Areas - Cool Aqua Mint / 1 / Cool Mint",Ambient Fragrance (General),Ambient Freshener,299.0,599.0,50.08,calculated,,18.0,,AromaPure Official,,In Stock,1,,,,299.0,,,https://aromahpure.com/products/car-perfume-flakes-cool-mint,2026-09-24T05:03:54.351883+00:00,data/raw\aromapure\product_pages\8250166640922_45012531085594.html
8250166640922_45283260727578,AromaPure,AromaPure Official,"Cool Mint Car Perfume Flakes | Refreshing | Luxury Hanging Car Fragrance | Premium Fresheners for Cars, Closets, and Enclosed Areas - Cool Aqua Mint / 2 / Cool Mint","Cool Mint Car Perfume Flakes | Refreshing | Luxury Hanging Car Fragrance | Premium Fresheners for Cars, Closets, and Enclosed Areas - Cool Aqua Mint / 2 / Cool Mint",Ambient Fragrance (General),Ambient Freshener,569.0,1198.0,52.5,calculated,,18.0,,AromaPure Official,,Out of Stock,1,,,,569.0,,,https://aromahpure.com/products/car-perfume-flakes-cool-mint,2026-09-24T05:03:54.351883+00:00,data/raw\aromapure\product_pages\8250166640922_45012531085594.html
8250166640922_45283260760346,AromaPure,AromaPure Official,"Cool Mint Car Perfume Flakes | Refreshing | Luxury Hanging Car Fragrance | Premium Fresheners for Cars, Closets, and Enclosed Areas - Cool Aqua Mint / 3 / Cool Mint","Cool Mint Car Perfume Flakes | Refreshing | Luxury Hanging Car Fragrance | Premium Fresheners for Cars, Closets, and Enclosed Areas - Cool Aqua Mint / 3 / Cool Mint",Ambient Fragrance (General),Ambient Freshener,809.0,1797.0,54.98,calculated,,18.0,,AromaPure Official,,In Stock,1,,,,809.0,,,https://aromahpure.com/products/car-perfume-flakes-cool-mint,2026-09-24T05:03:54.351883+00:00,data/raw\aromapure\product_pages\8250166640922_45012531085594.html
8250166378778_45012530692378,AromaPure,AromaPure Official,"Black Currant Car Perfume Flakes | Fruity | Luxury Hanging Car Fragrance | Premium Fresheners for Cars, Closets, and Enclosed Areas - Black Currant Crush / 1 / Black Currant","Black Currant Car Perfume Flakes | Fruity | Luxury Hanging Car Fragrance | Premium Fresheners for Cars, Closets, and Enclosed Areas - Black Currant Crush / 1 / Black Currant",Ambient Fragrance (General),Ambient Freshener,299.0,599.0,50.08,calculated,,22.0,,AromaPure Official,,In Stock,1,,,,299.0,,,https://aromahpure.com/products/premium-flakes-car-perfume-black-currant,2026-09-24T05:03:54.351883+00:00,data/raw\aromapure\product_pages\8250166378778_45012530692378.html
8250166378778_45012530626842,AromaPure,AromaPure Official,"Black Currant Car Perfume Flakes | Fruity | Luxury Hanging Car Fragrance | Premium Fresheners for Cars, Closets, and Enclosed Areas - Black Currant Crush / 2 / Black Currant","Black Currant Car Perfume Flakes | Fruity | Luxury Hanging Car Fragrance | Premium Fresheners for Cars, Closets, and Enclosed Areas - Black Currant Crush / 2 / Black Currant",Ambient Fragrance (General),Ambient Freshener,569.0,1198.0,52.5,calculated,,22.0,,AromaPure Official,,In Stock,1,,,,569.0,,,https://aromahpure.com/products/premium-flakes-car-perfume-black-currant,2026-09-24T05:03:54.351883+00:00,data/raw\aromapure\product_pages\8250166378778_45012530692378.html
8250166378778_45012530659610,AromaPure,AromaPure Official,"Black Currant Car Perfume Flakes | Fruity | Luxury Hanging Car Fragrance | Premium Fresheners for Cars, Closets, and Enclosed Areas - Black Currant Crush / 3 / Black Currant","Black Currant Car Perfume Flakes | Fruity | Luxury Hanging Car Fragrance | Premium Fresheners for Cars, Closets, and Enclosed Areas - Black Currant Crush / 3 / Black Currant",Ambient Fragrance (General),Ambient Freshener,809.0,1797.0,54.98,calculated,,22.0,,AromaPure Official,,In Stock,1,,,,809.0,,,https://aromahpure.com/products/premium-flakes-car-perfume-black-currant,2026-09-24T05:03:54.351883+00:00,data/raw\aromapure\product_pages\8250166378778_45012530692378.html
8247214145818_45307048755482,AromaPure,AromaPure Official,"Room & Linen Spray - Pillow, Bedding and Fabric Freshener | Magic Musk | 100 ml - 1","Room & Linen Spray - Pillow, Bedding and Fabric Freshener | Magic Musk | 100 ml - 1",Room Spray & Aerosol,Room Spray,249.0,499.0,50.1,calculated,,56.0,,AromaPure Official,,In Stock,1,100.0,ml,100.0,249.0,,249.0,https://aromahpure.com/products/best-room-air-freshener-linen-spray-magic-musk,2026-09-24T05:03:54.351883+00:00,data/raw\aromapure\product_pages\8247214145818_45307048755482.html
8247214145818_45372063613210,AromaPure,AromaPure Official,"Room & Linen Spray - Pillow, Bedding and Fabric Freshener | Magic Musk | 100 ml - 2","Room & Linen Spray - Pillow, Bedding and Fabric Freshener | Magic Musk | 100 ml - 2",Room Spray & Aerosol,Room Spray,479.0,998.0,52.0,calculated,,56.0,,AromaPure Official,,In Stock,1,100.0,ml,100.0,479.0,,479.0,https://aromahpure.com/products/best-room-air-freshener-linen-spray-magic-musk,2026-09-24T05:03:54.351883+00:00,data/raw\aromapure\product_pages\8247214145818_45307048755482.html
8247214145818_45372063645978,AromaPure,AromaPure Official,"Room & Linen Spray - Pillow, Bedding and Fabric Freshener | Magic Musk | 100 ml - 3","Room & Linen Spray - Pillow, Bedding and Fabric Freshener | Magic Musk | 100 ml - 3",Room Spray & Aerosol,Room Spray,689.0,1497.0,53.97,calculated,,56.0,,AromaPure Official,,In Stock,1,100.0,ml,100.0,689.0,,689.0,https://aromahpure.com/products/best-room-air-freshener-linen-spray-magic-musk,2026-09-24T05:03:54.351883+00:00,data/raw\aromapure\product_pages\8247214145818_45307048755482.html
8247214113050_45307048689946,AromaPure,AromaPure Official,"Room & Linen Spray - Pillow, Bedding and Fabric Freshener | Summer Refresh | 100 ml - 1","Room & Linen Spray - Pillow, Bedding and Fabric Freshener | Summer Refresh | 100 ml - 1",Room Spray & Aerosol,Room Spray,249.0,499.0,50.1,calculated,,56.0,,AromaPure Official,,In Stock,1,100.0,ml,100.0,249.0,,249.0,https://aromahpure.com/products/best-room-air-freshener-linen-spray-summer-fresh,2026-09-24T05:03:54.351883+00:00,data/raw\aromapure\product_pages\8247214113050_45307048689946.html
8247214113050_45372064727322,AromaPure,AromaPure Official,"Room & Linen Spray - Pillow, Bedding and Fabric Freshener | Summer Refresh | 100 ml - 2","Room & Linen Spray - Pillow, Bedding and Fabric Freshener | Summer Refresh | 100 ml - 2",Room Spray & Aerosol,Room Spray,479.0,998.0,52.0,calculated,,56.0,,AromaPure Official,,In Stock,1,100.0,ml,100.0,479.0,,479.0,https://aromahpure.com/products/best-room-air-freshener-linen-spray-summer-fresh,2026-09-24T05:03:54.351883+00:00,data/raw\aromapure\product_pages\8247214113050_45307048689946.html
8247214113050_45372064760090,AromaPure,AromaPure Official,"Room & Linen Spray - Pillow, Bedding and Fabric Freshener | Summer Refresh | 100 ml - 3","Room & Linen Spray - Pillow, Bedding and Fabric Freshener | Summer Refresh | 100 ml - 3",Room Spray & Aerosol,Room Spray,689.0,1497.0,53.97,calculated,,56.0,,AromaPure Official,,In Stock,1,100.0,ml,100.0,689.0,,689.0,https://aromahpure.com/products/best-room-air-freshener-linen-spray-summer-fresh,2026-09-24T05:03:54.351883+00:00,data/raw\aromapure\product_pages\8247214113050_45307048689946.html
8247214080282_45307048591642,AromaPure,AromaPure Official,"Room & Linen Spray - Pillow, Bedding and Fabric Freshener | Garden Bouquet | 100 ml - 1","Room & Linen Spray - Pillow, Bedding and Fabric Freshener | Garden Bouquet | 100 ml - 1",Room Spray & Aerosol,Room Spray,249.0,499.0,50.1,calculated,,61.0,,AromaPure Official,,In Stock,1,100.0,ml,100.0,249.0,,249.0,https://aromahpure.com/products/best-room-air-freshener-linen-spray-garden-bouquet,2026-09-24T05:03:54.351883+00:00,data/raw\aromapure\product_pages\8247214080282_45307048591642.html
8247214080282_45372068856090,AromaPure,AromaPure Official,"Room & Linen Spray - Pillow, Bedding and Fabric Freshener | Garden Bouquet | 100 ml - 2","Room & Linen Spray - Pillow, Bedding and Fabric Freshener | Garden Bouquet | 100 ml - 2",Room Spray & Aerosol,Room Spray,479.0,998.0,52.0,calculated,,61.0,,AromaPure Official,,In Stock,1,100.0,ml,100.0,479.0,,479.0,https://aromahpure.com/products/best-room-air-freshener-linen-spray-garden-bouquet,2026-09-24T05:03:54.351883+00:00,data/raw\aromapure\product_pages\8247214080282_45307048591642.html
8247214080282_45372068888858,AromaPure,AromaPure Official,"Room & Linen Spray - Pillow, Bedding and Fabric Freshener | Garden Bouquet | 100 ml - 3","Room & Linen Spray - Pillow, Bedding and Fabric Freshener | Garden Bouquet | 100 ml - 3",Room Spray & Aerosol,Room Spray,689.0,1497.0,53.97,calculated,,61.0,,AromaPure Official,,In Stock,1,100.0,ml,100.0,689.0,,689.0,https://aromahpure.com/products/best-room-air-freshener-linen-spray-garden-bouquet,2026-09-24T05:03:54.351883+00:00,data/raw\aromapure\product_pages\8247214080282_45307048591642.html
8200866267418_45306717602074,AromaPure,AromaPure Official,Silver Screw Jar Aroma Candle | Untold & Thai Lemongrass | Pack of 2,Silver Screw Jar Aroma Candle | Untold & Thai Lemongrass | Pack of 2,Scented Candle & Wax,Scented Candle,349.0,499.0,30.06,calculated,,8.0,,AromaPure Official,,In Stock,2,1.0,count,2.0,174.5,,,https://aromahpure.com/products/soy-wax-screw-jar-candles-untold-thai-lemongrass,2026-09-24T05:03:54.351883+00:00,data/raw\aromapure\product_pages\8200866267418_45306717602074.html
B0GKPJ16GY,Odonil,Amazon India,Odonil,Odonil,Ambient Fragrance (General),Ambient Freshener,199.0,398.0,50.0,calculated,4.1,4.0,Amazon India,Amazon India,,In Stock,1,,,,199.0,,,https://www.amazon.in/dp/B0GKPJ16GY,2026-09-24T05:07:22.770104+00:00,data/raw\amazon\odonil\search_q1_p1_20260924T050717Z.html
B07VCC76MN,Odonil,Amazon India,Odonil,Odonil,Ambient Fragrance (General),Ambient Freshener,199.0,39.8,,unavailable,4.2,4.0,Amazon India,Amazon India,,In Stock,1,,,,199.0,,,https://www.amazon.in/dp/B07VCC76MN,2026-09-24T05:07:22.770104+00:00,data/raw\amazon\odonil\search_q1_p1_20260924T050717Z.html
B0B3XPJTFG,Odonil,Amazon India,Odonil,Odonil,Ambient Fragrance (General),Ambient Freshener,189.0,94.5,,unavailable,4.2,4.0,Amazon India,Amazon India,,In Stock,1,,,,189.0,,,https://www.amazon.in/dp/B0B3XPJTFG,2026-09-24T05:07:22.770104+00:00,data/raw\amazon\odonil\search_q1_p1_20260924T050717Z.html
B09TVVWTG3,Odonil,Amazon India,Odonil,Odonil,Ambient Fragrance (General),Ambient Freshener,213.0,73.96,,unavailable,4.3,4.0,Amazon India,Amazon India,,In Stock,1,,,,213.0,,,https://www.amazon.in/dp/B09TVVWTG3,2026-09-24T05:07:22.770104+00:00,data/raw\amazon\odonil\search_q1_p1_20260924T050717Z.html
B0F4RHPBYK,Odonil,Amazon India,Odonil,Odonil,Ambient Fragrance (General),Ambient Freshener,280.0,72.92,,unavailable,4.0,4.0,Amazon India,Amazon India,,In Stock,1,,,,280.0,,,https://www.amazon.in/dp/B0F4RHPBYK,2026-09-24T05:07:22.770104+00:00,data/raw\amazon\odonil\search_q1_p1_20260924T050717Z.html
B00KIMHR0Q,Odonil,Amazon India,Odonil,Odonil,Ambient Fragrance (General),Ambient Freshener,149.0,77.6,,unavailable,4.2,4.0,Amazon India,Amazon India,,In Stock,1,,,,149.0,,,https://www.amazon.in/dp/B00KIMHR0Q,2026-09-24T05:07:22.770104+00:00,data/raw\amazon\odonil\search_q1_p1_20260924T050717Z.html
B0BNMSYWPL,Odonil,Amazon India,Odonil,Odonil,Ambient Fragrance (General),Ambient Freshener,199.0,99.5,,unavailable,4.2,4.0,Amazon India,Amazon India,,In Stock,1,,,,199.0,,,https://www.amazon.in/dp/B0BNMSYWPL,2026-09-24T05:07:22.770104+00:00,data/raw\amazon\odonil\search_q1_p1_20260924T050717Z.html
B09TVVRWN3,Odonil,Amazon India,Odonil,Odonil,Ambient Fragrance (General),Ambient Freshener,143.0,74.48,,unavailable,4.1,4.0,Amazon India,Amazon India,,In Stock,1,,,,143.0,,,https://www.amazon.in/dp/B09TVVRWN3,2026-09-24T05:07:22.770104+00:00,data/raw\amazon\odonil\search_q1_p1_20260924T050717Z.html
B0B3XP25LH,Odonil,Amazon India,Odonil,Odonil,Ambient Fragrance (General),Ambient Freshener,199.0,99.5,,unavailable,4.3,4.0,Amazon India,Amazon India,,In Stock,1,,,,199.0,,,https://www.amazon.in/dp/B0B3XP25LH,2026-09-24T05:07:22.770104+00:00,data/raw\amazon\odonil\search_q1_p1_20260924T050717Z.html
B0B3XQ8GVQ,Odonil,Amazon India,Odonil,Odonil,Ambient Fragrance (General),Ambient Freshener,199.0,99.5,,unavailable,4.2,4.0,Amazon India,Amazon India,,In Stock,1,,,,199.0,,,https://www.amazon.in/dp/B0B3XQ8GVQ,2026-09-24T05:07:22.770104+00:00,data/raw\amazon\odonil\search_q1_p1_20260924T050717Z.html
B00TS8BMF2,Odonil,Amazon India,Odonil,Odonil,Ambient Fragrance (General),Ambient Freshener,99.0,9900.0,99.0,calculated,4.2,4.0,Amazon India,Amazon India,,In Stock,1,,,,99.0,,,https://www.amazon.in/dp/B00TS8BMF2,2026-09-24T05:07:22.770104+00:00,data/raw\amazon\odonil\search_q1_p1_20260924T050717Z.html
B08XJCNWX6,Odonil,Amazon India,Odonil,Odonil,Ambient Fragrance (General),Ambient Freshener,260.0,65.0,,unavailable,4.3,4.0,Amazon India,Amazon India,,In Stock,1,,,,260.0,,,https://www.amazon.in/dp/B08XJCNWX6,2026-09-24T05:07:22.770104+00:00,data/raw\amazon\odonil\search_q1_p1_20260924T050717Z.html
B0BNMSYJ2W,Odonil,Amazon India,Odonil,Odonil,Ambient Fragrance (General),Ambient Freshener,239.0,119.5,,unavailable,4.2,4.0,Amazon India,Amazon India,,In Stock,1,,,,239.0,,,https://www.amazon.in/dp/B0BNMSYJ2W,2026-09-24T05:07:22.770104+00:00,data/raw\amazon\odonil\search_q1_p1_20260924T050717Z.html
B07C7VLNM1,Odonil,Amazon India,Odonil,Odonil,Ambient Fragrance (General),Ambient Freshener,129.0,43.0,,unavailable,4.1,4.0,Amazon India,Amazon India,,In Stock,1,,,,129.0,,,https://www.amazon.in/dp/B07C7VLNM1,2026-09-24T05:07:22.770104+00:00,data/raw\amazon\odonil\search_q1_p1_20260924T050717Z.html
B0F4RFNB1V,Odonil,Amazon India,Odonil,Odonil,Ambient Fragrance (General),Ambient Freshener,287.0,47.83,,unavailable,4.3,4.0,Amazon India,Amazon India,,In Stock,1,,,,287.0,,,https://www.amazon.in/dp/B0F4RFNB1V,2026-09-24T05:07:22.770104+00:00,data/raw\amazon\odonil\search_q1_p1_20260924T050717Z.html
B0BNMRHTGM,Odonil,Amazon India,Odonil,Odonil,Ambient Fragrance (General),Ambient Freshener,239.0,119.5,,unavailable,4.2,4.0,Amazon India,Amazon India,,In Stock,1,,,,239.0,,,https://www.amazon.in/dp/B0BNMRHTGM,2026-09-24T05:07:22.770104+00:00,data/raw\amazon\odonil\search_q1_p1_20260924T050717Z.html
B0BYJCN8K9,Odonil,Amazon India,Odonil,Odonil,Ambient Fragrance (General),Ambient Freshener,149.0,165.56,10.0,calculated,4.1,4.0,Amazon India,Amazon India,,In Stock,1,,,,149.0,,,https://www.amazon.in/dp/B0BYJCN8K9,2026-09-24T05:07:22.770104+00:00,data/raw\amazon\odonil\search_q1_p1_20260924T050717Z.html
B0H2YZKGJR,Odonil,Amazon India,Odonil,Odonil,Ambient Fragrance (General),Ambient Freshener,230.0,23000.0,99.0,calculated,4.2,4.0,Amazon India,Amazon India,,In Stock,1,,,,230.0,,,https://www.amazon.in/dp/B0H2YZKGJR,2026-09-24T05:07:22.770104+00:00,data/raw\amazon\odonil\search_q1_p1_20260924T050717Z.html
B07VJNMDFX,Odonil,Amazon India,Odonil,Odonil,Ambient Fragrance (General),Ambient Freshener,60.0,30.45,,unavailable,4.2,4.0,Amazon India,Amazon India,,In Stock,1,,,,60.0,,,https://www.amazon.in/dp/B07VJNMDFX,2026-09-24T05:07:22.770104+00:00,data/raw\amazon\odonil\search_q1_p1_20260924T050717Z.html
B0D9BW13YJ,Odonil,Amazon India,Odonil,Odonil,Ambient Fragrance (General),Ambient Freshener,499.0,99.8,,unavailable,4.0,4.0,Amazon India,Amazon India,,In Stock,1,,,,499.0,,,https://www.amazon.in/dp/B0D9BW13YJ,2026-09-24T05:07:22.770104+00:00,data/raw\amazon\odonil\search_q1_p1_20260924T050717Z.html
B096VK7TFQ,Odonil,Amazon India,Odonil,Odonil,Ambient Fragrance (General),Ambient Freshener,255.0,63.75,,unavailable,4.2,4.0,Amazon India,Amazon India,,In Stock,1,,,,255.0,,,https://www.amazon.in/dp/B096VK7TFQ,2026-09-24T05:07:22.770104+00:00,data/raw\amazon\odonil\search_q1_p1_20260924T050717Z.html
B0BKZNB7BF,Odonil,Amazon India,Odonil,Odonil,Ambient Fragrance (General),Ambient Freshener,245.0,81.67,,unavailable,4.0,4.0,Amazon India,Amazon India,,In Stock,1,,,,245.0,,,https://www.amazon.in/dp/B0BKZNB7BF,2026-09-24T05:07:22.770104+00:00,data/raw\amazon\odonil\search_q1_p1_20260924T050717Z.html
B0BPCM1K3M,Odonil,Amazon India,Odonil,Odonil,Ambient Fragrance (General),Ambient Freshener,51.0,510.0,90.0,calculated,4.2,4.0,Amazon India,Amazon India,,In Stock,1,,,,51.0,,,https://www.amazon.in/dp/B0BPCM1K3M,2026-09-24T05:07:22.770104+00:00,data/raw\amazon\odonil\search_q1_p1_20260924T050717Z.html
B072J54MWY,Odonil,Amazon India,Odonil,Odonil,Ambient Fragrance (General),Ambient Freshener,51.0,51.0,0.0,calculated,4.0,4.0,Amazon India,Amazon India,,In Stock,1,,,,51.0,,,https://www.amazon.in/dp/B072J54MWY,2026-09-24T05:07:22.770104+00:00,data/raw\amazon\odonil\search_q1_p1_20260924T050717Z.html
B0DFT3CY3M,Odonil,Amazon India,Odonil,Odonil,Ambient Fragrance (General),Ambient Freshener,270.0,60.0,,unavailable,4.2,4.0,Amazon India,Amazon India,,In Stock,1,,,,270.0,,,https://www.amazon.in/dp/B0DFT3CY3M,2026-09-24T05:07:22.770104+00:00,data/raw\amazon\odonil\search_q1_p1_20260924T050717Z.html
B09N8JZYYT,Odonil,Amazon India,Odonil,Odonil,Ambient Fragrance (General),Ambient Freshener,236.0,47.2,,unavailable,4.2,4.0,Amazon India,Amazon India,,In Stock,1,,,,236.0,,,https://www.amazon.in/dp/B09N8JZYYT,2026-09-24T05:07:22.770104+00:00,data/raw\amazon\odonil\search_q1_p1_20260924T050717Z.html
B0967PFFYP,Odonil,Amazon India,Odonil,Odonil,Ambient Fragrance (General),Ambient Freshener,339.0,84.75,,unavailable,4.3,4.0,Amazon India,Amazon India,,In Stock,1,,,,339.0,,,https://www.amazon.in/dp/B0967PFFYP,2026-09-24T05:07:22.770104+00:00,data/raw\amazon\odonil\search_q1_p1_20260924T050717Z.html
B0CL3PSVWY,Odonil,Amazon India,Odonil,Odonil,Ambient Fragrance (General),Ambient Freshener,298.0,384.0,22.4,calculated,4.2,4.0,Amazon India,Amazon India,,In Stock,1,,,,298.0,,,https://www.amazon.in/dp/B0CL3PSVWY,2026-09-24T05:07:22.770104+00:00,data/raw\amazon\odonil\search_q1_p1_20260924T050717Z.html
B08BX4NW5W,Odonil,Amazon India,Odonil,Odonil,Ambient Fragrance (General),Ambient Freshener,298.0,74.5,,unavailable,4.2,4.0,Amazon India,Amazon India,,In Stock,1,,,,298.0,,,https://www.amazon.in/dp/B08BX4NW5W,2026-09-24T05:07:22.770104+00:00,data/raw\amazon\odonil\search_q1_p1_20260924T050717Z.html
B08L4W365W,Odonil,Amazon India,Odonil,Odonil,Ambient Fragrance (General),Ambient Freshener,169.0,84.5,,unavailable,3.9,3.0,Amazon India,Amazon India,,In Stock,1,,,,169.0,,,https://www.amazon.in/dp/B08L4W365W,2026-09-24T05:07:22.770104+00:00,data/raw\amazon\odonil\search_q1_p1_20260924T050717Z.html
B07V4CQ4P8,Odonil,Amazon India,Odonil,Odonil,Ambient Fragrance (General),Ambient Freshener,160.0,160.0,0.0,calculated,3.9,3.0,Amazon India,Amazon India,,In Stock,1,,,,160.0,,,https://www.amazon.in/dp/B07V4CQ4P8,2026-09-24T05:07:22.770104+00:00,data/raw\amazon\odonil\search_q1_p1_20260924T050717Z.html
B0C7GX5246,Odonil,Amazon India,Odonil,Odonil,Ambient Fragrance (General),Ambient Freshener,290.0,966.67,70.0,calculated,4.2,4.0,Amazon India,Amazon India,,In Stock,1,,,,290.0,,,https://www.amazon.in/dp/B0C7GX5246,2026-09-24T05:07:22.770104+00:00,data/raw\amazon\odonil\search_q1_p1_20260924T050717Z.html
B00TS8C3DC,Odonil,Amazon India,Odonil,Odonil,Ambient Fragrance (General),Ambient Freshener,90.0,120.0,25.0,calculated,4.2,4.0,Amazon India,Amazon India,,In Stock,1,,,,90.0,,,https://www.amazon.in/dp/B00TS8C3DC,2026-09-24T05:07:22.770104+00:00,data/raw\amazon\odonil\search_q1_p1_20260924T050717Z.html
B0B2R6RVD6,Odonil,Amazon India,Odonil,Odonil,Ambient Fragrance (General),Ambient Freshener,307.0,307.0,0.0,calculated,4.5,4.0,Amazon India,Amazon India,,In Stock,1,,,,307.0,,,https://www.amazon.in/dp/B0B2R6RVD6,2026-09-24T05:07:22.770104+00:00,data/raw\amazon\odonil\search_q1_p1_20260924T050717Z.html
B077Y2P5PL,Odonil,Amazon India,Odonil,Odonil,Ambient Fragrance (General),Ambient Freshener,320.0,53.33,,unavailable,3.9,3.0,Amazon India,Amazon India,,In Stock,1,,,,320.0,,,https://www.amazon.in/dp/B077Y2P5PL,2026-09-24T05:07:22.770104+00:00,data/raw\amazon\odonil\search_q1_p1_20260924T050717Z.html
B0BNMSPPT7,Odonil,Amazon India,Odonil,Odonil,Ambient Fragrance (General),Ambient Freshener,225.0,112.5,,unavailable,4.2,4.0,Amazon India,Amazon India,,In Stock,1,,,,225.0,,,https://www.amazon.in/dp/B0BNMSPPT7,2026-09-24T05:07:22.770104+00:00,data/raw\amazon\odonil\search_q1_p1_20260924T050717Z.html
B0B2RC3PD6,Odonil,Amazon India,Odonil,Odonil,Ambient Fragrance (General),Ambient Freshener,294.0,57.65,,unavailable,4.2,4.0,Amazon India,Amazon India,,In Stock,1,,,,294.0,,,https://www.amazon.in/dp/B0B2RC3PD6,2026-09-24T05:07:22.770104+00:00,data/raw\amazon\odonil\search_q1_p1_20260924T050717Z.html
B08XVN2NXD,Odonil,Amazon India,Odonil,Odonil,Ambient Fragrance (General),Ambient Freshener,838.0,52.38,,unavailable,4.0,4.0,Amazon India,Amazon India,,In Stock,1,,,,838.0,,,https://www.amazon.in/dp/B08XVN2NXD,2026-09-24T05:07:22.770104+00:00,data/raw\amazon\odonil\search_q1_p1_20260924T050717Z.html
B0BPCNFT1X,Odonil,Amazon India,Odonil,Odonil,Ambient Fragrance (General),Ambient Freshener,51.0,510.0,90.0,calculated,4.1,4.0,Amazon India,Amazon India,,In Stock,1,,,,51.0,,,https://www.amazon.in/dp/B0BPCNFT1X,2026-09-24T05:07:22.770104+00:00,data/raw\amazon\odonil\search_q1_p1_20260924T050717Z.html
B0CWPG64HM,Odonil,Amazon India,Odonil,Odonil,Ambient Fragrance (General),Ambient Freshener,597.0,11940.0,95.0,calculated,4.3,4.0,Amazon India,Amazon India,,In Stock,1,,,,597.0,,,https://www.amazon.in/dp/B0CWPG64HM,2026-09-24T05:07:22.770104+00:00,data/raw\amazon\odonil\search_q1_p1_20260924T050717Z.html
B0BPCNLG5P,Odonil,Amazon India,Odonil,Odonil,Ambient Fragrance (General),Ambient Freshener,51.0,510.0,90.0,calculated,4.0,4.0,Amazon India,Amazon India,,In Stock,1,,,,51.0,,,https://www.amazon.in/dp/B0BPCNLG5P,2026-09-24T05:07:22.770104+00:00,data/raw\amazon\odonil\search_q1_p1_20260924T050717Z.html
B00ZNDKWX4,Odonil,Amazon India,Odonil,Odonil,Ambient Fragrance (General),Ambient Freshener,59.0,118.0,50.0,calculated,4.1,4.0,Amazon India,Amazon India,,In Stock,1,,,,59.0,,,https://www.amazon.in/dp/B00ZNDKWX4,2026-09-24T05:07:22.770104+00:00,data/raw\amazon\odonil\search_q1_p1_20260924T050717Z.html
B07V5W2GZR,Odonil,Amazon India,Odonil,Odonil,Ambient Fragrance (General),Ambient Freshener,109.0,71.24,,unavailable,4.3,4.0,Amazon India,Amazon India,,In Stock,1,,,,109.0,,,https://www.amazon.in/dp/B07V5W2GZR,2026-09-24T05:07:28.625832+00:00,data/raw\amazon\odonil\search_q1_p2_20260924T050722Z.html
B01JIGTIUO,Odonil,Amazon India,Odonil,Odonil,Ambient Fragrance (General),Ambient Freshener,267.0,118.67,,unavailable,3.8,3.0,Amazon India,Amazon India,,In Stock,1,,,,267.0,,,https://www.amazon.in/dp/B01JIGTIUO,2026-09-24T05:07:28.625832+00:00,data/raw\amazon\odonil\search_q1_p2_20260924T050722Z.html
B01469AG9A,Odonil,Amazon India,Odonil,Odonil,Ambient Fragrance (General),Ambient Freshener,59.0,118.0,50.0,calculated,4.0,4.0,Amazon India,Amazon India,,In Stock,1,,,,59.0,,,https://www.amazon.in/dp/B01469AG9A,2026-09-24T05:07:28.625832+00:00,data/raw\amazon\odonil\search_q1_p2_20260924T050722Z.html
B077XWPYBX,Odonil,Amazon India,Odonil,Odonil,Ambient Fragrance (General),Ambient Freshener,329.0,548.33,40.0,calculated,4.2,4.0,Amazon India,Amazon India,,In Stock,1,,,,329.0,,,https://www.amazon.in/dp/B077XWPYBX,2026-09-24T05:07:28.625832+00:00,data/raw\amazon\odonil\search_q1_p2_20260924T050722Z.html
B07SWDFMVW,Odonil,Amazon India,Odonil,Odonil,Ambient Fragrance (General),Ambient Freshener,260.0,65.0,,unavailable,4.2,4.0,Amazon India,Amazon India,,In Stock,1,,,,260.0,,,https://www.amazon.in/dp/B07SWDFMVW,2026-09-24T05:07:28.625832+00:00,data/raw\amazon\odonil\search_q1_p2_20260924T050722Z.html
B00TGNSJ6Y,Odonil,Amazon India,Odonil,Odonil,Ambient Fragrance (General),Ambient Freshener,90.0,120.0,25.0,calculated,4.2,4.0,Amazon India,Amazon India,,In Stock,1,,,,90.0,,,https://www.amazon.in/dp/B00TGNSJ6Y,2026-09-24T05:07:28.625832+00:00,data/raw\amazon\odonil\search_q1_p2_20260924T050722Z.html
B07H31SGZ7,Odonil,Amazon India,Odonil,Odonil,Ambient Fragrance (General),Ambient Freshener,348.0,580.0,40.0,calculated,4.2,4.0,Amazon India,Amazon India,,In Stock,1,,,,348.0,,,https://www.amazon.in/dp/B07H31SGZ7,2026-09-24T05:07:28.625832+00:00,data/raw\amazon\odonil\search_q1_p2_20260924T050722Z.html
B012BZVWZI,Odonil,Amazon India,Odonil,Odonil,Ambient Fragrance (General),Ambient Freshener,59.0,59.0,0.0,calculated,4.2,4.0,Amazon India,Amazon India,,In Stock,1,,,,59.0,,,https://www.amazon.in/dp/B012BZVWZI,2026-09-24T05:07:28.625832+00:00,data/raw\amazon\odonil\search_q1_p2_20260924T050722Z.html
B0H2H4866W,Odonil,Amazon India,Odonil,Odonil,Ambient Fragrance (General),Ambient Freshener,89.0,8900.0,99.0,calculated,3.5,3.0,Amazon India,Amazon India,,In Stock,1,,,,89.0,,,https://www.amazon.in/dp/B0H2H4866W,2026-09-24T05:07:28.625832+00:00,data/raw\amazon\odonil\search_q1_p2_20260924T050722Z.html
B01M0THA9M,Odonil,Amazon India,Odonil,Odonil,Ambient Fragrance (General),Ambient Freshener,87.0,116.0,25.0,calculated,3.8,3.0,Amazon India,Amazon India,,In Stock,1,,,,87.0,,,https://www.amazon.in/dp/B01M0THA9M,2026-09-24T05:07:28.625832+00:00,data/raw\amazon\odonil\search_q1_p2_20260924T050722Z.html
B012U5EJEK,Odonil,Amazon India,Odonil,Odonil,Ambient Fragrance (General),Ambient Freshener,59.0,69.0,14.49,calculated,1.0,1.0,Amazon India,Amazon India,,In Stock,1,,,,59.0,,,https://www.amazon.in/dp/B012U5EJEK,2026-09-24T05:07:28.625832+00:00,data/raw\amazon\odonil\search_q1_p2_20260924T050722Z.html
B01BSQ9I48,Odonil,Amazon India,Odonil,Odonil,Ambient Fragrance (General),Ambient Freshener,118.0,118.0,0.0,calculated,3.8,3.0,Amazon India,Amazon India,,In Stock,1,,,,118.0,,,https://www.amazon.in/dp/B01BSQ9I48,2026-09-24T05:07:28.625832+00:00,data/raw\amazon\odonil\search_q1_p2_20260924T050722Z.html
B07BBKMSTD,Odonil,Amazon India,"Spencer's Combo - Odonil Nature Zipper Air Freshener Soulful Jasmine, 10g (Pack of 2) Promo Pack","Spencer's Combo - Odonil Nature Zipper Air Freshener Soulful Jasmine, 10g (Pack of 2) Promo Pack",Ambient Fragrance (General),Ambient Freshener,120.0,60.0,,unavailable,4.1,4.0,Amazon India,Amazon India,,In Stock,2,10.0,g,20.0,60.0,600.0,,https://www.amazon.in/dp/B07BBKMSTD,2026-09-24T05:07:28.625832+00:00,data/raw\amazon\odonil\search_q1_p2_20260924T050722Z.html
B0753NL7TW,Odonil,Amazon India,Odonil,Odonil,Ambient Fragrance (General),Ambient Freshener,69.0,690.0,90.0,calculated,3.4,3.0,Amazon India,Amazon India,,In Stock,1,,,,69.0,,,https://www.amazon.in/dp/B0753NL7TW,2026-09-24T05:07:28.625832+00:00,data/raw\amazon\odonil\search_q1_p2_20260924T050722Z.html
B0753LP7RL,Odonil,Amazon India,Odonil,Odonil,Ambient Fragrance (General),Ambient Freshener,65.0,65.0,0.0,calculated,3.1,3.0,Amazon India,Amazon India,,In Stock,1,,,,65.0,,,https://www.amazon.in/dp/B0753LP7RL,2026-09-24T05:07:28.625832+00:00,data/raw\amazon\odonil\search_q1_p2_20260924T050722Z.html
B00YREI1TM,Odonil,Amazon India,Odonil,Odonil,Ambient Fragrance (General),Ambient Freshener,59.0,,,unavailable,4.1,4.0,Amazon India,Amazon India,,In Stock,1,,,,59.0,,,https://www.amazon.in/dp/B00YREI1TM,2026-09-24T05:07:28.625832+00:00,data/raw\amazon\odonil\search_q1_p2_20260924T050722Z.html
B07PZCV67B,Odonil,Amazon India,Odonil,Odonil,Ambient Fragrance (General),Ambient Freshener,70.0,70.0,0.0,calculated,3.8,3.0,Amazon India,Amazon India,,In Stock,1,,,,70.0,,,https://www.amazon.in/dp/B07PZCV67B,2026-09-24T05:07:28.625832+00:00,data/raw\amazon\odonil\search_q1_p2_20260924T050722Z.html
B01IFK4ISG,Odonil,Amazon India,Odonil,Odonil,Ambient Fragrance (General),Ambient Freshener,60.0,120.0,50.0,calculated,,,,,,In Stock,1,,,,60.0,,,https://www.amazon.in/dp/B01IFK4ISG,2026-09-24T05:07:28.625832+00:00,data/raw\amazon\odonil\search_q1_p2_20260924T050722Z.html
B0H2H4MKM2,Odonil,Amazon India,Odonil,Odonil,Ambient Fragrance (General),Ambient Freshener,72.0,7209.0,99.0,calculated,4.5,4.0,Amazon India,Amazon India,,In Stock,1,,,,72.0,,,https://www.amazon.in/dp/B0H2H4MKM2,2026-09-24T05:07:28.625832+00:00,data/raw\amazon\odonil\search_q1_p2_20260924T050722Z.html
B0CWPGR6W1,Odonil,Amazon India,Odonil,Odonil,Ambient Fragrance (General),Ambient Freshener,489.0,12225.0,96.0,calculated,5.0,5.0,Amazon India,Amazon India,,In Stock,1,,,,489.0,,,https://www.amazon.in/dp/B0CWPGR6W1,2026-09-24T05:07:28.625832+00:00,data/raw\amazon\odonil\search_q1_p2_20260924T050722Z.html
B0785F7Q62,Odonil,Amazon India,Odonil,Odonil,Ambient Fragrance (General),Ambient Freshener,345.0,57.5,,unavailable,4.0,4.0,Amazon India,Amazon India,,In Stock,1,,,,345.0,,,https://www.amazon.in/dp/B0785F7Q62,2026-09-24T05:07:28.625832+00:00,data/raw\amazon\odonil\search_q1_p2_20260924T050722Z.html
B0753NKB9G,Odonil,Amazon India,Odonil,Odonil,Ambient Fragrance (General),Ambient Freshener,60.0,600.0,90.0,calculated,3.4,3.0,Amazon India,Amazon India,,In Stock,1,,,,60.0,,,https://www.amazon.in/dp/B0753NKB9G,2026-09-24T05:07:28.625832+00:00,data/raw\amazon\odonil\search_q1_p2_20260924T050722Z.html
B07V2NFFQ5,Odonil,Amazon India,Odonil,Odonil,Ambient Fragrance (General),Ambient Freshener,96.0,40.0,,unavailable,4.1,4.0,Amazon India,Amazon India,,In Stock,1,,,,96.0,,,https://www.amazon.in/dp/B07V2NFFQ5,2026-09-24T05:07:28.625832+00:00,data/raw\amazon\odonil\search_q1_p2_20260924T050722Z.html
B0CWPD8PF7,Odonil,Amazon India,Odonil,Odonil,Ambient Fragrance (General),Ambient Freshener,677.0,11283.33,94.0,calculated,4.5,4.0,Amazon India,Amazon India,,In Stock,1,,,,677.0,,,https://www.amazon.in/dp/B0CWPD8PF7,2026-09-24T05:07:28.625832+00:00,data/raw\amazon\odonil\search_q1_p2_20260924T050722Z.html
B0CWPDSWYS,Odonil,Amazon India,Odonil,Odonil,Ambient Fragrance (General),Ambient Freshener,578.0,11560.0,95.0,calculated,4.3,4.0,Amazon India,Amazon India,,In Stock,1,,,,578.0,,,https://www.amazon.in/dp/B0CWPDSWYS,2026-09-24T05:07:28.625832+00:00,data/raw\amazon\odonil\search_q1_p2_20260924T050722Z.html
B01JIGTNL8,Odonil,Amazon India,Odonil,Odonil,Ambient Fragrance (General),Ambient Freshener,288.0,128.0,,unavailable,3.6,3.0,Amazon India,Amazon India,,In Stock,1,,,,288.0,,,https://www.amazon.in/dp/B01JIGTNL8,2026-09-24T05:07:28.625832+00:00,data/raw\amazon\odonil\search_q1_p2_20260924T050722Z.html
B07774Q1BB,Odonil,Amazon India,"Spar Combo - Odonil Nature Zipper Air Freshener Joyful Lavender, 10g (Pack of 2) Promo Pack","Spar Combo - Odonil Nature Zipper Air Freshener Joyful Lavender, 10g (Pack of 2) Promo Pack",Ambient Fragrance (General),Ambient Freshener,130.0,65.0,,unavailable,4.4,4.0,Amazon India,Amazon India,,In Stock,2,10.0,g,20.0,65.0,650.0,,https://www.amazon.in/dp/B07774Q1BB,2026-09-24T05:07:28.625832+00:00,data/raw\amazon\odonil\search_q1_p2_20260924T050722Z.html
B07834DLZM,Odonil,Amazon India,Odonil,Odonil,Ambient Fragrance (General),Ambient Freshener,360.0,60.0,,unavailable,3.8,3.0,Amazon India,Amazon India,,In Stock,1,,,,360.0,,,https://www.amazon.in/dp/B07834DLZM,2026-09-24T05:07:28.625832+00:00,data/raw\amazon\odonil\search_q1_p2_20260924T050722Z.html
B0HCG86QD3,Odonil,Amazon India,Odonil,Odonil,Ambient Fragrance (General),Ambient Freshener,577.0,870.0,33.68,calculated,,,,,,In Stock,1,,,,577.0,,,https://www.amazon.in/dp/B0HCG86QD3,2026-09-24T05:07:28.625832+00:00,data/raw\amazon\odonil\search_q1_p2_20260924T050722Z.html
B0HCFWHX16,Odonil,Amazon India,Odonil,Odonil,Ambient Fragrance (General),Ambient Freshener,412.0,648.0,36.42,calculated,,,,,,In Stock,1,,,,412.0,,,https://www.amazon.in/dp/B0HCFWHX16,2026-09-24T05:07:28.625832+00:00,data/raw\amazon\odonil\search_q1_p2_20260924T050722Z.html
B08XV5X8LH,Odonil,Amazon India,Odonil,Odonil,Ambient Fragrance (General),Ambient Freshener,537.0,596.67,10.0,calculated,3.3,3.0,Amazon India,Amazon India,,In Stock,1,,,,537.0,,,https://www.amazon.in/dp/B08XV5X8LH,2026-09-24T05:07:28.625832+00:00,data/raw\amazon\odonil\search_q1_p2_20260924T050722Z.html
B0D2DKN2QD,Odonil,Amazon India,Odonil,Odonil,Ambient Fragrance (General),Ambient Freshener,5499.0,27495.0,80.0,calculated,,,,,,In Stock,1,,,,5499.0,,,https://www.amazon.in/dp/B0D2DKN2QD,2026-09-24T05:07:28.625832+00:00,data/raw\amazon\odonil\search_q1_p2_20260924T050722Z.html
B0CWPGK27T,Odonil,Amazon India,Odonil,Odonil,Ambient Fragrance (General),Ambient Freshener,649.0,10816.67,94.0,calculated,4.2,4.0,Amazon India,Amazon India,,In Stock,1,,,,649.0,,,https://www.amazon.in/dp/B0CWPGK27T,2026-09-24T05:07:28.625832+00:00,data/raw\amazon\odonil\search_q1_p2_20260924T050722Z.html
B0144P33LY,Odonil,Amazon India,Odonil,Odonil,Ambient Fragrance (General),Ambient Freshener,135.0,96.43,,unavailable,3.8,3.0,Amazon India,Amazon India,,In Stock,1,,,,135.0,,,https://www.amazon.in/dp/B0144P33LY,2026-09-24T05:07:28.625832+00:00,data/raw\amazon\odonil\search_q1_p2_20260924T050722Z.html
B0HCG4LP5Q,Odonil,Amazon India,Odonil,Odonil,Ambient Fragrance (General),Ambient Freshener,398.0,633.0,37.12,calculated,,,,,,In Stock,1,,,,398.0,,,https://www.amazon.in/dp/B0HCG4LP5Q,2026-09-24T05:07:28.625832+00:00,data/raw\amazon\odonil\search_q1_p2_20260924T050722Z.html
B079VRWWTY,Odonil,Amazon India,Odonil,Odonil,Ambient Fragrance (General),Ambient Freshener,225.0,56.25,,unavailable,4.1,4.0,Amazon India,Amazon India,,In Stock,1,,,,225.0,,,https://www.amazon.in/dp/B079VRWWTY,2026-09-24T05:07:28.625832+00:00,data/raw\amazon\odonil\search_q1_p2_20260924T050722Z.html
B0BH354RTX,Odonil,Amazon India,"Odonil Room Air Freshener Spray,Jasmine Fresh,Room Freshener Spray-220ml","Odonil Room Air Freshener Spray,Jasmine Fresh,Room Freshener Spray-220ml",Room Spray & Aerosol,Room Spray,135.0,61.36,,unavailable,4.7,4.0,Amazon India,Amazon India,,In Stock,1,220.0,ml,220.0,135.0,,61.36,https://www.amazon.in/dp/B0BH354RTX,2026-09-24T05:07:28.625832+00:00,data/raw\amazon\odonil\search_q1_p2_20260924T050722Z.html
B0CDD5CS5B,Odonil,Amazon India,Odonil,Odonil,Ambient Fragrance (General),Ambient Freshener,348.0,530.0,34.34,calculated,4.1,4.0,Amazon India,Amazon India,,In Stock,1,,,,348.0,,,https://www.amazon.in/dp/B0CDD5CS5B,2026-09-24T05:07:28.625832+00:00,data/raw\amazon\odonil\search_q1_p2_20260924T050722Z.html
B0HCFVCV4C,Odonil,Amazon India,Odonil,Odonil,Ambient Fragrance (General),Ambient Freshener,398.0,633.0,37.12,calculated,,,,,,In Stock,1,,,,398.0,,,https://www.amazon.in/dp/B0HCFVCV4C,2026-09-24T05:07:28.625832+00:00,data/raw\amazon\odonil\search_q1_p2_20260924T050722Z.html
B0HCFKHYR4,Odonil,Amazon India,Odonil,Odonil,Ambient Fragrance (General),Ambient Freshener,398.0,676.0,41.12,calculated,,,,,,In Stock,1,,,,398.0,,,https://www.amazon.in/dp/B0HCFKHYR4,2026-09-24T05:07:28.625832+00:00,data/raw\amazon\odonil\search_q1_p2_20260924T050722Z.html
B0144P2FFE,Odonil,Amazon India,Odonil,Odonil,Ambient Fragrance (General),Ambient Freshener,167.0,119.29,,unavailable,3.8,3.0,Amazon India,Amazon India,,In Stock,1,,,,167.0,,,https://www.amazon.in/dp/B0144P2FFE,2026-09-24T05:07:28.625832+00:00,data/raw\amazon\odonil\search_q1_p2_20260924T050722Z.html
B0HCGKKPWT,Odonil,Amazon India,Odonil,Odonil,Ambient Fragrance (General),Ambient Freshener,398.0,676.0,41.12,calculated,,,,,,In Stock,1,,,,398.0,,,https://www.amazon.in/dp/B0HCGKKPWT,2026-09-24T05:07:28.625832+00:00,data/raw\amazon\odonil\search_q1_p2_20260924T050722Z.html
B0BMXLXC96,Odonil,Amazon India,Odonil Air Freshener Blocks Mixed Fragrances - 100gm (Pack of 10),Odonil Air Freshener Blocks Mixed Fragrances - 100gm (Pack of 10),Bathroom Freshener & Block,Block / Pocket Freshener,849.0,84.9,,unavailable,4.1,4.0,Amazon India,Amazon India,,In Stock,10,100.0,g,1000.0,84.9,84.9,,https://www.amazon.in/dp/B0BMXLXC96,2026-09-24T05:07:28.625832+00:00,data/raw\amazon\odonil\search_q1_p2_20260924T050722Z.html
B0HCFKG72W,Odonil,Amazon India,Odonil,Odonil,Ambient Fragrance (General),Ambient Freshener,398.0,535.0,25.61,calculated,,,,,,In Stock,1,,,,398.0,,,https://www.amazon.in/dp/B0HCFKG72W,2026-09-24T05:07:28.625832+00:00,data/raw\amazon\odonil\search_q1_p2_20260924T050722Z.html
B0C7GPP7YS,Odonil,Amazon India,Odonil,Odonil,Ambient Fragrance (General),Ambient Freshener,299.0,119.6,,unavailable,4.2,4.0,Amazon India,Amazon India,,In Stock,1,,,,299.0,,,https://www.amazon.in/dp/B0C7GPP7YS,2026-09-24T05:07:34.761045+00:00,data/raw\amazon\odonil\search_q2_p1_20260924T050728Z.html
B00TS8BHRA,Odonil,Amazon India,Odonil,Odonil,Ambient Fragrance (General),Ambient Freshener,99.0,16.5,,unavailable,4.2,4.0,Amazon India,Amazon India,,In Stock,1,,,,99.0,,,https://www.amazon.in/dp/B00TS8BHRA,2026-09-24T05:07:34.761045+00:00,data/raw\amazon\odonil\search_q2_p1_20260924T050728Z.html
B08GM16V88,Odonil,Amazon India,Odonil,Odonil,Ambient Fragrance (General),Ambient Freshener,149.0,55.19,,unavailable,4.2,4.0,Amazon India,Amazon India,,In Stock,1,,,,149.0,,,https://www.amazon.in/dp/B08GM16V88,2026-09-24T05:07:34.761045+00:00,data/raw\amazon\odonil\search_q2_p1_20260924T050728Z.html
B08HLPQDMF,Odonil,Amazon India,Odonil,Odonil,Ambient Fragrance (General),Ambient Freshener,99.0,64.71,,unavailable,4.2,4.0,Amazon India,Amazon India,,In Stock,1,,,,99.0,,,https://www.amazon.in/dp/B08HLPQDMF,2026-09-24T05:07:34.761045+00:00,data/raw\amazon\odonil\search_q2_p1_20260924T050728Z.html
B08HP6ZPD5,Odonil,Amazon India,Odonil,Odonil,Ambient Fragrance (General),Ambient Freshener,160.0,59.26,,unavailable,4.3,4.0,Amazon India,Amazon India,,In Stock,1,,,,160.0,,,https://www.amazon.in/dp/B08HP6ZPD5,2026-09-24T05:07:34.761045+00:00,data/raw\amazon\odonil\search_q2_p1_20260924T050728Z.html
B07V2NGBFM,Odonil,Amazon India,Odonil,Odonil,Ambient Fragrance (General),Ambient Freshener,160.0,66.67,,unavailable,4.1,4.0,Amazon India,Amazon India,,In Stock,1,,,,160.0,,,https://www.amazon.in/dp/B07V2NGBFM,2026-09-24T05:07:34.761045+00:00,data/raw\amazon\odonil\search_q2_p1_20260924T050728Z.html
B07V3SG3H1,Odonil,Amazon India,Odonil,Odonil,Ambient Fragrance (General),Ambient Freshener,159.0,147.22,,unavailable,4.4,4.0,Amazon India,Amazon India,,In Stock,1,,,,159.0,,,https://www.amazon.in/dp/B07V3SG3H1,2026-09-24T05:07:34.761045+00:00,data/raw\amazon\odonil\search_q2_p1_20260924T050728Z.html
B0144P3L3Y,Odonil,Amazon India,Odonil,Odonil,Ambient Fragrance (General),Ambient Freshener,169.0,84.5,,unavailable,3.9,3.0,Amazon India,Amazon India,,In Stock,1,,,,169.0,,,https://www.amazon.in/dp/B0144P3L3Y,2026-09-24T05:07:34.761045+00:00,data/raw\amazon\odonil\search_q2_p1_20260924T050728Z.html
B09NBKYJ6K,Odonil,Amazon India,Odonil,Odonil,Ambient Fragrance (General),Ambient Freshener,140.0,72.92,,unavailable,4.0,4.0,Amazon India,Amazon India,,In Stock,1,,,,140.0,,,https://www.amazon.in/dp/B09NBKYJ6K,2026-09-24T05:07:34.761045+00:00,data/raw\amazon\odonil\search_q2_p1_20260924T050728Z.html
B07HKKLS2T,Odonil,Amazon India,Odonil,Odonil,Ambient Fragrance (General),Ambient Freshener,51.0,51.0,0.0,calculated,4.0,4.0,Amazon India,Amazon India,,In Stock,1,,,,51.0,,,https://www.amazon.in/dp/B07HKKLS2T,2026-09-24T05:07:34.761045+00:00,data/raw\amazon\odonil\search_q2_p1_20260924T050728Z.html
B0B2R7JVJZ,Odonil,Amazon India,Odonil,Odonil,Ambient Fragrance (General),Ambient Freshener,382.0,382.0,0.0,calculated,5.0,5.0,Amazon India,Amazon India,,In Stock,1,,,,382.0,,,https://www.amazon.in/dp/B0B2R7JVJZ,2026-09-24T05:07:34.761045+00:00,data/raw\amazon\odonil\search_q2_p1_20260924T050728Z.html
B08HLPMN75,Odonil,Amazon India,Odonil,Odonil,Ambient Fragrance (General),Ambient Freshener,132.0,86.27,,unavailable,4.0,4.0,Amazon India,Amazon India,,In Stock,1,,,,132.0,,,https://www.amazon.in/dp/B08HLPMN75,2026-09-24T05:07:34.761045+00:00,data/raw\amazon\odonil\search_q2_p1_20260924T050728Z.html
B0BH51K4WT,Odonil,Amazon India,"Odonil Room Freshener spray for home,Rose Garden","Odonil Room Freshener spray for home,Rose Garden",Room Spray & Aerosol,Room Spray,138.0,63.13,,unavailable,4.7,4.0,Amazon India,Amazon India,,In Stock,1,,,,138.0,,,https://www.amazon.in/dp/B0BH51K4WT,2026-09-24T05:07:34.761045+00:00,data/raw\amazon\odonil\search_q2_p1_20260924T050728Z.html
B0B2R7VR2B,Odonil,Amazon India,Odonil,Odonil,Ambient Fragrance (General),Ambient Freshener,246.0,246.0,0.0,calculated,3.5,3.0,Amazon India,Amazon India,,In Stock,1,,,,246.0,,,https://www.amazon.in/dp/B0B2R7VR2B,2026-09-24T05:07:34.761045+00:00,data/raw\amazon\odonil\search_q2_p1_20260924T050728Z.html
B01JIGTSJK,Odonil,Amazon India,Odonil,Odonil,Ambient Fragrance (General),Ambient Freshener,252.0,90.0,,unavailable,3.9,3.0,Amazon India,Amazon India,,In Stock,1,,,,252.0,,,https://www.amazon.in/dp/B01JIGTSJK,2026-09-24T05:07:34.761045+00:00,data/raw\amazon\odonil\search_q2_p1_20260924T050728Z.html
B0B2R619F9,Odonil,Amazon India,Odonil,Odonil,Ambient Fragrance (General),Ambient Freshener,489.0,489.0,0.0,calculated,4.8,4.0,Amazon India,Amazon India,,In Stock,1,,,,489.0,,,https://www.amazon.in/dp/B0B2R619F9,2026-09-24T05:07:41.174699+00:00,data/raw\amazon\odonil\search_q2_p2_20260924T050735Z.html
B0148NF1QM,Odonil,Amazon India,Odonil,Odonil,Ambient Fragrance (General),Ambient Freshener,165.0,152.78,,unavailable,3.9,3.0,Amazon India,Amazon India,,In Stock,1,,,,165.0,,,https://www.amazon.in/dp/B0148NF1QM,2026-09-24T05:07:41.174699+00:00,data/raw\amazon\odonil\search_q2_p2_20260924T050735Z.html
B09NQ54752,Odonil,Amazon India,"Pradeep Pharmacy Odonil Room Air Freshener Spray, Lavender Mist -240ml (Pack of 3 ) (Lavender + Jasmine + Sandal Bouquet)","Pradeep Pharmacy Odonil Room Air Freshener Spray, Lavender Mist -240ml (Pack of 3 ) (Lavender + Jasmine + Sandal Bouquet)",Room Spray & Aerosol,Room Spray,475.0,65.97,,unavailable,4.1,4.0,Amazon India,Amazon India,,In Stock,3,240.0,ml,720.0,158.33,,65.97,https://www.amazon.in/dp/B09NQ54752,2026-09-24T05:07:41.174699+00:00,data/raw\amazon\odonil\search_q2_p2_20260924T050735Z.html
B08HPL43F3,Odonil,Amazon India,Odonil,Odonil,Ambient Fragrance (General),Ambient Freshener,140.0,51.85,,unavailable,4.2,4.0,Amazon India,Amazon India,,In Stock,1,,,,140.0,,,https://www.amazon.in/dp/B08HPL43F3,2026-09-24T05:07:41.174699+00:00,data/raw\amazon\odonil\search_q2_p2_20260924T050735Z.html
B07V3SF8CW,Odonil,Amazon India,Odonil,Odonil,Ambient Fragrance (General),Ambient Freshener,167.0,154.63,,unavailable,3.8,3.0,Amazon India,Amazon India,,In Stock,1,,,,167.0,,,https://www.amazon.in/dp/B07V3SF8CW,2026-09-24T05:07:41.174699+00:00,data/raw\amazon\odonil\search_q2_p2_20260924T050735Z.html
B0C284RHGF,Odonil,Amazon India,Odonil,Odonil,Ambient Fragrance (General),Ambient Freshener,449.0,51.02,,unavailable,5.0,5.0,Amazon India,Amazon India,,In Stock,1,,,,449.0,,,https://www.amazon.in/dp/B0C284RHGF,2026-09-24T05:07:41.174699+00:00,data/raw\amazon\odonil\search_q2_p2_20260924T050735Z.html
B0B2R6M9K4,Odonil,Amazon India,Odonil,Odonil,Ambient Fragrance (General),Ambient Freshener,897.0,897.0,0.0,calculated,,,,,,In Stock,1,,,,897.0,,,https://www.amazon.in/dp/B0B2R6M9K4,2026-09-24T05:07:41.174699+00:00,data/raw\amazon\odonil\search_q2_p2_20260924T050735Z.html
B07V5W2KSP,Odonil,Amazon India,Odonil,Odonil,Ambient Fragrance (General),Ambient Freshener,160.0,148.15,,unavailable,4.2,4.0,Amazon India,Amazon India,,In Stock,1,,,,160.0,,,https://www.amazon.in/dp/B07V5W2KSP,2026-09-24T05:07:41.174699+00:00,data/raw\amazon\odonil\search_q2_p2_20260924T050735Z.html
B0B2R8QCM2,Odonil,Amazon India,Odonil,Odonil,Ambient Fragrance (General),Ambient Freshener,360.0,360.0,0.0,calculated,5.0,5.0,Amazon India,Amazon India,,In Stock,1,,,,360.0,,,https://www.amazon.in/dp/B0B2R8QCM2,2026-09-24T05:07:41.174699+00:00,data/raw\amazon\odonil\search_q2_p2_20260924T050735Z.html
B0CRVQTP1P,Odonil,Amazon India,Odonil,Odonil,Ambient Fragrance (General),Ambient Freshener,348.0,490.0,28.98,calculated,,,,,,In Stock,1,,,,348.0,,,https://www.amazon.in/dp/B0CRVQTP1P,2026-09-24T05:07:41.174699+00:00,data/raw\amazon\odonil\search_q2_p2_20260924T050735Z.html
B098476KWP,Odonil,Amazon India,Odonil,Odonil,Ambient Fragrance (General),Ambient Freshener,117.0,117.0,0.0,calculated,,,,,,In Stock,1,,,,117.0,,,https://www.amazon.in/dp/B098476KWP,2026-09-24T05:07:41.174699+00:00,data/raw\amazon\odonil\search_q2_p2_20260924T050735Z.html
B07V2NF99P,Odonil,Amazon India,Odonil Room Spray,Odonil Room Spray,Room Spray & Aerosol,Room Spray,125.0,52.08,,unavailable,4.1,4.0,Amazon India,Amazon India,,In Stock,1,,,,125.0,,,https://www.amazon.in/dp/B07V2NF99P,2026-09-24T05:07:41.174699+00:00,data/raw\amazon\odonil\search_q2_p2_20260924T050735Z.html
B0B2R6SH7P,Odonil,Amazon India,Odonil,Odonil,Ambient Fragrance (General),Ambient Freshener,255.0,255.0,0.0,calculated,,,,,,In Stock,1,,,,255.0,,,https://www.amazon.in/dp/B0B2R6SH7P,2026-09-24T05:07:41.174699+00:00,data/raw\amazon\odonil\search_q2_p2_20260924T050735Z.html
B0D9BT737T,Odonil,Amazon India,Odonil,Odonil,Ambient Fragrance (General),Ambient Freshener,369.0,390.0,5.38,calculated,4.4,4.0,Amazon India,Amazon India,,In Stock,1,,,,369.0,,,https://www.amazon.in/dp/B0D9BT737T,2026-09-24T05:07:41.174699+00:00,data/raw\amazon\odonil\search_q2_p2_20260924T050735Z.html
B0B2RDPM5K,Odonil,Amazon India,Odonil,Odonil,Ambient Fragrance (General),Ambient Freshener,339.0,339.0,0.0,calculated,5.0,5.0,Amazon India,Amazon India,,In Stock,1,,,,339.0,,,https://www.amazon.in/dp/B0B2RDPM5K,2026-09-24T05:07:41.174699+00:00,data/raw\amazon\odonil\search_q2_p2_20260924T050735Z.html
B0B2R5GR1P,Odonil,Amazon India,Odonil,Odonil,Ambient Fragrance (General),Ambient Freshener,249.0,249.0,0.0,calculated,,,,,,In Stock,1,,,,249.0,,,https://www.amazon.in/dp/B0B2R5GR1P,2026-09-24T05:07:41.174699+00:00,data/raw\amazon\odonil\search_q2_p2_20260924T050735Z.html
B0CHLXZH49,Odonil,Amazon India,Odonil,Odonil,Ambient Fragrance (General),Ambient Freshener,328.0,455.0,27.91,calculated,3.9,3.0,Amazon India,Amazon India,,In Stock,1,,,,328.0,,,https://www.amazon.in/dp/B0CHLXZH49,2026-09-24T05:07:41.174699+00:00,data/raw\amazon\odonil\search_q2_p2_20260924T050735Z.html
B0CHM38PRJ,Odonil,Amazon India,Odonil,Odonil,Ambient Fragrance (General),Ambient Freshener,328.0,468.0,29.91,calculated,,,,,,In Stock,1,,,,328.0,,,https://www.amazon.in/dp/B0CHM38PRJ,2026-09-24T05:07:41.174699+00:00,data/raw\amazon\odonil\search_q2_p2_20260924T050735Z.html
B0CHLY686S,Odonil,Amazon India,Odonil,Odonil,Ambient Fragrance (General),Ambient Freshener,348.0,500.0,30.4,calculated,,,,,,In Stock,1,,,,348.0,,,https://www.amazon.in/dp/B0CHLY686S,2026-09-24T05:07:41.174699+00:00,data/raw\amazon\odonil\search_q2_p2_20260924T050735Z.html
B0CDDMM3JP,Odonil,Amazon India,Odonil,Odonil,Ambient Fragrance (General),Ambient Freshener,348.0,487.0,28.54,calculated,4.0,4.0,Amazon India,Amazon India,,In Stock,1,,,,348.0,,,https://www.amazon.in/dp/B0CDDMM3JP,2026-09-24T05:07:41.174699+00:00,data/raw\amazon\odonil\search_q2_p2_20260924T050735Z.html
B0B2R6Z77Q,Odonil,Amazon India,Odonil,Odonil,Ambient Fragrance (General),Ambient Freshener,333.0,333.0,0.0,calculated,,,,,,In Stock,1,,,,333.0,,,https://www.amazon.in/dp/B0B2R6Z77Q,2026-09-24T05:07:41.174699+00:00,data/raw\amazon\odonil\search_q2_p2_20260924T050735Z.html
B0CRVQTWYZ,Odonil,Amazon India,Odonil,Odonil,Ambient Fragrance (General),Ambient Freshener,328.0,458.0,28.38,calculated,4.5,4.0,Amazon India,Amazon India,,In Stock,1,,,,328.0,,,https://www.amazon.in/dp/B0CRVQTWYZ,2026-09-24T05:07:41.174699+00:00,data/raw\amazon\odonil\search_q2_p2_20260924T050735Z.html
B08ZXTJ6VP,Odonil,Amazon India,odonil,odonil,Ambient Fragrance (General),Ambient Freshener,277.0,62.95,,unavailable,,,,,,In Stock,1,,,,277.0,,,https://www.amazon.in/dp/B08ZXTJ6VP,2026-09-24T05:07:41.174699+00:00,data/raw\amazon\odonil\search_q2_p2_20260924T050735Z.html
B0B2R5QWXL,Odonil,Amazon India,Odonil,Odonil,Ambient Fragrance (General),Ambient Freshener,338.0,338.0,0.0,calculated,,,,,,In Stock,1,,,,338.0,,,https://www.amazon.in/dp/B0B2R5QWXL,2026-09-24T05:07:41.174699+00:00,data/raw\amazon\odonil\search_q2_p2_20260924T050735Z.html
B0144P20F4,Odonil,Amazon India,Odonil,Odonil,Ambient Fragrance (General),Ambient Freshener,95.0,95.0,0.0,calculated,3.7,3.0,Amazon India,Amazon India,,In Stock,1,,,,95.0,,,https://www.amazon.in/dp/B0144P20F4,2026-09-24T05:07:41.174699+00:00,data/raw\amazon\odonil\search_q2_p2_20260924T050735Z.html
B0B2R788YD,Odonil,Amazon India,Odonil,Odonil,Ambient Fragrance (General),Ambient Freshener,289.0,360.0,19.72,calculated,5.0,5.0,Amazon India,Amazon India,,In Stock,1,,,,289.0,,,https://www.amazon.in/dp/B0B2R788YD,2026-09-24T05:07:41.174699+00:00,data/raw\amazon\odonil\search_q2_p2_20260924T050735Z.html
B0B2R6TRJK,Odonil,Amazon India,Odonil,Odonil,Ambient Fragrance (General),Ambient Freshener,238.0,238.0,0.0,calculated,4.0,4.0,Amazon India,Amazon India,,In Stock,1,,,,238.0,,,https://www.amazon.in/dp/B0B2R6TRJK,2026-09-24T05:07:41.174699+00:00,data/raw\amazon\odonil\search_q2_p2_20260924T050735Z.html
B0D9JMFP4L,Odonil,Amazon India,Odonil,Odonil,Ambient Fragrance (General),Ambient Freshener,443.0,88.6,,unavailable,3.6,3.0,Amazon India,Amazon India,,In Stock,1,,,,443.0,,,https://www.amazon.in/dp/B0D9JMFP4L,2026-09-24T05:07:41.174699+00:00,data/raw\amazon\odonil\search_q2_p2_20260924T050735Z.html
B0BKZN1VFL,Odonil,Amazon India,Odonil,Odonil,Ambient Fragrance (General),Ambient Freshener,477.0,119.25,,unavailable,,,,,,In Stock,1,,,,477.0,,,https://www.amazon.in/dp/B0BKZN1VFL,2026-09-24T05:07:41.174699+00:00,data/raw\amazon\odonil\search_q2_p2_20260924T050735Z.html
B0144P11YK,Odonil,Amazon India,Odonil,Odonil,Ambient Fragrance (General),Ambient Freshener,59.0,118.0,50.0,calculated,4.2,4.0,Amazon India,Amazon India,,In Stock,1,,,,59.0,,,https://www.amazon.in/dp/B0144P11YK,2026-09-24T05:07:41.174699+00:00,data/raw\amazon\odonil\search_q2_p2_20260924T050735Z.html
B07HKNH54R,Odonil,Amazon India,Odonil,Odonil,Ambient Fragrance (General),Ambient Freshener,52.0,52.0,0.0,calculated,4.0,4.0,Amazon India,Amazon India,,In Stock,1,,,,52.0,,,https://www.amazon.in/dp/B07HKNH54R,2026-09-24T05:07:41.174699+00:00,data/raw\amazon\odonil\search_q2_p2_20260924T050735Z.html
B0F4KHQDY2,Godrej aer,Amazon India,Godrej aer,Godrej aer,Ambient Fragrance (General),Ambient Freshener,225.0,75.0,,unavailable,4.0,4.0,Amazon India,Amazon India,,In Stock,1,,,,225.0,,,https://www.amazon.in/dp/B0F4KHQDY2,2026-09-24T05:07:47.753438+00:00,data/raw\amazon\godrej_aer\search_q1_p1_20260924T050741Z.html
B0G59GBCS5,Godrej aer,Amazon India,Godrej aer,Godrej aer,Ambient Fragrance (General),Ambient Freshener,246.0,1093.33,77.5,calculated,4.2,4.0,Amazon India,Amazon India,,In Stock,1,,,,246.0,,,https://www.amazon.in/dp/B0G59GBCS5,2026-09-24T05:07:47.753438+00:00,data/raw\amazon\godrej_aer\search_q1_p1_20260924T050741Z.html
B0GFW6KBZP,Godrej aer,Amazon India,Godrej aer,Godrej aer,Ambient Fragrance (General),Ambient Freshener,300.0,500.0,40.0,calculated,4.2,4.0,Amazon India,Amazon India,,In Stock,1,,,,300.0,,,https://www.amazon.in/dp/B0GFW6KBZP,2026-09-24T05:07:47.753438+00:00,data/raw\amazon\godrej_aer\search_q1_p1_20260924T050741Z.html
B0H4V3W93D,Godrej aer,Amazon India,Godrej aer,Godrej aer,Ambient Fragrance (General),Ambient Freshener,431.0,205.24,,unavailable,4.0,4.0,Amazon India,Amazon India,,In Stock,1,,,,431.0,,,https://www.amazon.in/dp/B0H4V3W93D,2026-09-24T05:07:47.753438+00:00,data/raw\amazon\godrej_aer\search_q1_p1_20260924T050741Z.html
B0FKGHBLB6,Godrej aer,Amazon India,Godrej aer,Godrej aer,Ambient Fragrance (General),Ambient Freshener,431.0,205.24,,unavailable,4.2,4.0,Amazon India,Amazon India,,In Stock,1,,,,431.0,,,https://www.amazon.in/dp/B0FKGHBLB6,2026-09-24T05:07:47.753438+00:00,data/raw\amazon\godrej_aer\search_q1_p1_20260924T050741Z.html
B00OHNGG40,Godrej aer,Amazon India,Godrej aer,Godrej aer,Ambient Fragrance (General),Ambient Freshener,99.0,41.25,,unavailable,4.1,4.0,Amazon India,Amazon India,,In Stock,1,,,,99.0,,,https://www.amazon.in/dp/B00OHNGG40,2026-09-24T05:07:47.753438+00:00,data/raw\amazon\godrej_aer\search_q1_p1_20260924T050741Z.html
B07FPBNK2V,Godrej aer,Amazon India,Godrej aer,Godrej aer,Ambient Fragrance (General),Ambient Freshener,443.0,196.89,,unavailable,4.1,4.0,Amazon India,Amazon India,,In Stock,1,,,,443.0,,,https://www.amazon.in/dp/B07FPBNK2V,2026-09-24T05:07:47.753438+00:00,data/raw\amazon\godrej_aer\search_q1_p1_20260924T050741Z.html
B0H1LZN38J,Godrej aer,Amazon India,Godrej aer,Godrej aer,Ambient Fragrance (General),Ambient Freshener,225.0,75.0,,unavailable,4.3,4.0,Amazon India,Amazon India,,In Stock,1,,,,225.0,,,https://www.amazon.in/dp/B0H1LZN38J,2026-09-24T05:07:47.753438+00:00,data/raw\amazon\godrej_aer\search_q1_p1_20260924T050741Z.html
B0H1LQRF4Z,Godrej aer,Amazon India,Godrej aer,Godrej aer,Ambient Fragrance (General),Ambient Freshener,242.0,80.67,,unavailable,4.3,4.0,Amazon India,Amazon India,,In Stock,1,,,,242.0,,,https://www.amazon.in/dp/B0H1LQRF4Z,2026-09-24T05:07:47.753438+00:00,data/raw\amazon\godrej_aer\search_q1_p1_20260924T050741Z.html
B01LWL8EF4,Godrej aer,Amazon India,Godrej aer,Godrej aer,Ambient Fragrance (General),Ambient Freshener,459.0,114.75,,unavailable,4.1,4.0,Amazon India,Amazon India,,In Stock,1,,,,459.0,,,https://www.amazon.in/dp/B01LWL8EF4,2026-09-24T05:07:47.753438+00:00,data/raw\amazon\godrej_aer\search_q1_p1_20260924T050741Z.html
B0CXDQWYQP,Godrej aer,Amazon India,Godrej aer,Godrej aer,Ambient Fragrance (General),Ambient Freshener,250.0,1111.11,77.5,calculated,4.2,4.0,Amazon India,Amazon India,,In Stock,1,,,,250.0,,,https://www.amazon.in/dp/B0CXDQWYQP,2026-09-24T05:07:47.753438+00:00,data/raw\amazon\godrej_aer\search_q1_p1_20260924T050741Z.html
B07FPYN3Q5,Godrej aer,Amazon India,Godrej aer,Godrej aer,Ambient Fragrance (General),Ambient Freshener,224.0,106.67,,unavailable,4.2,4.0,Amazon India,Amazon India,,In Stock,1,,,,224.0,,,https://www.amazon.in/dp/B07FPYN3Q5,2026-09-24T05:07:47.753438+00:00,data/raw\amazon\godrej_aer\search_q1_p1_20260924T050741Z.html
B078CRB5WY,Godrej aer,Amazon India,Godrej aer,Godrej aer,Ambient Fragrance (General),Ambient Freshener,289.0,2890.0,90.0,calculated,4.2,4.0,Amazon India,Amazon India,,In Stock,1,,,,289.0,,,https://www.amazon.in/dp/B078CRB5WY,2026-09-24T05:07:47.753438+00:00,data/raw\amazon\godrej_aer\search_q1_p1_20260924T050741Z.html
B0FKMS7Q9R,Godrej aer,Amazon India,Godrej aer,Godrej aer,Ambient Fragrance (General),Ambient Freshener,179.0,89.5,,unavailable,4.2,4.0,Amazon India,Amazon India,,In Stock,1,,,,179.0,,,https://www.amazon.in/dp/B0FKMS7Q9R,2026-09-24T05:07:47.753438+00:00,data/raw\amazon\godrej_aer\search_q1_p1_20260924T050741Z.html
B0F4KGP6GV,Godrej aer,Amazon India,Godrej aer,Godrej aer,Ambient Fragrance (General),Ambient Freshener,275.0,91.67,,unavailable,4.1,4.0,Amazon India,Amazon India,,In Stock,1,,,,275.0,,,https://www.amazon.in/dp/B0F4KGP6GV,2026-09-24T05:07:47.753438+00:00,data/raw\amazon\godrej_aer\search_q1_p1_20260924T050741Z.html
B01IEIBUIU,Godrej aer,Amazon India,Godrej aer,Godrej aer,Ambient Fragrance (General),Ambient Freshener,162.0,54.0,,unavailable,4.2,4.0,Amazon India,Amazon India,,In Stock,1,,,,162.0,,,https://www.amazon.in/dp/B01IEIBUIU,2026-09-24T05:07:47.753438+00:00,data/raw\amazon\godrej_aer\search_q1_p1_20260924T050741Z.html
B00NNODZG6,Godrej aer,Amazon India,Godrej aer,Godrej aer,Ambient Fragrance (General),Ambient Freshener,333.0,740.0,55.0,calculated,3.9,3.0,Amazon India,Amazon India,,In Stock,1,,,,333.0,,,https://www.amazon.in/dp/B00NNODZG6,2026-09-24T05:07:47.753438+00:00,data/raw\amazon\godrej_aer\search_q1_p1_20260924T050741Z.html
B07XRPH6RW,Godrej aer,Amazon India,Godrej aer,Godrej aer,Ambient Fragrance (General),Ambient Freshener,239.0,106.22,,unavailable,4.3,4.0,Amazon India,Amazon India,,In Stock,1,,,,239.0,,,https://www.amazon.in/dp/B07XRPH6RW,2026-09-24T05:07:47.753438+00:00,data/raw\amazon\godrej_aer\search_q1_p1_20260924T050741Z.html
B00WWZPWUO,Godrej aer,Amazon India,Godrej aer,Godrej aer,Ambient Fragrance (General),Ambient Freshener,99.0,49.5,,unavailable,4.2,4.0,Amazon India,Amazon India,,In Stock,1,,,,99.0,,,https://www.amazon.in/dp/B00WWZPWUO,2026-09-24T05:07:47.753438+00:00,data/raw\amazon\godrej_aer\search_q1_p1_20260924T050741Z.html
B07FPKP85K,Godrej aer,Amazon India,Godrej aer,Godrej aer,Ambient Fragrance (General),Ambient Freshener,229.0,109.05,,unavailable,4.2,4.0,Amazon India,Amazon India,,In Stock,1,,,,229.0,,,https://www.amazon.in/dp/B07FPKP85K,2026-09-24T05:07:47.753438+00:00,data/raw\amazon\godrej_aer\search_q1_p1_20260924T050741Z.html
B07PHTP7L3,Godrej aer,Amazon India,Godrej aer,Godrej aer,Ambient Fragrance (General),Ambient Freshener,248.0,51.67,,unavailable,4.2,4.0,Amazon India,Amazon India,,In Stock,1,,,,248.0,,,https://www.amazon.in/dp/B07PHTP7L3,2026-09-24T05:07:47.753438+00:00,data/raw\amazon\godrej_aer\search_q1_p1_20260924T050741Z.html
B0CCXZRDV7,Godrej aer,Amazon India,Godrej aer,Godrej aer,Ambient Fragrance (General),Ambient Freshener,80.0,1066.67,92.5,calculated,4.1,4.0,Amazon India,Amazon India,,In Stock,1,,,,80.0,,,https://www.amazon.in/dp/B0CCXZRDV7,2026-09-24T05:07:47.753438+00:00,data/raw\amazon\godrej_aer\search_q1_p1_20260924T050741Z.html
B0FKSQS7SQ,Godrej aer,Amazon India,Godrej aer,Godrej aer,Ambient Fragrance (General),Ambient Freshener,138.0,69.0,,unavailable,4.0,4.0,Amazon India,Amazon India,,In Stock,1,,,,138.0,,,https://www.amazon.in/dp/B0FKSQS7SQ,2026-09-24T05:07:47.753438+00:00,data/raw\amazon\godrej_aer\search_q1_p1_20260924T050741Z.html
B0FKMVB7R9,Godrej aer,Amazon India,Godrej aer,Godrej aer,Ambient Fragrance (General),Ambient Freshener,189.0,94.5,,unavailable,4.2,4.0,Amazon India,Amazon India,,In Stock,1,,,,189.0,,,https://www.amazon.in/dp/B0FKMVB7R9,2026-09-24T05:07:47.753438+00:00,data/raw\amazon\godrej_aer\search_q1_p1_20260924T050741Z.html
B07YFBYRTG,Godrej aer,Amazon India,Godrej aer,Godrej aer,Ambient Fragrance (General),Ambient Freshener,895.0,895.0,0.0,calculated,4.0,4.0,Amazon India,Amazon India,,In Stock,1,,,,895.0,,,https://www.amazon.in/dp/B07YFBYRTG,2026-09-24T05:07:47.753438+00:00,data/raw\amazon\godrej_aer\search_q1_p1_20260924T050741Z.html
B0FKSP62NM,Godrej aer,Amazon India,Godrej aer,Godrej aer,Ambient Fragrance (General),Ambient Freshener,139.0,69.5,,unavailable,3.8,3.0,Amazon India,Amazon India,,In Stock,1,,,,139.0,,,https://www.amazon.in/dp/B0FKSP62NM,2026-09-24T05:07:47.753438+00:00,data/raw\amazon\godrej_aer\search_q1_p1_20260924T050741Z.html
B0GL1Z71GR,Godrej aer,Amazon India,Godrej aer,Godrej aer,Ambient Fragrance (General),Ambient Freshener,91.0,1215.47,92.51,calculated,3.2,3.0,Amazon India,Amazon India,,In Stock,1,,,,91.0,,,https://www.amazon.in/dp/B0GL1Z71GR,2026-09-24T05:07:47.753438+00:00,data/raw\amazon\godrej_aer\search_q1_p1_20260924T050741Z.html
B01GJQBYGW,Godrej aer,Amazon India,Godrej aer,Godrej aer,Ambient Fragrance (General),Ambient Freshener,138.0,46.0,,unavailable,4.2,4.0,Amazon India,Amazon India,,In Stock,1,,,,138.0,,,https://www.amazon.in/dp/B01GJQBYGW,2026-09-24T05:07:47.753438+00:00,data/raw\amazon\godrej_aer\search_q1_p1_20260924T050741Z.html
B0GJ61VVGW,Godrej aer,Amazon India,Godrej aer,Godrej aer,Ambient Fragrance (General),Ambient Freshener,297.0,1320.0,77.5,calculated,4.2,4.0,Amazon India,Amazon India,,In Stock,1,,,,297.0,,,https://www.amazon.in/dp/B0GJ61VVGW,2026-09-24T05:07:47.753438+00:00,data/raw\amazon\godrej_aer\search_q1_p1_20260924T050741Z.html
B089FKGJG7,Godrej aer,Amazon India,Godrej aer,Godrej aer,Ambient Fragrance (General),Ambient Freshener,453.0,564.0,19.68,calculated,4.4,4.0,Amazon India,Amazon India,,In Stock,1,,,,453.0,,,https://www.amazon.in/dp/B089FKGJG7,2026-09-24T05:07:47.753438+00:00,data/raw\amazon\godrej_aer\search_q1_p1_20260924T050741Z.html
B07HBBHT1X,Godrej aer,Amazon India,Godrej aer,Godrej aer,Ambient Fragrance (General),Ambient Freshener,249.0,83.0,,unavailable,4.3,4.0,Amazon India,Amazon India,,In Stock,1,,,,249.0,,,https://www.amazon.in/dp/B07HBBHT1X,2026-09-24T05:07:47.753438+00:00,data/raw\amazon\godrej_aer\search_q1_p1_20260924T050741Z.html
B01CJURT6Q,Godrej aer,Amazon India,Godrej aer,Godrej aer,Ambient Fragrance (General),Ambient Freshener,139.0,139.0,0.0,calculated,4.2,4.0,Amazon India,Amazon India,,In Stock,1,,,,139.0,,,https://www.amazon.in/dp/B01CJURT6Q,2026-09-24T05:07:47.753438+00:00,data/raw\amazon\godrej_aer\search_q1_p1_20260924T050741Z.html
B08FSKBH3L,Godrej aer,Amazon India,Godrej aer,Godrej aer,Ambient Fragrance (General),Ambient Freshener,494.0,41.17,,unavailable,4.2,4.0,Amazon India,Amazon India,,In Stock,1,,,,494.0,,,https://www.amazon.in/dp/B08FSKBH3L,2026-09-24T05:07:47.753438+00:00,data/raw\amazon\godrej_aer\search_q1_p1_20260924T050741Z.html
B07KBC5R3F,Godrej aer,Amazon India,Godrej aer,Godrej aer,Ambient Fragrance (General),Ambient Freshener,148.0,67.27,,unavailable,4.1,4.0,Amazon India,Amazon India,,In Stock,1,,,,148.0,,,https://www.amazon.in/dp/B07KBC5R3F,2026-09-24T05:07:47.753438+00:00,data/raw\amazon\godrej_aer\search_q1_p1_20260924T050741Z.html
B0GL1RYDQH,Godrej aer,Amazon India,Godrej aer,Godrej aer,Ambient Fragrance (General),Ambient Freshener,92.0,1226.67,92.5,calculated,4.7,4.0,Amazon India,Amazon India,,In Stock,1,,,,92.0,,,https://www.amazon.in/dp/B0GL1RYDQH,2026-09-24T05:07:47.753438+00:00,data/raw\amazon\godrej_aer\search_q1_p1_20260924T050741Z.html
B079WWG72P,Godrej aer,Amazon India,Godrej aer,Godrej aer,Ambient Fragrance (General),Ambient Freshener,99.0,41.25,,unavailable,3.8,3.0,Amazon India,Amazon India,,In Stock,1,,,,99.0,,,https://www.amazon.in/dp/B079WWG72P,2026-09-24T05:07:47.753438+00:00,data/raw\amazon\godrej_aer\search_q1_p1_20260924T050741Z.html
B07C9WVYYF,Godrej aer,Amazon India,"Godrej aer spray, Air Freshener for Home & Office - Morning Misty Meadows | Long-Lasting Fragrance (240 ml)","Godrej aer spray, Air Freshener for Home & Office - Morning Misty Meadows | Long-Lasting Fragrance (240 ml)",Room Spray & Aerosol,Room Spray,167.0,167.0,0.0,calculated,4.0,4.0,Amazon India,Amazon India,,In Stock,1,240.0,ml,240.0,167.0,,69.58,https://www.amazon.in/dp/B07C9WVYYF,2026-09-24T05:07:47.753438+00:00,data/raw\amazon\godrej_aer\search_q1_p1_20260924T050741Z.html
B079VM3PSR,Godrej aer,Amazon India,Godrej aer,Godrej aer,Ambient Fragrance (General),Ambient Freshener,198.0,99.0,,unavailable,,,,,,In Stock,1,,,,198.0,,,https://www.amazon.in/dp/B079VM3PSR,2026-09-24T05:07:47.753438+00:00,data/raw\amazon\godrej_aer\search_q1_p1_20260924T050741Z.html
B079VH9NH4,Godrej aer,Amazon India,Godrej aer,Godrej aer,Ambient Fragrance (General),Ambient Freshener,198.0,99.0,,unavailable,3.9,3.0,Amazon India,Amazon India,,In Stock,1,,,,198.0,,,https://www.amazon.in/dp/B079VH9NH4,2026-09-24T05:07:47.753438+00:00,data/raw\amazon\godrej_aer\search_q1_p1_20260924T050741Z.html
B07DQQ251S,Godrej aer,Amazon India,Godrej aer,Godrej aer,Ambient Fragrance (General),Ambient Freshener,297.0,36.67,,unavailable,3.9,3.0,Amazon India,Amazon India,,In Stock,1,,,,297.0,,,https://www.amazon.in/dp/B07DQQ251S,2026-09-24T05:07:47.753438+00:00,data/raw\amazon\godrej_aer\search_q1_p1_20260924T050741Z.html
B07CJM66YS,Godrej aer,Amazon India,Godrej aer,Godrej aer,Ambient Fragrance (General),Ambient Freshener,150.0,62.5,,unavailable,4.3,4.0,Amazon India,Amazon India,,In Stock,1,,,,150.0,,,https://www.amazon.in/dp/B07CJM66YS,2026-09-24T05:07:47.753438+00:00,data/raw\amazon\godrej_aer\search_q1_p1_20260924T050741Z.html
B07DQMN3TQ,Godrej aer,Amazon India,Godrej aer Home Air Freshener Spray - 270 ml (Morning Misty Meadows) *3 PCS (3),Godrej aer Home Air Freshener Spray - 270 ml (Morning Misty Meadows) *3 PCS (3),Room Spray & Aerosol,Room Spray,443.0,147.67,,unavailable,4.5,4.0,Amazon India,Amazon India,,In Stock,1,270.0,ml,270.0,443.0,,164.07,https://www.amazon.in/dp/B07DQMN3TQ,2026-09-24T05:07:47.753438+00:00,data/raw\amazon\godrej_aer\search_q1_p1_20260924T050741Z.html
B08FT29MCN,Godrej aer,Amazon India,Godrej aer,Godrej aer,Ambient Fragrance (General),Ambient Freshener,389.0,43.22,,unavailable,3.9,3.0,Amazon India,Amazon India,,In Stock,1,,,,389.0,,,https://www.amazon.in/dp/B08FT29MCN,2026-09-24T05:07:47.753438+00:00,data/raw\amazon\godrej_aer\search_q1_p1_20260924T050741Z.html
B07V1X4SDR,Godrej aer,Amazon India,Godrej,Godrej,Ambient Fragrance (General),Ambient Freshener,667.0,741.11,10.0,calculated,4.0,4.0,Amazon India,Amazon India,,In Stock,1,,,,667.0,,,https://www.amazon.in/dp/B07V1X4SDR,2026-09-24T05:07:47.753438+00:00,data/raw\amazon\godrej_aer\search_q1_p1_20260924T050741Z.html
B07TYCKSXB,Godrej aer,Amazon India,Godrej aer,Godrej aer,Ambient Fragrance (General),Ambient Freshener,662.0,331.0,,unavailable,4.1,4.0,Amazon India,Amazon India,,In Stock,1,,,,662.0,,,https://www.amazon.in/dp/B07TYCKSXB,2026-09-24T05:07:47.753438+00:00,data/raw\amazon\godrej_aer\search_q1_p1_20260924T050741Z.html
B07V1X4S7G,Godrej aer,Amazon India,Godrej aer,Godrej aer,Ambient Fragrance (General),Ambient Freshener,689.0,344.5,,unavailable,4.1,4.0,Amazon India,Amazon India,,In Stock,1,,,,689.0,,,https://www.amazon.in/dp/B07V1X4S7G,2026-09-24T05:07:47.753438+00:00,data/raw\amazon\godrej_aer\search_q1_p1_20260924T050741Z.html
B07YYG35CR,Godrej aer,Amazon India,Godrej,Godrej,Ambient Fragrance (General),Ambient Freshener,693.0,770.0,10.0,calculated,4.0,4.0,Amazon India,Amazon India,,In Stock,1,,,,693.0,,,https://www.amazon.in/dp/B07YYG35CR,2026-09-24T05:07:47.753438+00:00,data/raw\amazon\godrej_aer\search_q1_p1_20260924T050741Z.html
B07WVP8XVN,Godrej aer,Amazon India,Godrej aer,Godrej aer,Ambient Fragrance (General),Ambient Freshener,275.0,137.5,,unavailable,4.5,4.0,Amazon India,Amazon India,,In Stock,1,,,,275.0,,,https://www.amazon.in/dp/B07WVP8XVN,2026-09-24T05:07:54.012777+00:00,data/raw\amazon\godrej_aer\search_q1_p2_20260924T050748Z.html
B07YYGXS2F,Godrej aer,Amazon India,Godrej,Godrej,Ambient Fragrance (General),Ambient Freshener,671.0,745.56,10.0,calculated,3.7,3.0,Amazon India,Amazon India,,In Stock,1,,,,671.0,,,https://www.amazon.in/dp/B07YYGXS2F,2026-09-24T05:07:54.012777+00:00,data/raw\amazon\godrej_aer\search_q1_p2_20260924T050748Z.html
B08FTB94GB,Godrej aer,Amazon India,Godrej aer,Godrej aer,Ambient Fragrance (General),Ambient Freshener,249.0,12450.0,98.0,calculated,4.7,4.0,Amazon India,Amazon India,,In Stock,1,,,,249.0,,,https://www.amazon.in/dp/B08FTB94GB,2026-09-24T05:07:54.012777+00:00,data/raw\amazon\godrej_aer\search_q1_p2_20260924T050748Z.html
B0HCFR9VQM,Godrej aer,Amazon India,Godrej aer,Godrej aer,Ambient Fragrance (General),Ambient Freshener,874.0,1098.0,20.4,calculated,,,,,,In Stock,1,,,,874.0,,,https://www.amazon.in/dp/B0HCFR9VQM,2026-09-24T05:07:54.012777+00:00,data/raw\amazon\godrej_aer\search_q1_p2_20260924T050748Z.html
B089FJZYP4,Godrej aer,Amazon India,Godrej aer,Godrej aer,Ambient Fragrance (General),Ambient Freshener,460.0,534.0,13.86,calculated,4.3,4.0,Amazon India,Amazon India,,In Stock,1,,,,460.0,,,https://www.amazon.in/dp/B089FJZYP4,2026-09-24T05:07:54.012777+00:00,data/raw\amazon\godrej_aer\search_q1_p2_20260924T050748Z.html
B0892RXH9X,Godrej aer,Amazon India,Godrej aer,Godrej aer,Ambient Fragrance (General),Ambient Freshener,585.0,292.5,,unavailable,4.5,4.0,Amazon India,Amazon India,,In Stock,1,,,,585.0,,,https://www.amazon.in/dp/B0892RXH9X,2026-09-24T05:07:54.012777+00:00,data/raw\amazon\godrej_aer\search_q1_p2_20260924T050748Z.html
B09X3DN8X3,Godrej aer,Amazon India,"Godrej Aer Spray,Air Freshener For Home&Office-Cool Surf Blue|Long-Lasting Fragrance|Pack Of 3(240 Ml Each)","Godrej Aer Spray,Air Freshener For Home&Office-Cool Surf Blue|Long-Lasting Fragrance|Pack Of 3(240 Ml Each)",Room Spray & Aerosol,Room Spray,465.0,193.75,,unavailable,,,,,,In Stock,3,240.0,ml,720.0,155.0,,64.58,https://www.amazon.in/dp/B09X3DN8X3,2026-09-24T05:07:54.012777+00:00,data/raw\amazon\godrej_aer\search_q1_p2_20260924T050748Z.html
B07YYGS1TD,Godrej aer,Amazon India,Godrej,Godrej,Ambient Fragrance (General),Ambient Freshener,698.0,775.56,10.0,calculated,3.8,3.0,Amazon India,Amazon India,,In Stock,1,,,,698.0,,,https://www.amazon.in/dp/B07YYGS1TD,2026-09-24T05:07:54.012777+00:00,data/raw\amazon\godrej_aer\search_q1_p2_20260924T050748Z.html
B071YT77H5,Godrej aer,Amazon India,Godrej aer,Godrej aer,Ambient Fragrance (General),Ambient Freshener,61.0,610.0,90.0,calculated,4.1,4.0,Amazon India,Amazon India,,In Stock,1,,,,61.0,,,https://www.amazon.in/dp/B071YT77H5,2026-09-24T05:07:54.012777+00:00,data/raw\amazon\godrej_aer\search_q1_p2_20260924T050748Z.html
B08FSDMPZC,Godrej aer,Amazon India,Godrej aer,Godrej aer,Ambient Fragrance (General),Ambient Freshener,419.0,139.67,,unavailable,3.8,3.0,Amazon India,Amazon India,,In Stock,1,,,,419.0,,,https://www.amazon.in/dp/B08FSDMPZC,2026-09-24T05:07:54.012777+00:00,data/raw\amazon\godrej_aer\search_q1_p2_20260924T050748Z.html
B09X3DRJD3,Godrej aer,Amazon India,"Godrej aer spray, Air Freshener for Home & Office - Petal Crush Pink | Long-Lasting Fragrance | Pack of 3 (240 ml each)","Godrej aer spray, Air Freshener for Home & Office - Petal Crush Pink | Long-Lasting Fragrance | Pack of 3 (240 ml each)",Room Spray & Aerosol,Room Spray,465.0,193.75,,unavailable,5.0,5.0,Amazon India,Amazon India,,In Stock,3,240.0,ml,720.0,155.0,,64.58,https://www.amazon.in/dp/B09X3DRJD3,2026-09-24T05:07:54.012777+00:00,data/raw\amazon\godrej_aer\search_q1_p2_20260924T050748Z.html
B0892QTWDT,Godrej aer,Amazon India,Godrej aer,Godrej aer,Ambient Fragrance (General),Ambient Freshener,798.0,886.67,10.0,calculated,3.9,3.0,Amazon India,Amazon India,,In Stock,1,,,,798.0,,,https://www.amazon.in/dp/B0892QTWDT,2026-09-24T05:07:54.012777+00:00,data/raw\amazon\godrej_aer\search_q1_p2_20260924T050748Z.html
B07WWTM5J6,Godrej aer,Amazon India,Godrej aer,Godrej aer,Ambient Fragrance (General),Ambient Freshener,279.0,25.83,,unavailable,5.0,5.0,Amazon India,Amazon India,,In Stock,1,,,,279.0,,,https://www.amazon.in/dp/B07WWTM5J6,2026-09-24T05:07:54.012777+00:00,data/raw\amazon\godrej_aer\search_q1_p2_20260924T050748Z.html
B08FSRG54T,Godrej aer,Amazon India,Godrej aer,Godrej aer,Ambient Fragrance (General),Ambient Freshener,399.0,55.42,,unavailable,2.5,2.0,Amazon India,Amazon India,,In Stock,1,,,,399.0,,,https://www.amazon.in/dp/B08FSRG54T,2026-09-24T05:07:54.012777+00:00,data/raw\amazon\godrej_aer\search_q1_p2_20260924T050748Z.html
B01AJJ8G3Y,Godrej aer,Amazon India,Godrej aer,Godrej aer,Ambient Fragrance (General),Ambient Freshener,51.0,510.0,90.0,calculated,4.2,4.0,Amazon India,Amazon India,,In Stock,1,,,,51.0,,,https://www.amazon.in/dp/B01AJJ8G3Y,2026-09-24T05:07:54.012777+00:00,data/raw\amazon\godrej_aer\search_q1_p2_20260924T050748Z.html
B08FSX7GFT,Godrej aer,Amazon India,Godrej aer,Godrej aer,Ambient Fragrance (General),Ambient Freshener,249.0,338.0,26.33,calculated,4.0,4.0,Amazon India,Amazon India,,In Stock,1,,,,249.0,,,https://www.amazon.in/dp/B08FSX7GFT,2026-09-24T05:07:54.012777+00:00,data/raw\amazon\godrej_aer\search_q1_p2_20260924T050748Z.html
B09X3F18ZS,Godrej aer,Amazon India,"Godrej Aer Spray,Air Freshener For Home&Office-Musk After Smoke/Long-Lasting Fragrance/Pack Of 3(240 Ml Each)","Godrej Aer Spray,Air Freshener For Home&Office-Musk After Smoke/Long-Lasting Fragrance/Pack Of 3(240 Ml Each)",Room Spray & Aerosol,Room Spray,498.0,69.17,,unavailable,4.3,4.0,Amazon India,Amazon India,,In Stock,3,240.0,ml,720.0,166.0,,69.17,https://www.amazon.in/dp/B09X3F18ZS,2026-09-24T05:07:54.012777+00:00,data/raw\amazon\godrej_aer\search_q1_p2_20260924T050748Z.html
B00NECTSLI,Godrej aer,Amazon India,Godrej,Godrej,Ambient Fragrance (General),Ambient Freshener,425.0,944.44,55.0,calculated,3.7,3.0,Amazon India,Amazon India,,In Stock,1,,,,425.0,,,https://www.amazon.in/dp/B00NECTSLI,2026-09-24T05:07:54.012777+00:00,data/raw\amazon\godrej_aer\search_q1_p2_20260924T050748Z.html
B08RPXM37H,Godrej aer,Amazon India,Godrej aer,Godrej aer,Ambient Fragrance (General),Ambient Freshener,64.0,640.0,90.0,calculated,4.0,4.0,Amazon India,Amazon India,,In Stock,1,,,,64.0,,,https://www.amazon.in/dp/B08RPXM37H,2026-09-24T05:07:54.012777+00:00,data/raw\amazon\godrej_aer\search_q1_p2_20260924T050748Z.html
B0B9XSQXVW,Godrej aer,Amazon India,Godrej aer,Godrej aer,Ambient Fragrance (General),Ambient Freshener,1057.0,,,unavailable,5.0,5.0,Amazon India,Amazon India,,In Stock,1,,,,1057.0,,,https://www.amazon.in/dp/B0B9XSQXVW,2026-09-24T05:07:54.012777+00:00,data/raw\amazon\godrej_aer\search_q1_p2_20260924T050748Z.html
B07WNN7CZR,Godrej aer,Amazon India,Godrej aer,Godrej aer,Ambient Fragrance (General),Ambient Freshener,507.0,169.0,,unavailable,,,,,,In Stock,1,,,,507.0,,,https://www.amazon.in/dp/B07WNN7CZR,2026-09-24T05:07:54.012777+00:00,data/raw\amazon\godrej_aer\search_q1_p2_20260924T050748Z.html
B07G1MPXZL,Godrej aer,Amazon India,"Spar Combo - Godrej aer Pocket Bathroom Fragrance -Bright Tangy Delight, 10g (Pack of 2) Promo Pack","Spar Combo - Godrej aer Pocket Bathroom Fragrance -Bright Tangy Delight, 10g (Pack of 2) Promo Pack",Bathroom Freshener & Block,Block / Pocket Freshener,139.0,69.5,,unavailable,4.0,4.0,Amazon India,Amazon India,,In Stock,2,10.0,g,20.0,69.5,695.0,,https://www.amazon.in/dp/B07G1MPXZL,2026-09-24T05:07:54.012777+00:00,data/raw\amazon\godrej_aer\search_q1_p2_20260924T050748Z.html
B0CV9727K4,Godrej aer,Amazon India,Godrej aer,Godrej aer,Ambient Fragrance (General),Ambient Freshener,200.0,500.0,60.0,calculated,4.2,4.0,Amazon India,Amazon India,,In Stock,1,,,,200.0,,,https://www.amazon.in/dp/B0CV9727K4,2026-09-24T05:07:54.012777+00:00,data/raw\amazon\godrej_aer\search_q1_p2_20260924T050748Z.html
B0CVB5LPVZ,Godrej aer,Amazon India,Godrej aer,Godrej aer,Ambient Fragrance (General),Ambient Freshener,385.0,1283.33,70.0,calculated,4.0,4.0,Amazon India,Amazon India,,In Stock,1,,,,385.0,,,https://www.amazon.in/dp/B0CVB5LPVZ,2026-09-24T05:07:54.012777+00:00,data/raw\amazon\godrej_aer\search_q1_p2_20260924T050748Z.html
B0937M7X7R,Godrej aer,Amazon India,Godrej aer,Godrej aer,Ambient Fragrance (General),Ambient Freshener,1338.0,1394.0,4.02,calculated,3.5,3.0,Amazon India,Amazon India,,In Stock,1,,,,1338.0,,,https://www.amazon.in/dp/B0937M7X7R,2026-09-24T05:07:54.012777+00:00,data/raw\amazon\godrej_aer\search_q1_p2_20260924T050748Z.html
B095W8372V,Godrej aer,Amazon India,Godrej aer,Godrej aer,Ambient Fragrance (General),Ambient Freshener,605.0,661.0,8.47,calculated,,,,,,In Stock,1,,,,605.0,,,https://www.amazon.in/dp/B095W8372V,2026-09-24T05:07:54.012777+00:00,data/raw\amazon\godrej_aer\search_q1_p2_20260924T050748Z.html
B089FKWRD4,Godrej aer,Amazon India,Godrej aer,Godrej aer,Ambient Fragrance (General),Ambient Freshener,667.0,784.0,14.92,calculated,4.2,4.0,Amazon India,Amazon India,,In Stock,1,,,,667.0,,,https://www.amazon.in/dp/B089FKWRD4,2026-09-24T05:07:54.012777+00:00,data/raw\amazon\godrej_aer\search_q1_p2_20260924T050748Z.html
B095W7HDZ9,Godrej aer,Amazon India,Godrej aer,Godrej aer,Ambient Fragrance (General),Ambient Freshener,1393.0,1494.0,6.76,calculated,3.8,3.0,Amazon India,Amazon India,,In Stock,1,,,,1393.0,,,https://www.amazon.in/dp/B095W7HDZ9,2026-09-24T05:07:54.012777+00:00,data/raw\amazon\godrej_aer\search_q1_p2_20260924T050748Z.html
B0BF4HHTCF,Godrej aer,Amazon India,Godrej,Godrej,Ambient Fragrance (General),Ambient Freshener,1590.0,397.5,,unavailable,,,,,,In Stock,1,,,,1590.0,,,https://www.amazon.in/dp/B0BF4HHTCF,2026-09-24T05:07:54.012777+00:00,data/raw\amazon\godrej_aer\search_q1_p2_20260924T050748Z.html
B08GQ8GNK7,Godrej aer,Amazon India,Godrej aer,Godrej aer,Ambient Fragrance (General),Ambient Freshener,249.0,124.5,,unavailable,3.0,3.0,Amazon India,Amazon India,,In Stock,1,,,,249.0,,,https://www.amazon.in/dp/B08GQ8GNK7,2026-09-24T05:07:54.012777+00:00,data/raw\amazon\godrej_aer\search_q1_p2_20260924T050748Z.html
B08RPYG963,Godrej aer,Amazon India,Godrej Aer Power Pocket Bathroom Fragrance - Fresh Blossom,Godrej Aer Power Pocket Bathroom Fragrance - Fresh Blossom,Bathroom Freshener & Block,Block / Pocket Freshener,57.0,57.0,0.0,calculated,4.1,4.0,Amazon India,Amazon India,,In Stock,1,,,,57.0,,,https://www.amazon.in/dp/B08RPYG963,2026-09-24T05:07:54.012777+00:00,data/raw\amazon\godrej_aer\search_q1_p2_20260924T050748Z.html
B089FJKV4H,Godrej aer,Amazon India,Godrej aer,Godrej aer,Ambient Fragrance (General),Ambient Freshener,448.0,534.0,16.1,calculated,4.5,4.0,Amazon India,Amazon India,,In Stock,1,,,,448.0,,,https://www.amazon.in/dp/B089FJKV4H,2026-09-24T05:07:54.012777+00:00,data/raw\amazon\godrej_aer\search_q1_p2_20260924T050748Z.html
B089FKZ2G5,Godrej aer,Amazon India,Godrej aer,Godrej aer,Ambient Fragrance (General),Ambient Freshener,679.0,748.0,9.22,calculated,3.8,3.0,Amazon India,Amazon India,,In Stock,1,,,,679.0,,,https://www.amazon.in/dp/B089FKZ2G5,2026-09-24T05:07:54.012777+00:00,data/raw\amazon\godrej_aer\search_q1_p2_20260924T050748Z.html
B0BD7SJ9K6,Godrej aer,Amazon India,Godrej,Godrej,Ambient Fragrance (General),Ambient Freshener,130.0,650.0,80.0,calculated,5.0,5.0,Amazon India,Amazon India,,In Stock,1,,,,130.0,,,https://www.amazon.in/dp/B0BD7SJ9K6,2026-09-24T05:07:54.012777+00:00,data/raw\amazon\godrej_aer\search_q1_p2_20260924T050748Z.html
B07G1MPXZF,Godrej aer,Amazon India,"MORE Combo - Godrej aer Pocket Bathroom Fragrance -Bright Tangy Delight, 10g (Pack of 2) Promo Pack","MORE Combo - Godrej aer Pocket Bathroom Fragrance -Bright Tangy Delight, 10g (Pack of 2) Promo Pack",Bathroom Freshener & Block,Block / Pocket Freshener,139.0,695.0,80.0,calculated,2.0,2.0,Amazon India,Amazon India,,In Stock,2,10.0,g,20.0,69.5,695.0,,https://www.amazon.in/dp/B07G1MPXZF,2026-09-24T05:07:54.012777+00:00,data/raw\amazon\godrej_aer\search_q1_p2_20260924T050748Z.html
B093SR2G3J,Godrej aer,Amazon India,Godrej aer,Godrej aer,Ambient Fragrance (General),Ambient Freshener,1131.0,1144.0,1.14,calculated,4.0,4.0,Amazon India,Amazon India,,In Stock,1,,,,1131.0,,,https://www.amazon.in/dp/B093SR2G3J,2026-09-24T05:07:54.012777+00:00,data/raw\amazon\godrej_aer\search_q1_p2_20260924T050748Z.html
B0937M2DKR,Godrej aer,Amazon India,Godrej aer,Godrej aer,Ambient Fragrance (General),Ambient Freshener,682.0,798.0,14.54,calculated,4.1,4.0,Amazon India,Amazon India,,In Stock,1,,,,682.0,,,https://www.amazon.in/dp/B0937M2DKR,2026-09-24T05:07:54.012777+00:00,data/raw\amazon\godrej_aer\search_q1_p2_20260924T050748Z.html
B0B7RR8P8L,Godrej aer,Amazon India,Godrej aer,Godrej aer,Ambient Fragrance (General),Ambient Freshener,1119.0,1180.0,5.17,calculated,5.0,5.0,Amazon India,Amazon India,,In Stock,1,,,,1119.0,,,https://www.amazon.in/dp/B0B7RR8P8L,2026-09-24T05:07:54.012777+00:00,data/raw\amazon\godrej_aer\search_q1_p2_20260924T050748Z.html
B0BDDWX1CM,Godrej aer,Amazon India,Godrej aer,Godrej aer,Ambient Fragrance (General),Ambient Freshener,1134.0,1194.0,5.03,calculated,3.8,3.0,Amazon India,Amazon India,,In Stock,1,,,,1134.0,,,https://www.amazon.in/dp/B0BDDWX1CM,2026-09-24T05:07:54.012777+00:00,data/raw\amazon\godrej_aer\search_q1_p2_20260924T050748Z.html
B095WFXHV8,Godrej aer,Amazon India,Godrej aer,Godrej aer,Ambient Fragrance (General),Ambient Freshener,672.0,814.0,17.44,calculated,4.2,4.0,Amazon India,Amazon India,,In Stock,1,,,,672.0,,,https://www.amazon.in/dp/B095WFXHV8,2026-09-24T05:07:54.012777+00:00,data/raw\amazon\godrej_aer\search_q1_p2_20260924T050748Z.html
B0937KHJ7X,Godrej aer,Amazon India,Godrej aer,Godrej aer,Ambient Fragrance (General),Ambient Freshener,1124.0,1210.0,7.11,calculated,4.2,4.0,Amazon India,Amazon India,,In Stock,1,,,,1124.0,,,https://www.amazon.in/dp/B0937KHJ7X,2026-09-24T05:07:54.012777+00:00,data/raw\amazon\godrej_aer\search_q1_p2_20260924T050748Z.html
B07FSNSR65,Godrej aer,Amazon India,Godrej aer,Godrej aer,Ambient Fragrance (General),Ambient Freshener,549.0,244.0,,unavailable,4.1,4.0,Amazon India,Amazon India,,In Stock,1,,,,549.0,,,https://www.amazon.in/dp/B07FSNSR65,2026-09-24T05:07:54.012777+00:00,data/raw\amazon\godrej_aer\search_q1_p2_20260924T050748Z.html
B07WRK5YY8,Godrej aer,Amazon India,Godrej aer,Godrej aer,Ambient Fragrance (General),Ambient Freshener,299.0,27.69,,unavailable,3.5,3.0,Amazon India,Amazon India,,In Stock,1,,,,299.0,,,https://www.amazon.in/dp/B07WRK5YY8,2026-09-24T05:07:54.012777+00:00,data/raw\amazon\godrej_aer\search_q1_p2_20260924T050748Z.html
B0BFHYJMS2,Godrej aer,Amazon India,Godrej,Godrej,Ambient Fragrance (General),Ambient Freshener,399.0,133.0,,unavailable,,,,,,In Stock,1,,,,399.0,,,https://www.amazon.in/dp/B0BFHYJMS2,2026-09-24T05:07:54.012777+00:00,data/raw\amazon\godrej_aer\search_q1_p2_20260924T050748Z.html
B0BFHZLDNG,Godrej aer,Amazon India,Godrej,Godrej,Ambient Fragrance (General),Ambient Freshener,289.0,144.5,,unavailable,5.0,5.0,Amazon India,Amazon India,,In Stock,1,,,,289.0,,,https://www.amazon.in/dp/B0BFHZLDNG,2026-09-24T05:07:54.012777+00:00,data/raw\amazon\godrej_aer\search_q1_p2_20260924T050748Z.html
B095W45ZH3,Godrej aer,Amazon India,Godrej aer,Godrej aer,Ambient Fragrance (General),Ambient Freshener,667.0,748.0,10.83,calculated,5.0,5.0,Amazon India,Amazon India,,In Stock,1,,,,667.0,,,https://www.amazon.in/dp/B095W45ZH3,2026-09-24T05:07:54.012777+00:00,data/raw\amazon\godrej_aer\search_q1_p2_20260924T050748Z.html
B07FPRB9CR,Godrej aer,Amazon India,Godrej aer,Godrej aer,Ambient Fragrance (General),Ambient Freshener,236.0,112.38,,unavailable,4.2,4.0,Amazon India,Amazon India,,In Stock,1,,,,236.0,,,https://www.amazon.in/dp/B07FPRB9CR,2026-09-24T05:08:00.376790+00:00,data/raw\amazon\godrej_aer\search_q2_p1_20260924T050754Z.html
B0CDDRYR4B,Godrej aer,Amazon India,Godrej aer,Godrej aer,Ambient Fragrance (General),Ambient Freshener,660.0,761.0,13.27,calculated,4.4,4.0,Amazon India,Amazon India,,In Stock,1,,,,660.0,,,https://www.amazon.in/dp/B0CDDRYR4B,2026-09-24T05:08:00.376790+00:00,data/raw\amazon\godrej_aer\search_q2_p1_20260924T050754Z.html
B0CDD5KQN6,Godrej aer,Amazon India,Godrej aer,Godrej aer,Ambient Fragrance (General),Ambient Freshener,398.0,411.0,3.16,calculated,4.2,4.0,Amazon India,Amazon India,,In Stock,1,,,,398.0,,,https://www.amazon.in/dp/B0CDD5KQN6,2026-09-24T05:08:00.376790+00:00,data/raw\amazon\godrej_aer\search_q2_p1_20260924T050754Z.html
B0CDD5CS97,Godrej aer,Amazon India,Godrej aer,Godrej aer,Ambient Fragrance (General),Ambient Freshener,386.0,447.0,13.65,calculated,4.0,4.0,Amazon India,Amazon India,,In Stock,1,,,,386.0,,,https://www.amazon.in/dp/B0CDD5CS97,2026-09-24T05:08:00.376790+00:00,data/raw\amazon\godrej_aer\search_q2_p1_20260924T050754Z.html
B0CL3MYCDD,Godrej aer,Amazon India,Godrej aer,Godrej aer,Ambient Fragrance (General),Ambient Freshener,472.0,112.38,,unavailable,4.2,4.0,Amazon India,Amazon India,,In Stock,1,,,,472.0,,,https://www.amazon.in/dp/B0CL3MYCDD,2026-09-24T05:08:00.376790+00:00,data/raw\amazon\godrej_aer\search_q2_p1_20260924T050754Z.html
B0CHLYM8W3,Godrej aer,Amazon India,Godrej aer,Godrej aer,Ambient Fragrance (General),Ambient Freshener,386.0,411.0,6.08,calculated,5.0,5.0,Amazon India,Amazon India,,In Stock,1,,,,386.0,,,https://www.amazon.in/dp/B0CHLYM8W3,2026-09-24T05:08:00.376790+00:00,data/raw\amazon\godrej_aer\search_q2_p1_20260924T050754Z.html
B0BDF6QQQ4,Godrej aer,Amazon India,Godrej Aer,Godrej Aer,Ambient Fragrance (General),Ambient Freshener,401.0,461.0,13.02,calculated,5.0,5.0,Amazon India,Amazon India,,In Stock,1,,,,401.0,,,https://www.amazon.in/dp/B0BDF6QQQ4,2026-09-24T05:08:00.376790+00:00,data/raw\amazon\godrej_aer\search_q2_p1_20260924T050754Z.html
B0CL3PCDKP,Godrej aer,Amazon India,Godrej aer,Godrej aer,Ambient Fragrance (General),Ambient Freshener,478.0,106.22,,unavailable,4.4,4.0,Amazon India,Amazon India,,In Stock,1,,,,478.0,,,https://www.amazon.in/dp/B0CL3PCDKP,2026-09-24T05:08:00.376790+00:00,data/raw\amazon\godrej_aer\search_q2_p1_20260924T050754Z.html
B08FM4KTYB,Godrej aer,Amazon India,Godrej aer,Godrej aer,Ambient Fragrance (General),Ambient Freshener,138.0,138.0,0.0,calculated,4.0,4.0,Amazon India,Amazon India,,In Stock,1,,,,138.0,,,https://www.amazon.in/dp/B08FM4KTYB,2026-09-24T05:08:00.376790+00:00,data/raw\amazon\godrej_aer\search_q2_p1_20260924T050754Z.html
B089FKK616,Godrej aer,Amazon India,Godrej aer,Godrej aer,Ambient Fragrance (General),Ambient Freshener,463.0,548.0,15.51,calculated,4.3,4.0,Amazon India,Amazon India,,In Stock,1,,,,463.0,,,https://www.amazon.in/dp/B089FKK616,2026-09-24T05:08:00.376790+00:00,data/raw\amazon\godrej_aer\search_q2_p1_20260924T050754Z.html
B089FJ8YGG,Godrej aer,Amazon India,Godrej aer,Godrej aer,Ambient Fragrance (General),Ambient Freshener,453.0,600.0,24.5,calculated,4.3,4.0,Amazon India,Amazon India,,In Stock,1,,,,453.0,,,https://www.amazon.in/dp/B089FJ8YGG,2026-09-24T05:08:00.376790+00:00,data/raw\amazon\godrej_aer\search_q2_p1_20260924T050754Z.html
B07FTZ1ZN5,Godrej aer,Amazon India,Godrej aer,Godrej aer,Ambient Fragrance (General),Ambient Freshener,229.0,101.78,,unavailable,4.3,4.0,Amazon India,Amazon India,,In Stock,1,,,,229.0,,,https://www.amazon.in/dp/B07FTZ1ZN5,2026-09-24T05:08:00.376790+00:00,data/raw\amazon\godrej_aer\search_q2_p1_20260924T050754Z.html
B089FJ5VYJ,Godrej aer,Amazon India,Godrej aer,Godrej aer,Ambient Fragrance (General),Ambient Freshener,468.0,614.0,23.78,calculated,4.3,4.0,Amazon India,Amazon India,,In Stock,1,,,,468.0,,,https://www.amazon.in/dp/B089FJ5VYJ,2026-09-24T05:08:00.376790+00:00,data/raw\amazon\godrej_aer\search_q2_p1_20260924T050754Z.html
B00TFBH2AQ,Godrej aer,Amazon India,Godrej aer,Godrej aer,Ambient Fragrance (General),Ambient Freshener,97.0,40.42,,unavailable,4.1,4.0,Amazon India,Amazon India,,In Stock,1,,,,97.0,,,https://www.amazon.in/dp/B00TFBH2AQ,2026-09-24T05:08:00.376790+00:00,data/raw\amazon\godrej_aer\search_q2_p1_20260924T050754Z.html
B0HCFY33SL,Godrej aer,Amazon India,Godrej aer,Godrej aer,Ambient Fragrance (General),Ambient Freshener,461.0,498.0,7.43,calculated,,,,,,In Stock,1,,,,461.0,,,https://www.amazon.in/dp/B0HCFY33SL,2026-09-24T05:08:00.376790+00:00,data/raw\amazon\godrej_aer\search_q2_p1_20260924T050754Z.html
B07S55SML2,Godrej aer,Amazon India,Godrej aer,Godrej aer,Ambient Fragrance (General),Ambient Freshener,450.0,500.0,10.0,calculated,4.2,4.0,Amazon India,Amazon India,,In Stock,1,,,,450.0,,,https://www.amazon.in/dp/B07S55SML2,2026-09-24T05:08:00.376790+00:00,data/raw\amazon\godrej_aer\search_q2_p1_20260924T050754Z.html
B0BD7T273L,Godrej aer,Amazon India,Godrej,Godrej,Ambient Fragrance (General),Ambient Freshener,520.0,65.0,,unavailable,3.6,3.0,Amazon India,Amazon India,,In Stock,1,,,,520.0,,,https://www.amazon.in/dp/B0BD7T273L,2026-09-24T05:08:00.376790+00:00,data/raw\amazon\godrej_aer\search_q2_p1_20260924T050754Z.html
B07FV29M96,Godrej aer,Amazon India,Godrej aer,Godrej aer,Ambient Fragrance (General),Ambient Freshener,248.0,110.22,,unavailable,4.3,4.0,Amazon India,Amazon India,,In Stock,1,,,,248.0,,,https://www.amazon.in/dp/B07FV29M96,2026-09-24T05:08:00.376790+00:00,data/raw\amazon\godrej_aer\search_q2_p1_20260924T050754Z.html
B07FTYFMBW,Godrej aer,Amazon India,Godrej aer,Godrej aer,Ambient Fragrance (General),Ambient Freshener,210.0,160.31,,unavailable,4.2,4.0,Amazon India,Amazon India,,In Stock,1,,,,210.0,,,https://www.amazon.in/dp/B07FTYFMBW,2026-09-24T05:08:06.441109+00:00,data/raw\amazon\godrej_aer\search_q2_p2_20260924T050800Z.html
B01AJJ8GAM,Godrej aer,Amazon India,Godrej aer,Godrej aer,Ambient Fragrance (General),Ambient Freshener,57.0,570.0,90.0,calculated,4.2,4.0,Amazon India,Amazon India,,In Stock,1,,,,57.0,,,https://www.amazon.in/dp/B01AJJ8GAM,2026-09-24T05:08:06.441109+00:00,data/raw\amazon\godrej_aer\search_q2_p2_20260924T050800Z.html
B08KW8VJ6S,Godrej aer,Amazon India,Godrej aer,Godrej aer,Ambient Fragrance (General),Ambient Freshener,389.0,54.03,,unavailable,3.9,3.0,Amazon India,Amazon India,,In Stock,1,,,,389.0,,,https://www.amazon.in/dp/B08KW8VJ6S,2026-09-24T05:08:06.441109+00:00,data/raw\amazon\godrej_aer\search_q2_p2_20260924T050800Z.html
B07WNP83QR,Godrej aer,Amazon India,Godrej aer,Godrej aer,Ambient Fragrance (General),Ambient Freshener,320.0,450.0,28.89,calculated,4.2,4.0,Amazon India,Amazon India,,In Stock,1,,,,320.0,,,https://www.amazon.in/dp/B07WNP83QR,2026-09-24T05:08:06.441109+00:00,data/raw\amazon\godrej_aer\search_q2_p2_20260924T050800Z.html
B0BD7SG1RR,Godrej aer,Amazon India,Godrej,Godrej,Ambient Fragrance (General),Ambient Freshener,130.0,65.0,,unavailable,,,,,,In Stock,1,,,,130.0,,,https://www.amazon.in/dp/B0BD7SG1RR,2026-09-24T05:08:06.441109+00:00,data/raw\amazon\godrej_aer\search_q2_p2_20260924T050800Z.html
B07HLDFL7G,Godrej aer,Amazon India,Godrej aer,Godrej aer,Ambient Fragrance (General),Ambient Freshener,215.0,43.0,,unavailable,4.2,4.0,Amazon India,Amazon India,,In Stock,1,,,,215.0,,,https://www.amazon.in/dp/B07HLDFL7G,2026-09-24T05:08:06.441109+00:00,data/raw\amazon\godrej_aer\search_q2_p2_20260924T050800Z.html
B01GJR015Q,Godrej aer,Amazon India,Godrej Ezee,Godrej Ezee,Ambient Fragrance (General),Ambient Freshener,62.0,620.0,90.0,calculated,4.1,4.0,Amazon India,Amazon India,,In Stock,1,,,,62.0,,,https://www.amazon.in/dp/B01GJR015Q,2026-09-24T05:08:06.441109+00:00,data/raw\amazon\godrej_aer\search_q2_p2_20260924T050800Z.html
B08Q3MSWVL,Godrej aer,Amazon India,Aer Power Pocket Fresh Blossom 1 nos Pouch,Aer Power Pocket Fresh Blossom 1 nos Pouch,Bathroom Freshener & Block,Block / Pocket Freshener,60.0,60.0,0.0,calculated,3.9,3.0,Amazon India,Amazon India,,In Stock,1,,,,60.0,,,https://www.amazon.in/dp/B08Q3MSWVL,2026-09-24T05:08:06.441109+00:00,data/raw\amazon\godrej_aer\search_q2_p2_20260924T050800Z.html
B079SSWYZQ,Godrej aer,Amazon India,Godrej aer,Godrej aer,Ambient Fragrance (General),Ambient Freshener,139.0,57.92,,unavailable,4.2,4.0,Amazon India,Amazon India,,In Stock,1,,,,139.0,,,https://www.amazon.in/dp/B079SSWYZQ,2026-09-24T05:08:06.441109+00:00,data/raw\amazon\godrej_aer\search_q2_p2_20260924T050800Z.html
B0H2JTVQW1,Godrej aer,Amazon India,Godrej aer,Godrej aer,Ambient Fragrance (General),Ambient Freshener,534.0,639.0,16.43,calculated,5.0,5.0,Amazon India,Amazon India,,In Stock,1,,,,534.0,,,https://www.amazon.in/dp/B0H2JTVQW1,2026-09-24T05:08:06.441109+00:00,data/raw\amazon\godrej_aer\search_q2_p2_20260924T050800Z.html
B0BD7YGY6B,Godrej aer,Amazon India,"Godrej Aer Pocket BERRY RUSH, SEA BREEZE, FRESH BLOSSOM, FLORAL DELIGHT, LAVENDER BLOOM Blocks (5 X 2 Units)(10 x 10 g)","Godrej Aer Pocket BERRY RUSH, SEA BREEZE, FRESH BLOSSOM, FLORAL DELIGHT, LAVENDER BLOOM Blocks (5 X 2 Units)(10 x 10 g)",Bathroom Freshener & Block,Block / Pocket Freshener,689.0,689.0,0.0,calculated,3.3,3.0,Amazon India,Amazon India,,In Stock,10,10.0,g,100.0,68.9,689.0,,https://www.amazon.in/dp/B0BD7YGY6B,2026-09-24T05:08:06.441109+00:00,data/raw\amazon\godrej_aer\search_q2_p2_20260924T050800Z.html
B08Q3CV1TQ,Godrej aer,Amazon India,aer,aer,Ambient Fragrance (General),Ambient Freshener,60.0,30.0,,unavailable,3.8,3.0,Amazon India,Amazon India,,In Stock,1,,,,60.0,,,https://www.amazon.in/dp/B08Q3CV1TQ,2026-09-24T05:08:06.441109+00:00,data/raw\amazon\godrej_aer\search_q2_p2_20260924T050800Z.html
B09PNMKKX7,Godrej aer,Amazon India,"Godrej aer spray, Air Freshener for Home & Office - Morning Misty Meadows | Long-Lasting Fragrance | Pack of 2 (240 ml each)","Godrej aer spray, Air Freshener for Home & Office - Morning Misty Meadows | Long-Lasting Fragrance | Pack of 2 (240 ml each)",Room Spray & Aerosol,Room Spray,265.0,55.21,,unavailable,4.3,4.0,Amazon India,Amazon India,,In Stock,2,240.0,ml,480.0,132.5,,55.21,https://www.amazon.in/dp/B09PNMKKX7,2026-09-24T05:08:06.441109+00:00,data/raw\amazon\godrej_aer\search_q2_p2_20260924T050800Z.html
B08W9Q9ZXF,Godrej aer,Amazon India,aer,aer,Ambient Fragrance (General),Ambient Freshener,63.0,630.0,90.0,calculated,3.8,3.0,Amazon India,Amazon India,,In Stock,1,,,,63.0,,,https://www.amazon.in/dp/B08W9Q9ZXF,2026-09-24T05:08:06.441109+00:00,data/raw\amazon\godrej_aer\search_q2_p2_20260924T050800Z.html
B0HCGD9ZMN,Godrej aer,Amazon India,Godrej aer,Godrej aer,Ambient Fragrance (General),Ambient Freshener,425.0,448.0,5.13,calculated,,,,,,In Stock,1,,,,425.0,,,https://www.amazon.in/dp/B0HCGD9ZMN,2026-09-24T05:08:06.441109+00:00,data/raw\amazon\godrej_aer\search_q2_p2_20260924T050800Z.html
B0HCFTKC4L,Godrej aer,Amazon India,Godrej aer,Godrej aer,Ambient Fragrance (General),Ambient Freshener,459.0,498.0,7.83,calculated,,,,,,In Stock,1,,,,459.0,,,https://www.amazon.in/dp/B0HCFTKC4L,2026-09-24T05:08:06.441109+00:00,data/raw\amazon\godrej_aer\search_q2_p2_20260924T050800Z.html
B00NHQEL22,Godrej aer,Amazon India,Godrej aer,Godrej aer,Ambient Fragrance (General),Ambient Freshener,360.0,800.0,55.0,calculated,3.9,3.0,Amazon India,Amazon India,,In Stock,1,,,,360.0,,,https://www.amazon.in/dp/B00NHQEL22,2026-09-24T05:08:06.441109+00:00,data/raw\amazon\godrej_aer\search_q2_p2_20260924T050800Z.html
B0H2JJBXQW,Godrej aer,Amazon India,Godrej aer,Godrej aer,Ambient Fragrance (General),Ambient Freshener,413.0,448.0,7.81,calculated,,,,,,In Stock,1,,,,413.0,,,https://www.amazon.in/dp/B0H2JJBXQW,2026-09-24T05:08:06.441109+00:00,data/raw\amazon\godrej_aer\search_q2_p2_20260924T050800Z.html
B0HCGBV5FC,Godrej aer,Amazon India,Godrej aer,Godrej aer,Ambient Fragrance (General),Ambient Freshener,413.0,448.0,7.81,calculated,,,,,,In Stock,1,,,,413.0,,,https://www.amazon.in/dp/B0HCGBV5FC,2026-09-24T05:08:06.441109+00:00,data/raw\amazon\godrej_aer\search_q2_p2_20260924T050800Z.html
B0HCG4JX62,Godrej aer,Amazon India,Godrej aer,Godrej aer,Ambient Fragrance (General),Ambient Freshener,414.0,448.0,7.59,calculated,,,,,,In Stock,1,,,,414.0,,,https://www.amazon.in/dp/B0HCG4JX62,2026-09-24T05:08:06.441109+00:00,data/raw\amazon\godrej_aer\search_q2_p2_20260924T050800Z.html
B0HCG9Q25H,Godrej aer,Amazon India,Godrej aer,Godrej aer,Ambient Fragrance (General),Ambient Freshener,423.0,448.0,5.58,calculated,,,,,,In Stock,1,,,,423.0,,,https://www.amazon.in/dp/B0HCG9Q25H,2026-09-24T05:08:06.441109+00:00,data/raw\amazon\godrej_aer\search_q2_p2_20260924T050800Z.html
B013OU6U4C,Air Wick,Amazon India,Air Wick,Air Wick,Ambient Fragrance (General),Ambient Freshener,386.0,154.4,,unavailable,4.2,4.0,Amazon India,Amazon India,,In Stock,1,,,,386.0,,,https://www.amazon.in/dp/B013OU6U4C,2026-09-24T05:08:13.044674+00:00,data/raw\amazon\air_wick\search_q1_p1_20260924T050806Z.html
B079RDJGJ9,Air Wick,Amazon India,Air Wick,Air Wick,Ambient Fragrance (General),Ambient Freshener,419.0,167.6,,unavailable,3.9,3.0,Amazon India,Amazon India,,In Stock,1,,,,419.0,,,https://www.amazon.in/dp/B079RDJGJ9,2026-09-24T05:08:13.044674+00:00,data/raw\amazon\air_wick\search_q1_p1_20260924T050806Z.html
B079RDPG9C,Air Wick,Amazon India,Air Wick,Air Wick,Ambient Fragrance (General),Ambient Freshener,390.0,156.0,,unavailable,4.1,4.0,Amazon India,Amazon India,,In Stock,1,,,,390.0,,,https://www.amazon.in/dp/B079RDPG9C,2026-09-24T05:08:13.044674+00:00,data/raw\amazon\air_wick\search_q1_p1_20260924T050806Z.html
B079L68NLK,Air Wick,Amazon India,Air Wick,Air Wick,Ambient Fragrance (General),Ambient Freshener,250.0,100.0,,unavailable,4.2,4.0,Amazon India,Amazon India,,In Stock,1,,,,250.0,,,https://www.amazon.in/dp/B079L68NLK,2026-09-24T05:08:13.044674+00:00,data/raw\amazon\air_wick\search_q1_p1_20260924T050806Z.html
B013OU6XK8,Air Wick,Amazon India,"Airwick Freshmatic Automatic Room Freshener Refill - 250ml | Summer Delights fragrance is blend of fresh white florals, sweet melon, and subtle vanilla| 2600 Sprays Guaranteed | Lasts up to 70 days","Airwick Freshmatic Automatic Room Freshener Refill - 250ml | Summer Delights fragrance is blend of fresh white florals, sweet melon, and subtle vanilla| 2600 Sprays Guaranteed | Lasts up to 70 days",Automatic Spray & Refill,Automatic Refill / Device,239.0,95.6,,unavailable,4.2,4.0,Amazon India,Amazon India,,In Stock,1,250.0,ml,250.0,239.0,,95.6,https://www.amazon.in/dp/B013OU6XK8,2026-09-24T05:08:13.044674+00:00,data/raw\amazon\air_wick\search_q1_p1_20260924T050806Z.html
B079LGDTHV,Air Wick,Amazon India,Air Wick,Air Wick,Ambient Fragrance (General),Ambient Freshener,250.0,100.0,,unavailable,4.2,4.0,Amazon India,Amazon India,,In Stock,1,,,,250.0,,,https://www.amazon.in/dp/B079LGDTHV,2026-09-24T05:08:13.044674+00:00,data/raw\amazon\air_wick\search_q1_p1_20260924T050806Z.html
B013OU6VN2,Air Wick,Amazon India,Air Wick,Air Wick,Ambient Fragrance (General),Ambient Freshener,257.0,102.8,,unavailable,4.1,4.0,Amazon India,Amazon India,,In Stock,1,,,,257.0,,,https://www.amazon.in/dp/B013OU6VN2,2026-09-24T05:08:13.044674+00:00,data/raw\amazon\air_wick\search_q1_p1_20260924T050806Z.html
B079LBY4RM,Air Wick,Amazon India,Air Wick,Air Wick,Ambient Fragrance (General),Ambient Freshener,257.0,102.8,,unavailable,4.0,4.0,Amazon India,Amazon India,,In Stock,1,,,,257.0,,,https://www.amazon.in/dp/B079LBY4RM,2026-09-24T05:08:13.044674+00:00,data/raw\amazon\air_wick\search_q1_p1_20260924T050806Z.html
B077BRTHZ9,Air Wick,Amazon India,Air Wick,Air Wick,Ambient Fragrance (General),Ambient Freshener,160.0,65.31,,unavailable,3.6,3.0,Amazon India,Amazon India,,In Stock,1,,,,160.0,,,https://www.amazon.in/dp/B077BRTHZ9,2026-09-24T05:08:13.044674+00:00,data/raw\amazon\air_wick\search_q1_p1_20260924T050806Z.html
B077BVBZK9,Air Wick,Amazon India,Air Wick,Air Wick,Ambient Fragrance (General),Ambient Freshener,156.0,63.67,,unavailable,3.8,3.0,Amazon India,Amazon India,,In Stock,1,,,,156.0,,,https://www.amazon.in/dp/B077BVBZK9,2026-09-24T05:08:13.044674+00:00,data/raw\amazon\air_wick\search_q1_p1_20260924T050806Z.html
B07SLCJ9F4,Air Wick,Amazon India,Air Wick,Air Wick,Ambient Fragrance (General),Ambient Freshener,489.0,660.0,25.91,calculated,4.5,4.0,Amazon India,Amazon India,,In Stock,1,,,,489.0,,,https://www.amazon.in/dp/B07SLCJ9F4,2026-09-24T05:08:13.044674+00:00,data/raw\amazon\air_wick\search_q1_p1_20260924T050806Z.html
B08123LC31,Air Wick,Amazon India,Air Wick,Air Wick,Ambient Fragrance (General),Ambient Freshener,199.0,40.61,,unavailable,3.6,3.0,Amazon India,Amazon India,,In Stock,1,,,,199.0,,,https://www.amazon.in/dp/B08123LC31,2026-09-24T05:08:13.044674+00:00,data/raw\amazon\air_wick\search_q1_p1_20260924T050806Z.html
B07SJ63LX4,Air Wick,Amazon India,Air Wick,Air Wick,Ambient Fragrance (General),Ambient Freshener,507.0,660.0,23.18,calculated,4.3,4.0,Amazon India,Amazon India,,In Stock,1,,,,507.0,,,https://www.amazon.in/dp/B07SJ63LX4,2026-09-24T05:08:13.044674+00:00,data/raw\amazon\air_wick\search_q1_p1_20260924T050806Z.html
B07SJ643YZ,Air Wick,Amazon India,Air Wick,Air Wick,Ambient Fragrance (General),Ambient Freshener,500.0,660.0,24.24,calculated,4.2,4.0,Amazon India,Amazon India,,In Stock,1,,,,500.0,,,https://www.amazon.in/dp/B07SJ643YZ,2026-09-24T05:08:13.044674+00:00,data/raw\amazon\air_wick\search_q1_p1_20260924T050806Z.html
B0F5WL4QGL,Air Wick,Amazon India,Air Wick,Air Wick,Ambient Fragrance (General),Ambient Freshener,1319.0,131.9,,unavailable,4.2,4.0,Amazon India,Amazon India,,In Stock,1,,,,1319.0,,,https://www.amazon.in/dp/B0F5WL4QGL,2026-09-24T05:08:13.044674+00:00,data/raw\amazon\air_wick\search_q1_p1_20260924T050806Z.html
B08123W6LR,Air Wick,Amazon India,Air Wick,Air Wick,Ambient Fragrance (General),Ambient Freshener,300.0,61.22,,unavailable,4.0,4.0,Amazon India,Amazon India,,In Stock,1,,,,300.0,,,https://www.amazon.in/dp/B08123W6LR,2026-09-24T05:08:13.044674+00:00,data/raw\amazon\air_wick\search_q1_p1_20260924T050806Z.html
B07SLCB99D,Air Wick,Amazon India,Air Wick,Air Wick,Ambient Fragrance (General),Ambient Freshener,496.0,660.0,24.85,calculated,4.3,4.0,Amazon India,Amazon India,,In Stock,1,,,,496.0,,,https://www.amazon.in/dp/B07SLCB99D,2026-09-24T05:08:13.044674+00:00,data/raw\amazon\air_wick\search_q1_p1_20260924T050806Z.html
B0BWD9GCXD,Air Wick,Amazon India,Air Wick,Air Wick,Ambient Fragrance (General),Ambient Freshener,435.0,435.0,0.0,calculated,4.4,4.0,Amazon India,Amazon India,,In Stock,1,,,,435.0,,,https://www.amazon.in/dp/B0BWD9GCXD,2026-09-24T05:08:13.044674+00:00,data/raw\amazon\air_wick\search_q1_p1_20260924T050806Z.html
B08JX59HVB,Air Wick,Amazon India,Air Wick,Air Wick,Ambient Fragrance (General),Ambient Freshener,435.0,435.0,0.0,calculated,4.2,4.0,Amazon India,Amazon India,,In Stock,1,,,,435.0,,,https://www.amazon.in/dp/B08JX59HVB,2026-09-24T05:08:13.044674+00:00,data/raw\amazon\air_wick\search_q1_p1_20260924T050806Z.html
B0BZGSM26Z,Air Wick,Amazon India,Air Wick,Air Wick,Ambient Fragrance (General),Ambient Freshener,435.0,435.0,0.0,calculated,4.3,4.0,Amazon India,Amazon India,,In Stock,1,,,,435.0,,,https://www.amazon.in/dp/B0BZGSM26Z,2026-09-24T05:08:13.044674+00:00,data/raw\amazon\air_wick\search_q1_p1_20260924T050806Z.html
B09NDQBZ7D,Air Wick,Amazon India,Air Wick,Air Wick,Ambient Fragrance (General),Ambient Freshener,433.0,173.2,,unavailable,4.2,4.0,Amazon India,Amazon India,,In Stock,1,,,,433.0,,,https://www.amazon.in/dp/B09NDQBZ7D,2026-09-24T05:08:13.044674+00:00,data/raw\amazon\air_wick\search_q1_p1_20260924T050806Z.html
B078J43T9V,Air Wick,Amazon India,Air Wick,Air Wick,Ambient Fragrance (General),Ambient Freshener,899.0,4495.0,80.0,calculated,3.8,3.0,Amazon India,Amazon India,,In Stock,1,,,,899.0,,,https://www.amazon.in/dp/B078J43T9V,2026-09-24T05:08:13.044674+00:00,data/raw\amazon\air_wick\search_q1_p1_20260924T050806Z.html
B07SLC82H4,Air Wick,Amazon India,Air Wick,Air Wick,Ambient Fragrance (General),Ambient Freshener,636.0,929.0,31.54,calculated,3.9,3.0,Amazon India,Amazon India,,In Stock,1,,,,636.0,,,https://www.amazon.in/dp/B07SLC82H4,2026-09-24T05:08:13.044674+00:00,data/raw\amazon\air_wick\search_q1_p1_20260924T050806Z.html
B0F5WMPBX4,Air Wick,Amazon India,Air Wick,Air Wick,Ambient Fragrance (General),Ambient Freshener,1319.0,131.9,,unavailable,4.5,4.0,Amazon India,Amazon India,,In Stock,1,,,,1319.0,,,https://www.amazon.in/dp/B0F5WMPBX4,2026-09-24T05:08:13.044674+00:00,data/raw\amazon\air_wick\search_q1_p1_20260924T050806Z.html
B0CCS5GN91,Air Wick,Amazon India,Air Wick,Air Wick,Ambient Fragrance (General),Ambient Freshener,1029.0,102.9,,unavailable,4.2,4.0,Amazon India,Amazon India,,In Stock,1,,,,1029.0,,,https://www.amazon.in/dp/B0CCS5GN91,2026-09-24T05:08:13.044674+00:00,data/raw\amazon\air_wick\search_q1_p1_20260924T050806Z.html
B0F5WK9S9Z,Air Wick,Amazon India,Air Wick,Air Wick,Ambient Fragrance (General),Ambient Freshener,1319.0,131.9,,unavailable,4.3,4.0,Amazon India,Amazon India,,In Stock,1,,,,1319.0,,,https://www.amazon.in/dp/B0F5WK9S9Z,2026-09-24T05:08:13.044674+00:00,data/raw\amazon\air_wick\search_q1_p1_20260924T050806Z.html
B075HP5G2D,Air Wick,Amazon India,Air Wick,Air Wick,Ambient Fragrance (General),Ambient Freshener,1699.0,3500.0,51.46,calculated,4.4,4.0,Amazon India,Amazon India,,In Stock,1,,,,1699.0,,,https://www.amazon.in/dp/B075HP5G2D,2026-09-24T05:08:13.044674+00:00,data/raw\amazon\air_wick\search_q1_p1_20260924T050806Z.html
B07SLBPPP6,Air Wick,Amazon India,Air Wick,Air Wick,Ambient Fragrance (General),Ambient Freshener,647.0,909.0,28.82,calculated,4.4,4.0,Amazon India,Amazon India,,In Stock,1,,,,647.0,,,https://www.amazon.in/dp/B07SLBPPP6,2026-09-24T05:08:13.044674+00:00,data/raw\amazon\air_wick\search_q1_p1_20260924T050806Z.html
B00AN5L8DK,Air Wick,Amazon India,Air Wick,Air Wick,Ambient Fragrance (General),Ambient Freshener,905.0,452.5,,unavailable,3.8,3.0,Amazon India,Amazon India,,In Stock,1,,,,905.0,,,https://www.amazon.in/dp/B00AN5L8DK,2026-09-24T05:08:13.044674+00:00,data/raw\amazon\air_wick\search_q1_p1_20260924T050806Z.html
B07MTQXXFM,Air Wick,Amazon India,Air Wick,Air Wick,Ambient Fragrance (General),Ambient Freshener,435.0,435.0,0.0,calculated,4.2,4.0,Amazon India,Amazon India,,In Stock,1,,,,435.0,,,https://www.amazon.in/dp/B07MTQXXFM,2026-09-24T05:08:13.044674+00:00,data/raw\amazon\air_wick\search_q1_p1_20260924T050806Z.html
B0H2JV8DFQ,Air Wick,Amazon India,Air Wick,Air Wick,Ambient Fragrance (General),Ambient Freshener,589.0,937.0,37.14,calculated,,,,,,In Stock,1,,,,589.0,,,https://www.amazon.in/dp/B0H2JV8DFQ,2026-09-24T05:08:13.044674+00:00,data/raw\amazon\air_wick\search_q1_p1_20260924T050806Z.html
B09PL2XMGS,Air Wick,Amazon India,Air Wick,Air Wick,Ambient Fragrance (General),Ambient Freshener,770.0,154.0,,unavailable,4.2,4.0,Amazon India,Amazon India,,In Stock,1,,,,770.0,,,https://www.amazon.in/dp/B09PL2XMGS,2026-09-24T05:08:13.044674+00:00,data/raw\amazon\air_wick\search_q1_p1_20260924T050806Z.html
B00QIVDY9Y,Air Wick,Amazon India,Air Wick,Air Wick,Ambient Fragrance (General),Ambient Freshener,3164.0,1894.74,,unavailable,4.3,4.0,Amazon India,Amazon India,,In Stock,1,,,,3164.0,,,https://www.amazon.in/dp/B00QIVDY9Y,2026-09-24T05:08:13.044674+00:00,data/raw\amazon\air_wick\search_q1_p1_20260924T050806Z.html
B007VAGXE4,Air Wick,Amazon India,Air Wick,Air Wick,Ambient Fragrance (General),Ambient Freshener,1599.0,533.0,,unavailable,4.6,4.0,Amazon India,Amazon India,,In Stock,1,,,,1599.0,,,https://www.amazon.in/dp/B007VAGXE4,2026-09-24T05:08:13.044674+00:00,data/raw\amazon\air_wick\search_q1_p1_20260924T050806Z.html
B08TSBLYFT,Air Wick,Amazon India,Air Wick,Air Wick,Ambient Fragrance (General),Ambient Freshener,1806.0,,,unavailable,4.4,4.0,Amazon India,Amazon India,,In Stock,1,,,,1806.0,,,https://www.amazon.in/dp/B08TSBLYFT,2026-09-24T05:08:13.044674+00:00,data/raw\amazon\air_wick\search_q1_p1_20260924T050806Z.html
B00ZARQESU,Air Wick,Amazon India,Air Wick,Air Wick,Ambient Fragrance (General),Ambient Freshener,2802.0,467.04,,unavailable,3.9,3.0,Amazon India,Amazon India,,In Stock,1,,,,2802.0,,,https://www.amazon.in/dp/B00ZARQESU,2026-09-24T05:08:13.044674+00:00,data/raw\amazon\air_wick\search_q1_p1_20260924T050806Z.html
B007XTLT8I,Air Wick,Amazon India,Air Wick,Air Wick,Ambient Fragrance (General),Ambient Freshener,3348.0,6208.0,46.07,calculated,4.1,4.0,Amazon India,Amazon India,,In Stock,1,,,,3348.0,,,https://www.amazon.in/dp/B007XTLT8I,2026-09-24T05:08:13.044674+00:00,data/raw\amazon\air_wick\search_q1_p1_20260924T050806Z.html
B00AE9P1II,Air Wick,Amazon India,Air Wick,Air Wick,Ambient Fragrance (General),Ambient Freshener,1160.0,580.0,,unavailable,4.0,4.0,Amazon India,Amazon India,,In Stock,1,,,,1160.0,,,https://www.amazon.in/dp/B00AE9P1II,2026-09-24T05:08:13.044674+00:00,data/raw\amazon\air_wick\search_q1_p1_20260924T050806Z.html
B07KFGXRNH,Air Wick,Amazon India,Air Wick,Air Wick,Ambient Fragrance (General),Ambient Freshener,4408.0,1319.76,,unavailable,4.4,4.0,Amazon India,Amazon India,,In Stock,1,,,,4408.0,,,https://www.amazon.in/dp/B07KFGXRNH,2026-09-24T05:08:13.044674+00:00,data/raw\amazon\air_wick\search_q1_p1_20260924T050806Z.html
B00QIVDY30,Air Wick,Amazon India,Air Wick,Air Wick,Ambient Fragrance (General),Ambient Freshener,435.0,238.4,,unavailable,4.3,4.0,Amazon India,Amazon India,,In Stock,1,,,,435.0,,,https://www.amazon.in/dp/B00QIVDY30,2026-09-24T05:08:13.044674+00:00,data/raw\amazon\air_wick\search_q1_p1_20260924T050806Z.html
B004V927UM,Air Wick,Amazon India,Air Wick,Air Wick,Ambient Fragrance (General),Ambient Freshener,6345.0,3172.5,,unavailable,4.7,4.0,Amazon India,Amazon India,,In Stock,1,,,,6345.0,,,https://www.amazon.in/dp/B004V927UM,2026-09-24T05:08:13.044674+00:00,data/raw\amazon\air_wick\search_q1_p1_20260924T050806Z.html
B0D82BVF9K,Air Wick,Amazon India,Air Wick,Air Wick,Ambient Fragrance (General),Ambient Freshener,4045.0,4045.0,0.0,calculated,4.4,4.0,Amazon India,Amazon India,,In Stock,1,,,,4045.0,,,https://www.amazon.in/dp/B0D82BVF9K,2026-09-24T05:08:13.044674+00:00,data/raw\amazon\air_wick\search_q1_p1_20260924T050806Z.html
B07QNNLRXC,Air Wick,Amazon India,Air Wick,Air Wick,Ambient Fragrance (General),Ambient Freshener,5020.0,5020.0,0.0,calculated,4.6,4.0,Amazon India,Amazon India,,In Stock,1,,,,5020.0,,,https://www.amazon.in/dp/B07QNNLRXC,2026-09-24T05:08:13.044674+00:00,data/raw\amazon\air_wick\search_q1_p1_20260924T050806Z.html
B0BZGW1CCH,Air Wick,Amazon India,Air Wick,Air Wick,Ambient Fragrance (General),Ambient Freshener,435.0,435.0,0.0,calculated,4.2,4.0,Amazon India,Amazon India,,In Stock,1,,,,435.0,,,https://www.amazon.in/dp/B0BZGW1CCH,2026-09-24T05:08:13.044674+00:00,data/raw\amazon\air_wick\search_q1_p1_20260924T050806Z.html
B07QLQ3QP4,Air Wick,Amazon India,Air Wick,Air Wick,Ambient Fragrance (General),Ambient Freshener,4333.0,4333.0,0.0,calculated,4.5,4.0,Amazon India,Amazon India,,In Stock,1,,,,4333.0,,,https://www.amazon.in/dp/B07QLQ3QP4,2026-09-24T05:08:18.961437+00:00,data/raw\amazon\air_wick\search_q1_p2_20260924T050813Z.html
B09VH63P99,Air Wick,Amazon India,Air Wick,Air Wick,Ambient Fragrance (General),Ambient Freshener,897.0,1239.0,27.6,calculated,4.2,4.0,Amazon India,Amazon India,,In Stock,1,,,,897.0,,,https://www.amazon.in/dp/B09VH63P99,2026-09-24T05:08:18.961437+00:00,data/raw\amazon\air_wick\search_q1_p2_20260924T050813Z.html
B00243O04I,Air Wick,Amazon India,Air Wick,Air Wick,Ambient Fragrance (General),Ambient Freshener,1291.0,3227.5,60.0,calculated,4.6,4.0,Amazon India,Amazon India,,In Stock,1,,,,1291.0,,,https://www.amazon.in/dp/B00243O04I,2026-09-24T05:08:18.961437+00:00,data/raw\amazon\air_wick\search_q1_p2_20260924T050813Z.html
B071Y5YSR7,Air Wick,Amazon India,Air Wick,Air Wick,Ambient Fragrance (General),Ambient Freshener,2060.0,2060.0,0.0,calculated,4.4,4.0,Amazon India,Amazon India,,In Stock,1,,,,2060.0,,,https://www.amazon.in/dp/B071Y5YSR7,2026-09-24T05:08:18.961437+00:00,data/raw\amazon\air_wick\search_q1_p2_20260924T050813Z.html
B011O2LZ8I,Air Wick,Amazon India,Air Wick,Air Wick,Ambient Fragrance (General),Ambient Freshener,1993.0,996.5,,unavailable,4.7,4.0,Amazon India,Amazon India,,In Stock,1,,,,1993.0,,,https://www.amazon.in/dp/B011O2LZ8I,2026-09-24T05:08:18.961437+00:00,data/raw\amazon\air_wick\search_q1_p2_20260924T050813Z.html
B00QIVDNM2,Air Wick,Amazon India,Air Wick,Air Wick,Ambient Fragrance (General),Ambient Freshener,4908.0,8180.0,40.0,calculated,4.5,4.0,Amazon India,Amazon India,,In Stock,1,,,,4908.0,,,https://www.amazon.in/dp/B00QIVDNM2,2026-09-24T05:08:18.961437+00:00,data/raw\amazon\air_wick\search_q1_p2_20260924T050813Z.html
B00QIT9K94,Air Wick,Amazon India,Air Wick,Air Wick,Ambient Fragrance (General),Ambient Freshener,2046.0,2046.0,0.0,calculated,4.6,4.0,Amazon India,Amazon India,,In Stock,1,,,,2046.0,,,https://www.amazon.in/dp/B00QIT9K94,2026-09-24T05:08:18.961437+00:00,data/raw\amazon\air_wick\search_q1_p2_20260924T050813Z.html
B091GWCR38,Air Wick,Amazon India,Air Wick,Air Wick,Ambient Fragrance (General),Ambient Freshener,426.0,426.0,0.0,calculated,3.9,3.0,Amazon India,Amazon India,,In Stock,1,,,,426.0,,,https://www.amazon.in/dp/B091GWCR38,2026-09-24T05:08:18.961437+00:00,data/raw\amazon\air_wick\search_q1_p2_20260924T050813Z.html
B075JT6F3Q,Air Wick,Amazon India,Air Wick,Air Wick,Ambient Fragrance (General),Ambient Freshener,2065.0,10325.0,80.0,calculated,4.6,4.0,Amazon India,Amazon India,,In Stock,1,,,,2065.0,,,https://www.amazon.in/dp/B075JT6F3Q,2026-09-24T05:08:18.961437+00:00,data/raw\amazon\air_wick\search_q1_p2_20260924T050813Z.html
B01AVIZZL4,Air Wick,Amazon India,Air Wick,Air Wick,Ambient Fragrance (General),Ambient Freshener,4407.0,22035.0,80.0,calculated,4.6,4.0,Amazon India,Amazon India,,In Stock,1,,,,4407.0,,,https://www.amazon.in/dp/B01AVIZZL4,2026-09-24T05:08:18.961437+00:00,data/raw\amazon\air_wick\search_q1_p2_20260924T050813Z.html
B07X6141FG,Air Wick,Amazon India,Air Wick,Air Wick,Ambient Fragrance (General),Ambient Freshener,5391.0,539.1,,unavailable,4.6,4.0,Amazon India,Amazon India,,In Stock,1,,,,5391.0,,,https://www.amazon.in/dp/B07X6141FG,2026-09-24T05:08:18.961437+00:00,data/raw\amazon\air_wick\search_q1_p2_20260924T050813Z.html
B084DQPCH6,Air Wick,Amazon India,"Botanica by Air Wick Plug in Scented Oil Starter Kit, 1 Warmer + 1 Refill, French Lavender and Honey Blossom, Air Freshener, Essential Oils","Botanica by Air Wick Plug in Scented Oil Starter Kit, 1 Warmer + 1 Refill, French Lavender and Honey Blossom, Air Freshener, Essential Oils",Automatic Spray & Refill,Automatic Refill / Device,3621.0,3621.0,0.0,calculated,4.5,4.0,Amazon India,Amazon India,,In Stock,1,,,,3621.0,,,https://www.amazon.in/dp/B084DQPCH6,2026-09-24T05:08:18.961437+00:00,data/raw\amazon\air_wick\search_q1_p2_20260924T050813Z.html
B01EHEIVI2,Air Wick,Amazon India,Air Wick,Air Wick,Ambient Fragrance (General),Ambient Freshener,1799.0,8995.0,80.0,calculated,4.5,4.0,Amazon India,Amazon India,,In Stock,1,,,,1799.0,,,https://www.amazon.in/dp/B01EHEIVI2,2026-09-24T05:08:18.961437+00:00,data/raw\amazon\air_wick\search_q1_p2_20260924T050813Z.html
B0CHS6KRHQ,Air Wick,Amazon India,"Airwick Room Air Freshener Spray, Lavender & Lotus - 245ml (Pack of 4)","Airwick Room Air Freshener Spray, Lavender & Lotus - 245ml (Pack of 4)",Room Spray & Aerosol,Room Spray,398.0,40.61,,unavailable,5.0,5.0,Amazon India,Amazon India,,In Stock,4,245.0,ml,980.0,99.5,,40.61,https://www.amazon.in/dp/B0CHS6KRHQ,2026-09-24T05:08:18.961437+00:00,data/raw\amazon\air_wick\search_q1_p2_20260924T050813Z.html
B07DXQZQWZ,Air Wick,Amazon India,Air Wick,Air Wick,Ambient Fragrance (General),Ambient Freshener,425.0,170.0,,unavailable,3.0,3.0,Amazon India,Amazon India,,In Stock,1,,,,425.0,,,https://www.amazon.in/dp/B07DXQZQWZ,2026-09-24T05:08:18.961437+00:00,data/raw\amazon\air_wick\search_q1_p2_20260924T050813Z.html
B07QWLN1JV,Air Wick,Amazon India,Air Wick,Air Wick,Ambient Fragrance (General),Ambient Freshener,3882.0,388.2,,unavailable,4.6,4.0,Amazon India,Amazon India,,In Stock,1,,,,3882.0,,,https://www.amazon.in/dp/B07QWLN1JV,2026-09-24T05:08:18.961437+00:00,data/raw\amazon\air_wick\search_q1_p2_20260924T050813Z.html
B07QPRV62S,Air Wick,Amazon India,Air Wick,Air Wick,Ambient Fragrance (General),Ambient Freshener,4017.0,2027.76,,unavailable,4.7,4.0,Amazon India,Amazon India,,In Stock,1,,,,4017.0,,,https://www.amazon.in/dp/B07QPRV62S,2026-09-24T05:08:18.961437+00:00,data/raw\amazon\air_wick\search_q1_p2_20260924T050813Z.html
B07QKL4W1V,Air Wick,Amazon India,Air Wick,Air Wick,Ambient Fragrance (General),Ambient Freshener,6272.0,627.2,,unavailable,4.7,4.0,Amazon India,Amazon India,,In Stock,1,,,,6272.0,,,https://www.amazon.in/dp/B07QKL4W1V,2026-09-24T05:08:18.961437+00:00,data/raw\amazon\air_wick\search_q1_p2_20260924T050813Z.html
B075JTPCQC,Air Wick,Amazon India,Air Wick,Air Wick,Ambient Fragrance (General),Ambient Freshener,1438.0,2500.0,42.48,calculated,4.7,4.0,Amazon India,Amazon India,,In Stock,1,,,,1438.0,,,https://www.amazon.in/dp/B075JTPCQC,2026-09-24T05:08:18.961437+00:00,data/raw\amazon\air_wick\search_q1_p2_20260924T050813Z.html
B013JZMBVI,Air Wick,Amazon India,Air Wick,Air Wick,Ambient Fragrance (General),Ambient Freshener,2682.0,2682.0,0.0,calculated,4.8,4.0,Amazon India,Amazon India,,In Stock,1,,,,2682.0,,,https://www.amazon.in/dp/B013JZMBVI,2026-09-24T05:08:18.961437+00:00,data/raw\amazon\air_wick\search_q1_p2_20260924T050813Z.html
B0FH21LVF1,Air Wick,Amazon India,Air Wick,Air Wick,Ambient Fragrance (General),Ambient Freshener,1574.0,2098.0,24.98,calculated,,,,,,In Stock,1,,,,1574.0,,,https://www.amazon.in/dp/B0FH21LVF1,2026-09-24T05:08:18.961437+00:00,data/raw\amazon\air_wick\search_q1_p2_20260924T050813Z.html
B0FH21KN4X,Air Wick,Amazon India,Air Wick,Air Wick,Ambient Fragrance (General),Ambient Freshener,1574.0,2098.0,24.98,calculated,,,,,,In Stock,1,,,,1574.0,,,https://www.amazon.in/dp/B0FH21KN4X,2026-09-24T05:08:18.961437+00:00,data/raw\amazon\air_wick\search_q1_p2_20260924T050813Z.html
B07BN3XBW9,Air Wick,Amazon India,Air Wick,Air Wick,Ambient Fragrance (General),Ambient Freshener,2213.0,4044.96,45.29,calculated,4.5,4.0,Amazon India,Amazon India,,In Stock,1,,,,2213.0,,,https://www.amazon.in/dp/B07BN3XBW9,2026-09-24T05:08:18.961437+00:00,data/raw\amazon\air_wick\search_q1_p2_20260924T050813Z.html
B00K3EMBE6,Air Wick,Amazon India,Air Wick,Air Wick,Ambient Fragrance (General),Ambient Freshener,3779.0,1259.92,,unavailable,4.7,4.0,Amazon India,Amazon India,,In Stock,1,,,,3779.0,,,https://www.amazon.in/dp/B00K3EMBE6,2026-09-24T05:08:18.961437+00:00,data/raw\amazon\air_wick\search_q1_p2_20260924T050813Z.html
B0768QD2RF,Air Wick,Amazon India,Air Wick,Air Wick,Ambient Fragrance (General),Ambient Freshener,5695.0,1627.14,,unavailable,4.7,4.0,Amazon India,Amazon India,,In Stock,1,,,,5695.0,,,https://www.amazon.in/dp/B0768QD2RF,2026-09-24T05:08:18.961437+00:00,data/raw\amazon\air_wick\search_q1_p2_20260924T050813Z.html
B09NBWL4YV,Air Wick,Amazon India,Air Wick,Air Wick,Ambient Fragrance (General),Ambient Freshener,425.0,170.0,,unavailable,4.5,4.0,Amazon India,Amazon India,,In Stock,1,,,,425.0,,,https://www.amazon.in/dp/B09NBWL4YV,2026-09-24T05:08:18.961437+00:00,data/raw\amazon\air_wick\search_q1_p2_20260924T050813Z.html
B0010L40P4,Air Wick,Amazon India,Air Wick,Air Wick,Ambient Fragrance (General),Ambient Freshener,2618.0,1567.66,,unavailable,4.6,4.0,Amazon India,Amazon India,,In Stock,1,,,,2618.0,,,https://www.amazon.in/dp/B0010L40P4,2026-09-24T05:08:18.961437+00:00,data/raw\amazon\air_wick\search_q1_p2_20260924T050813Z.html
B07GVSX2V8,Air Wick,Amazon India,Air Wick,Air Wick,Ambient Fragrance (General),Ambient Freshener,2253.0,6600.0,65.86,calculated,4.4,4.0,Amazon India,Amazon India,,In Stock,1,,,,2253.0,,,https://www.amazon.in/dp/B07GVSX2V8,2026-09-24T05:08:18.961437+00:00,data/raw\amazon\air_wick\search_q1_p2_20260924T050813Z.html
B000LNT6BU,Air Wick,Amazon India,Air Wick,Air Wick,Ambient Fragrance (General),Ambient Freshener,4261.0,4261.0,0.0,calculated,4.4,4.0,Amazon India,Amazon India,,In Stock,1,,,,4261.0,,,https://www.amazon.in/dp/B000LNT6BU,2026-09-24T05:08:18.961437+00:00,data/raw\amazon\air_wick\search_q1_p2_20260924T050813Z.html
B0CHSC4WWN,Air Wick,Amazon India,"Airwick Lavender & Lotus -250 ml x 4 (Buy 3 Get 1 Free) Freshmatic Automatic Air Freshener Refill | 2600 Sprays Guaranteed | Automatic Room Freshener, Bathroom Freshener and Room Spray (Pack of 4)","Airwick Lavender & Lotus -250 ml x 4 (Buy 3 Get 1 Free) Freshmatic Automatic Air Freshener Refill | 2600 Sprays Guaranteed | Automatic Room Freshener, Bathroom Freshener and Room Spray (Pack of 4)",Automatic Spray & Refill,Automatic Refill / Device,4116.0,102.9,,unavailable,,,,,,In Stock,4,250.0,ml,1000.0,1029.0,,411.6,https://www.amazon.in/dp/B0CHSC4WWN,2026-09-24T05:08:18.961437+00:00,data/raw\amazon\air_wick\search_q1_p2_20260924T050813Z.html
B06XWWD3RK,Air Wick,Amazon India,Air Wick,Air Wick,Ambient Fragrance (General),Ambient Freshener,5037.0,5039.09,0.04,calculated,4.1,4.0,Amazon India,Amazon India,,In Stock,1,,,,5037.0,,,https://www.amazon.in/dp/B06XWWD3RK,2026-09-24T05:08:18.961437+00:00,data/raw\amazon\air_wick\search_q1_p2_20260924T050813Z.html
B00YR9JWAY,Air Wick,Amazon India,Air Wick,Air Wick,Ambient Fragrance (General),Ambient Freshener,2646.0,2646.0,0.0,calculated,4.7,4.0,Amazon India,Amazon India,,In Stock,1,,,,2646.0,,,https://www.amazon.in/dp/B00YR9JWAY,2026-09-24T05:08:18.961437+00:00,data/raw\amazon\air_wick\search_q1_p2_20260924T050813Z.html
B0CBRRPTGF,Air Wick,Amazon India,Air Wick,Air Wick,Ambient Fragrance (General),Ambient Freshener,623.0,847.0,26.45,calculated,,,,,,In Stock,1,,,,623.0,,,https://www.amazon.in/dp/B0CBRRPTGF,2026-09-24T05:08:18.961437+00:00,data/raw\amazon\air_wick\search_q1_p2_20260924T050813Z.html
B09FSGJ9YX,Air Wick,Amazon India,Airwick Air Freshener Automatic Spray Refill Cherry Blossom 250ml,Airwick Air Freshener Automatic Spray Refill Cherry Blossom 250ml,Automatic Spray & Refill,Automatic Refill / Device,435.0,174.0,,unavailable,4.3,4.0,Amazon India,Amazon India,,In Stock,1,250.0,ml,250.0,435.0,,174.0,https://www.amazon.in/dp/B09FSGJ9YX,2026-09-24T05:08:18.961437+00:00,data/raw\amazon\air_wick\search_q1_p2_20260924T050813Z.html
B07CMW3Z92,Air Wick,Amazon India,Air Wick,Air Wick,Ambient Fragrance (General),Ambient Freshener,448.0,179.2,,unavailable,4.6,4.0,Amazon India,Amazon India,,In Stock,1,,,,448.0,,,https://www.amazon.in/dp/B07CMW3Z92,2026-09-24T05:08:18.961437+00:00,data/raw\amazon\air_wick\search_q1_p2_20260924T050813Z.html
B00TS9DP56,Air Wick,Amazon India,Air Wick,Air Wick,Ambient Fragrance (General),Ambient Freshener,330.0,132.0,,unavailable,3.9,3.0,Amazon India,Amazon India,,In Stock,1,,,,330.0,,,https://www.amazon.in/dp/B00TS9DP56,2026-09-24T05:08:18.961437+00:00,data/raw\amazon\air_wick\search_q1_p2_20260924T050813Z.html
B007W9CO0G,Air Wick,Amazon India,Air Wick,Air Wick,Ambient Fragrance (General),Ambient Freshener,1821.0,1821.0,0.0,calculated,4.6,4.0,Amazon India,Amazon India,,In Stock,1,,,,1821.0,,,https://www.amazon.in/dp/B007W9CO0G,2026-09-24T05:08:18.961437+00:00,data/raw\amazon\air_wick\search_q1_p2_20260924T050813Z.html
B07BRWWJZB,Air Wick,Amazon India,Air Wick,Air Wick,Ambient Fragrance (General),Ambient Freshener,4474.0,8300.0,46.1,calculated,3.9,3.0,Amazon India,Amazon India,,In Stock,1,,,,4474.0,,,https://www.amazon.in/dp/B07BRWWJZB,2026-09-24T05:08:18.961437+00:00,data/raw\amazon\air_wick\search_q1_p2_20260924T050813Z.html
B09W5LYSRM,Air Wick,Amazon India,Airwick Air Freshener Spring Delight Automatic Spray Refill - 250 ml,Airwick Air Freshener Spring Delight Automatic Spray Refill - 250 ml,Automatic Spray & Refill,Automatic Refill / Device,435.0,435.0,0.0,calculated,3.9,3.0,Amazon India,Amazon India,,In Stock,1,250.0,ml,250.0,435.0,,174.0,https://www.amazon.in/dp/B09W5LYSRM,2026-09-24T05:08:18.961437+00:00,data/raw\amazon\air_wick\search_q1_p2_20260924T050813Z.html
B00TS9DTAW,Air Wick,Amazon India,Air Wick,Air Wick,Ambient Fragrance (General),Ambient Freshener,420.0,168.0,,unavailable,4.1,4.0,Amazon India,Amazon India,,In Stock,1,,,,420.0,,,https://www.amazon.in/dp/B00TS9DTAW,2026-09-24T05:08:18.961437+00:00,data/raw\amazon\air_wick\search_q1_p2_20260924T050813Z.html
B09PL277QW,Air Wick,Amazon India,Airwick Freshmatic Automatic Room Freshener Refills Super Saver Pack | Pack of 2 Premium Assorted Fragrances (Summer Delight & Rose and Saffron),Airwick Freshmatic Automatic Room Freshener Refills Super Saver Pack | Pack of 2 Premium Assorted Fragrances (Summer Delight & Rose and Saffron),Automatic Spray & Refill,Automatic Refill / Device,700.0,140.0,,unavailable,4.3,4.0,Amazon India,Amazon India,,In Stock,2,1.0,count,2.0,350.0,,,https://www.amazon.in/dp/B09PL277QW,2026-09-24T05:08:18.961437+00:00,data/raw\amazon\air_wick\search_q1_p2_20260924T050813Z.html
B01G776BZM,Air Wick,Amazon India,Air Wick,Air Wick,Ambient Fragrance (General),Ambient Freshener,425.0,170.0,,unavailable,4.1,4.0,Amazon India,Amazon India,,In Stock,1,,,,425.0,,,https://www.amazon.in/dp/B01G776BZM,2026-09-24T05:08:18.961437+00:00,data/raw\amazon\air_wick\search_q1_p2_20260924T050813Z.html
B00HJ2DWZ2,Air Wick,Amazon India,Air Wick,Air Wick,Ambient Fragrance (General),Ambient Freshener,300.0,120.0,,unavailable,4.0,4.0,Amazon India,Amazon India,,In Stock,1,,,,300.0,,,https://www.amazon.in/dp/B00HJ2DWZ2,2026-09-24T05:08:18.961437+00:00,data/raw\amazon\air_wick\search_q1_p2_20260924T050813Z.html
B0CJRCDBKC,Air Wick,Amazon India,Air Wick,Air Wick,Ambient Fragrance (General),Ambient Freshener,1000.0,100.0,,unavailable,4.1,4.0,Amazon India,Amazon India,,In Stock,1,,,,1000.0,,,https://www.amazon.in/dp/B0CJRCDBKC,2026-09-24T05:08:24.450032+00:00,data/raw\amazon\air_wick\search_q2_p1_20260924T050819Z.html
B089FL3XYH,Air Wick,Amazon India,Air Wick,Air Wick,Ambient Fragrance (General),Ambient Freshener,757.0,970.0,21.96,calculated,4.3,4.0,Amazon India,Amazon India,,In Stock,1,,,,757.0,,,https://www.amazon.in/dp/B089FL3XYH,2026-09-24T05:08:24.450032+00:00,data/raw\amazon\air_wick\search_q2_p1_20260924T050819Z.html
B07RYT1ZX7,Air Wick,Amazon India,"Airwick Freshmatic Automatic Room Freshener Refill, Turquoise Oasis - 250 ml (Pack of 2) | 2600 Sprays Guaranteed | Lasts up to 70 days","Airwick Freshmatic Automatic Room Freshener Refill, Turquoise Oasis - 250 ml (Pack of 2) | 2600 Sprays Guaranteed | Lasts up to 70 days",Automatic Spray & Refill,Automatic Refill / Device,830.0,830.0,0.0,calculated,4.6,4.0,Amazon India,Amazon India,,In Stock,2,250.0,ml,500.0,415.0,,166.0,https://www.amazon.in/dp/B07RYT1ZX7,2026-09-24T05:08:24.450032+00:00,data/raw\amazon\air_wick\search_q2_p1_20260924T050819Z.html
B07SJ63LZR,Air Wick,Amazon India,"Airwick Freshmatic Automatic Room Freshener Refill, Summer Delight & Rose and Saffron - 250 ml (Pack of 2) , 2600 Sprays Guaranteed , Lasts up to 70 days","Airwick Freshmatic Automatic Room Freshener Refill, Summer Delight & Rose and Saffron - 250 ml (Pack of 2) , 2600 Sprays Guaranteed , Lasts up to 70 days",Automatic Spray & Refill,Automatic Refill / Device,850.0,850.0,0.0,calculated,4.2,4.0,Amazon India,Amazon India,,In Stock,2,250.0,ml,500.0,425.0,,170.0,https://www.amazon.in/dp/B07SJ63LZR,2026-09-24T05:08:24.450032+00:00,data/raw\amazon\air_wick\search_q2_p1_20260924T050819Z.html
B073HC7WHV,Ambi Pur,Amazon India,Ambi Pur Air Freshener - Sweet Berries - 275ml Spray,Ambi Pur Air Freshener - Sweet Berries - 275ml Spray,Room Spray & Aerosol,Room Spray,229.0,83.27,,unavailable,4.2,4.0,Amazon India,Amazon India,,In Stock,1,275.0,ml,275.0,229.0,,83.27,https://www.amazon.in/dp/B073HC7WHV,2026-09-24T05:08:36.373843+00:00,data/raw\amazon\ambi_pur\search_q1_p1_20260924T050829Z.html
B0DGLVN4Z5,Ambi Pur,Amazon India,Ambi Pur Air Freshener – Linen & Sky - 275 ml,Ambi Pur Air Freshener – Linen & Sky - 275 ml,Room Spray & Aerosol,Room Spray,270.0,98.18,,unavailable,4.4,4.0,Amazon India,Amazon India,,In Stock,1,275.0,ml,275.0,270.0,,98.18,https://www.amazon.in/dp/B0DGLVN4Z5,2026-09-24T05:08:36.373843+00:00,data/raw\amazon\ambi_pur\search_q1_p1_20260924T050829Z.html
B0BF57NWZQ,Ambi Pur,Amazon India,"Ambipur Jasmine, Rose & Blossom, Lavender Spray (3 x 275 g)","Ambipur Jasmine, Rose & Blossom, Lavender Spray (3 x 275 g)",Room Spray & Aerosol,Room Spray,649.0,216.33,,unavailable,4.4,4.0,Amazon India,Amazon India,,In Stock,3,275.0,g,825.0,216.33,78.67,,https://www.amazon.in/dp/B0BF57NWZQ,2026-09-24T05:08:36.373843+00:00,data/raw\amazon\ambi_pur\search_q1_p1_20260924T050829Z.html
B01LYRAVWV,Ambi Pur,Amazon India,"Ambi Pur Air Freshener - Rose and Blossom, 275ml Bottle","Ambi Pur Air Freshener - Rose and Blossom, 275ml Bottle",Ambient Fragrance (General),Ambient Freshener,229.0,83.27,,unavailable,4.5,4.0,Amazon India,Amazon India,,In Stock,1,275.0,ml,275.0,229.0,,83.27,https://www.amazon.in/dp/B01LYRAVWV,2026-09-24T05:08:36.373843+00:00,data/raw\amazon\ambi_pur\search_q1_p1_20260924T050829Z.html
B01EFNB2YA,Ambi Pur,Amazon India,Ambi Pur Air Effect Sweet Berries Air Freshener - 275 g,Ambi Pur Air Effect Sweet Berries Air Freshener - 275 g,Ambient Fragrance (General),Ambient Freshener,259.0,94.18,,unavailable,4.3,4.0,Amazon India,Amazon India,,In Stock,1,275.0,g,275.0,259.0,94.18,,https://www.amazon.in/dp/B01EFNB2YA,2026-09-24T05:08:36.373843+00:00,data/raw\amazon\ambi_pur\search_q1_p1_20260924T050829Z.html
B0C8T2R7YD,Ambi Pur,Amazon India,"Ambi Pur Moodtherapy Collection Room Freshener Gel, Splash of Revival Lemongrass, 180 g | Air Fres","Ambi Pur Moodtherapy Collection Room Freshener Gel, Splash of Revival Lemongrass, 180 g | Air Fres",Freshener Gel & Pocket,Fragrance Gel,273.0,151.67,,unavailable,3.7,3.0,Amazon India,Amazon India,,In Stock,1,180.0,g,180.0,273.0,151.67,,https://www.amazon.in/dp/B0C8T2R7YD,2026-09-24T05:08:36.373843+00:00,data/raw\amazon\ambi_pur\search_q1_p1_20260924T050829Z.html
B0DB1T72VF,Ambi Pur,Amazon India,Ambipur Sandalwood SprayPack of 2 x 275g,Ambipur Sandalwood SprayPack of 2 x 275g,Room Spray & Aerosol,Room Spray,569.0,284.5,,unavailable,5.0,5.0,Amazon India,Amazon India,,In Stock,2,275.0,g,550.0,284.5,103.45,,https://www.amazon.in/dp/B0DB1T72VF,2026-09-24T05:08:36.373843+00:00,data/raw\amazon\ambi_pur\search_q1_p1_20260924T050829Z.html
B09382RXRX,Ambi Pur,Amazon India,Ambi Pur,Ambi Pur,Ambient Fragrance (General),Ambient Freshener,508.0,598.0,15.05,calculated,4.3,4.0,Amazon India,Amazon India,,In Stock,1,,,,508.0,,,https://www.amazon.in/dp/B09382RXRX,2026-09-24T05:08:36.373843+00:00,data/raw\amazon\ambi_pur\search_q1_p1_20260924T050829Z.html
B01MSTFU4Z,Ambi Pur,Amazon India,Ambi Pur Air Effect Air Freshener - Rose & Blossom 275 ml,Ambi Pur Air Effect Air Freshener - Rose & Blossom 275 ml,Ambient Fragrance (General),Ambient Freshener,259.0,94.18,,unavailable,1.0,1.0,Amazon India,Amazon India,,In Stock,1,275.0,ml,275.0,259.0,,94.18,https://www.amazon.in/dp/B01MSTFU4Z,2026-09-24T05:08:36.373843+00:00,data/raw\amazon\ambi_pur\search_q1_p1_20260924T050829Z.html
B0D8432SH9,Ambi Pur,Amazon India,Ambipur Spray Air Freshener Mystique 275 Ml.,Ambipur Spray Air Freshener Mystique 275 Ml.,Room Spray & Aerosol,Room Spray,999.0,363.27,,unavailable,,,,,,In Stock,1,275.0,ml,275.0,999.0,,363.27,https://www.amazon.in/dp/B0D8432SH9,2026-09-24T05:08:36.373843+00:00,data/raw\amazon\ambi_pur\search_q1_p1_20260924T050829Z.html
B0937XLXSJ,Ambi Pur,Amazon India,Ambi Pur,Ambi Pur,Ambient Fragrance (General),Ambient Freshener,548.0,598.0,8.36,calculated,3.9,3.0,Amazon India,Amazon India,,In Stock,1,,,,548.0,,,https://www.amazon.in/dp/B0937XLXSJ,2026-09-24T05:08:36.373843+00:00,data/raw\amazon\ambi_pur\search_q1_p1_20260924T050829Z.html
B0CRVSQBCJ,Ambi Pur,Amazon India,Ambi Pur,Ambi Pur,Ambient Fragrance (General),Ambient Freshener,529.0,598.0,11.54,calculated,3.3,3.0,Amazon India,Amazon India,,In Stock,1,,,,529.0,,,https://www.amazon.in/dp/B0CRVSQBCJ,2026-09-24T05:08:36.373843+00:00,data/raw\amazon\ambi_pur\search_q1_p1_20260924T050829Z.html
B09CZN1W77,Ambi Pur,Amazon India,Ambi Pur,Ambi Pur,Ambient Fragrance (General),Ambient Freshener,538.0,598.0,10.03,calculated,4.4,4.0,Amazon India,Amazon India,,In Stock,1,,,,538.0,,,https://www.amazon.in/dp/B09CZN1W77,2026-09-24T05:08:36.373843+00:00,data/raw\amazon\ambi_pur\search_q1_p1_20260924T050829Z.html
B0937XLXRV,Ambi Pur,Amazon India,Ambi Pur,Ambi Pur,Ambient Fragrance (General),Ambient Freshener,547.0,598.0,8.53,calculated,4.2,4.0,Amazon India,Amazon India,,In Stock,1,,,,547.0,,,https://www.amazon.in/dp/B0937XLXRV,2026-09-24T05:08:36.373843+00:00,data/raw\amazon\ambi_pur\search_q1_p1_20260924T050829Z.html
B01HTIM6QQ,Ambi Pur,Amazon India,"Ambi Pur Air Effect Sweet Berries Gel Air Freshener for Car (275 g, Set of 3)","Ambi Pur Air Effect Sweet Berries Gel Air Freshener for Car (275 g, Set of 3)",Freshener Gel & Pocket,Fragrance Gel,789.0,95.64,,unavailable,5.0,5.0,Amazon India,Amazon India,,In Stock,3,275.0,g,825.0,263.0,95.64,,https://www.amazon.in/dp/B01HTIM6QQ,2026-09-24T05:08:36.373843+00:00,data/raw\amazon\ambi_pur\search_q1_p1_20260924T050829Z.html
B07BRM6HP4,Ambi Pur,Amazon India,Ambi Pur Air Effects Exotic Jasmine (275 g),Ambi Pur Air Effects Exotic Jasmine (275 g),Room Spray & Aerosol,Room Spray,259.0,0.34,,unavailable,4.4,4.0,Amazon India,Amazon India,,In Stock,1,275.0,g,275.0,259.0,94.18,,https://www.amazon.in/dp/B07BRM6HP4,2026-09-24T05:08:36.373843+00:00,data/raw\amazon\ambi_pur\search_q1_p1_20260924T050829Z.html
B09CZLPWS7,Ambi Pur,Amazon India,Ambi Pur,Ambi Pur,Ambient Fragrance (General),Ambient Freshener,547.0,598.0,8.53,calculated,4.6,4.0,Amazon India,Amazon India,,In Stock,1,,,,547.0,,,https://www.amazon.in/dp/B09CZLPWS7,2026-09-24T05:08:36.373843+00:00,data/raw\amazon\ambi_pur\search_q1_p1_20260924T050829Z.html
B0937PJHFD,Ambi Pur,Amazon India,Ambi Pur,Ambi Pur,Ambient Fragrance (General),Ambient Freshener,499.0,598.0,16.56,calculated,4.1,4.0,Amazon India,Amazon India,,In Stock,1,,,,499.0,,,https://www.amazon.in/dp/B0937PJHFD,2026-09-24T05:08:36.373843+00:00,data/raw\amazon\ambi_pur\search_q1_p1_20260924T050829Z.html
B01HTIM422,Ambi Pur,Amazon India,"Ambi Pur Air Effect Lavender Bouquet Gel Air Freshener for Car (275 g, Set of 3)","Ambi Pur Air Effect Lavender Bouquet Gel Air Freshener for Car (275 g, Set of 3)",Freshener Gel & Pocket,Fragrance Gel,779.0,94.42,,unavailable,4.2,4.0,Amazon India,Amazon India,,In Stock,3,275.0,g,825.0,259.67,94.42,,https://www.amazon.in/dp/B01HTIM422,2026-09-24T05:08:36.373843+00:00,data/raw\amazon\ambi_pur\search_q1_p1_20260924T050829Z.html
B0BF574NV9,Ambi Pur,Amazon India,Ambipur Lavender Spray (3 x 275 g),Ambipur Lavender Spray (3 x 275 g),Room Spray & Aerosol,Room Spray,830.0,276.67,,unavailable,2.0,2.0,Amazon India,Amazon India,,In Stock,3,275.0,g,825.0,276.67,100.61,,https://www.amazon.in/dp/B0BF574NV9,2026-09-24T05:08:36.373843+00:00,data/raw\amazon\ambi_pur\search_q1_p1_20260924T050829Z.html
B0BF57H1X2,Ambi Pur,Amazon India,Ambipur lavender Spray (3 x 91.67 ml),Ambipur lavender Spray (3 x 91.67 ml),Room Spray & Aerosol,Room Spray,799.0,266.33,,unavailable,5.0,5.0,Amazon India,Amazon India,,In Stock,3,91.67,ml,275.01,266.33,,290.53,https://www.amazon.in/dp/B0BF57H1X2,2026-09-24T05:08:36.373843+00:00,data/raw\amazon\ambi_pur\search_q1_p1_20260924T050829Z.html
B09CZLND4Y,Ambi Pur,Amazon India,Ambi Pur,Ambi Pur,Ambient Fragrance (General),Ambient Freshener,539.0,598.0,9.87,calculated,4.2,4.0,Amazon India,Amazon India,,In Stock,1,,,,539.0,,,https://www.amazon.in/dp/B09CZLND4Y,2026-09-24T05:08:36.373843+00:00,data/raw\amazon\ambi_pur\search_q1_p1_20260924T050829Z.html
B0BF58FF99,Ambi Pur,Amazon India,Ambipur Jasmine Spray (3 x 275 g),Ambipur Jasmine Spray (3 x 275 g),Room Spray & Aerosol,Room Spray,795.0,265.0,,unavailable,,,,,,In Stock,3,275.0,g,825.0,265.0,96.36,,https://www.amazon.in/dp/B0BF58FF99,2026-09-24T05:08:36.373843+00:00,data/raw\amazon\ambi_pur\search_q1_p1_20260924T050829Z.html
B0BF593BGX,Ambi Pur,Amazon India,Ambipur ROMANTIC ROSE Diffuser (2 x 75 g),Ambipur ROMANTIC ROSE Diffuser (2 x 75 g),Reed Diffuser & Fragrance Oil,Diffuser / Aroma Oil,594.0,297.0,,unavailable,,,,,,In Stock,2,75.0,g,150.0,297.0,396.0,,https://www.amazon.in/dp/B0BF593BGX,2026-09-24T05:08:36.373843+00:00,data/raw\amazon\ambi_pur\search_q1_p1_20260924T050829Z.html
B0DB1V9KCF,Ambi Pur,Amazon India,Ambipur Sandalwood Spray(2 x 275g),Ambipur Sandalwood Spray(2 x 275g),Room Spray & Aerosol,Room Spray,575.0,287.5,,unavailable,,,,,,In Stock,2,275.0,g,550.0,287.5,104.55,,https://www.amazon.in/dp/B0DB1V9KCF,2026-09-24T05:08:36.373843+00:00,data/raw\amazon\ambi_pur\search_q1_p1_20260924T050829Z.html
B0DB1SZX2L,Ambi Pur,Amazon India,Ambipur rose Spray(2 x 275 ml),Ambipur rose Spray(2 x 275 ml),Room Spray & Aerosol,Room Spray,575.0,287.5,,unavailable,4.0,4.0,Amazon India,Amazon India,,In Stock,2,275.0,ml,550.0,287.5,,104.55,https://www.amazon.in/dp/B0DB1SZX2L,2026-09-24T05:08:36.373843+00:00,data/raw\amazon\ambi_pur\search_q1_p1_20260924T050829Z.html
B0BF58JCWZ,Ambi Pur,Amazon India,Ambipur RELAXING LAVENDER Diffuser (2 x 75 g) j,Ambipur RELAXING LAVENDER Diffuser (2 x 75 g) j,Reed Diffuser & Fragrance Oil,Diffuser / Aroma Oil,690.0,345.0,,unavailable,,,,,,In Stock,2,75.0,g,150.0,345.0,460.0,,https://www.amazon.in/dp/B0BF58JCWZ,2026-09-24T05:08:36.373843+00:00,data/raw\amazon\ambi_pur\search_q1_p1_20260924T050829Z.html
B09RYPZPRH,Ambi Pur,Amazon India,"Ambi Pur Car Air Freshner - Lavender,15 Ml (7.5 Ml + 7.5 Ml Pack) With Diffuser & Lavender Spa,Refill,7. 5 Ml,Liquid","Ambi Pur Car Air Freshner - Lavender,15 Ml (7.5 Ml + 7.5 Ml Pack) With Diffuser & Lavender Spa,Refill,7. 5 Ml,Liquid",Automatic Spray & Refill,Automatic Refill / Device,538.0,269.0,,unavailable,3.8,3.0,Amazon India,Amazon India,,In Stock,1,15.0,ml,15.0,538.0,,3586.67,https://www.amazon.in/dp/B09RYPZPRH,2026-09-24T05:08:36.373843+00:00,data/raw\amazon\ambi_pur\search_q1_p1_20260924T050829Z.html
B0BF59P8RM,Ambi Pur,Amazon India,Ambipur relaxing lavender Refill (2 x 75 g) b,Ambipur relaxing lavender Refill (2 x 75 g) b,Automatic Spray & Refill,Automatic Refill / Device,499.0,249.5,,unavailable,,,,,,In Stock,2,75.0,g,150.0,249.5,332.67,,https://www.amazon.in/dp/B0BF59P8RM,2026-09-24T05:08:36.373843+00:00,data/raw\amazon\ambi_pur\search_q1_p1_20260924T050829Z.html
B0BF587SLK,Ambi Pur,Amazon India,Ambipur relaxing lavender Refill (2 x 75 g) r,Ambipur relaxing lavender Refill (2 x 75 g) r,Automatic Spray & Refill,Automatic Refill / Device,495.0,247.5,,unavailable,5.0,5.0,Amazon India,Amazon India,,In Stock,2,75.0,g,150.0,247.5,330.0,,https://www.amazon.in/dp/B0BF587SLK,2026-09-24T05:08:36.373843+00:00,data/raw\amazon\ambi_pur\search_q1_p1_20260924T050829Z.html
B0BF554B3L,Ambi Pur,Amazon India,Ambipur ROMANTIC ROSE Refill (75 g),Ambipur ROMANTIC ROSE Refill (75 g),Automatic Spray & Refill,Automatic Refill / Device,252.0,336.0,25.0,calculated,4.1,4.0,Amazon India,Amazon India,,In Stock,1,75.0,g,75.0,252.0,336.0,,https://www.amazon.in/dp/B0BF554B3L,2026-09-24T05:08:36.373843+00:00,data/raw\amazon\ambi_pur\search_q1_p1_20260924T050829Z.html
