source,brand_query,source_url,product_url,product_id,asin,sku,product_name,brand,category_raw,subcategory_raw,product_type_raw,tags_raw,price_raw,mrp_raw,discount_raw,pack_size_raw,rating_raw,review_count_raw,availability_raw,seller_raw,description_raw,scraped_at,raw_source_reference,raw_page_reference,rejection_reason,review_source,rating_source
AromaPure Official,AromaPure,https://aromahpure.com/products.json,https://aromahpure.com/products/🎁-room-linen-spray-pillow-bedding-and-fabric-freshener-summer-refresh-100-ml-1,10371884155162_52733075718426,,LINEN_SPRAY_SUMMER_REFRESH_100ML,"🎁 Room & Linen Spray - Pillow, bedding and fabric freshener | Summer Refresh | 100 ml - 1",Aromahpure,,,,['kwikcart-freebie'],0.00,499.00,,Default Title,,,Out of Stock,,,2026-09-24T05:03:54.351883+00:00,data/raw\aromapure\products_20260924T050352Z.json,data/raw\aromapure\product_pages\10371884155162_52733075718426.html,invalid_or_zero_price,,
AromaPure Official,AromaPure,https://aromahpure.com/products.json,https://aromahpure.com/products/🎁-room-linen-spray-pillow-bedding-and-fabric-freshener-magic-musk-100-ml-1,10371884122394_52733075685658,,LINEN_SPRAY_MAGIC_MUSK_100ML,"🎁 Room & Linen Spray - Pillow, bedding and fabric freshener | Magic Musk | 100 ml - 1",Aromahpure,,,,['kwikcart-freebie'],0.00,499.00,,Default Title,,,In Stock,,,2026-09-24T05:03:54.351883+00:00,data/raw\aromapure\products_20260924T050352Z.json,data/raw\aromapure\product_pages\10371884122394_52733075685658.html,invalid_or_zero_price,,
AromaPure Official,AromaPure,https://aromahpure.com/products.json,https://aromahpure.com/products/🎁-room-linen-spray-pillow-bedding-and-fabric-freshener-garden-bouquet-100-ml-1,10371884089626_52733075652890,,LINEN_SPRAY_GARDEN_BOUQUET_100ML,"🎁 Room & Linen Spray - Pillow, bedding and fabric freshener | Garden Bouquet | 100 ml - 1",Aromahpure,,,,['kwikcart-freebie'],0.00,499.00,,Default Title,,,In Stock,,,2026-09-24T05:03:54.351883+00:00,data/raw\aromapure\products_20260924T050352Z.json,data/raw\aromapure\product_pages\10371884089626_52733075652890.html,invalid_or_zero_price,,
AromaPure Official,AromaPure,https://aromahpure.com/products.json,https://aromahpure.com/products/🎁-room-linen-spray-pillow-bedding-and-fabric-freshener-clear-cotton-100-ml-1,10371884056858_52733074145562,,LINEN_SPRAY_CLEAR_COTTON_100ML,"🎁 Room & Linen Spray - Pillow, bedding and fabric freshener | Clear Cotton | 100 ml - 1",Aromahpure,,,,['kwikcart-freebie'],0.00,499.00,,Default Title,,,Out of Stock,,,2026-09-24T05:03:54.351883+00:00,data/raw\aromapure\products_20260924T050352Z.json,data/raw\aromapure\product_pages\10371884056858_52733074145562.html,invalid_or_zero_price,,
AromaPure Official,AromaPure,https://aromahpure.com/products.json,https://aromahpure.com/products/bunny-car-air-freshener-musk,8958109253914_47825203429658,,BUNNY_FRESHENER_MUSK_1,Hunny Bunny Luxury Car Perfume for Dashboard | Musk Fragrance | Long-Lasting Car Air Freshener with Two Refill Cube | Infused with Pure Oils | Lasts Up to 30 Days - 1,Aromahpure,,,,"['Air Fresheners', 'Artistic', 'Bunny Car Air Freshener', 'Car Perfume', 'Hanging', 'Pack Of 1']",399.00,599.00,,1,,,In Stock,,"<p data-mce-fragment=""1""><span style=""font-weight: 400;"" data-mce-fragment=""1"" data-mce-style=""font-weight: 400;"">Fall under the spell of Chocomusk fragrance, a harmonious blend of chocolate richness and captivating musk. Aromahpure presents Hunny Bunny car dashboard perfume, which adds a dash of cuteness to your car with its compact, bunny-shaped design. Crafted with natural ingredients and enhanced with essential oils for a more tranquil drive. The Hunny Bunny dashboard car perfumes offer enduring freshness and can be effortlessly secured to the dashboard using the double-sided tape included in the package, ensuring a serene atmosphere.</span></p>",2026-09-24T05:03:54.351883+00:00,data/raw\aromapure\products_20260924T050352Z.json,data/raw\aromapure\product_pages\8958109253914_47825203429658.html,out_of_scope_car_only,,
AromaPure Official,AromaPure,https://aromahpure.com/products.json,https://aromahpure.com/products/bunny-car-air-freshener-musk,8958109253914_47825203462426,,BUNNY_FRESHENER_MUSK_2,Hunny Bunny Luxury Car Perfume for Dashboard | Musk Fragrance | Long-Lasting Car Air Freshener with Two Refill Cube | Infused with Pure Oils | Lasts Up to 30 Days - 2,Aromahpure,,,,"['Air Fresheners', 'Artistic', 'Bunny Car Air Freshener', 'Car Perfume', 'Hanging', 'Pack Of 1']",758.00,1198.00,,2,,,In Stock,,"<p data-mce-fragment=""1""><span style=""font-weight: 400;"" data-mce-fragment=""1"" data-mce-style=""font-weight: 400;"">Fall under the spell of Chocomusk fragrance, a harmonious blend of chocolate richness and captivating musk. Aromahpure presents Hunny Bunny car dashboard perfume, which adds a dash of cuteness to your car with its compact, bunny-shaped design. Crafted with natural ingredients and enhanced with essential oils for a more tranquil drive. The Hunny Bunny dashboard car perfumes offer enduring freshness and can be effortlessly secured to the dashboard using the double-sided tape included in the package, ensuring a serene atmosphere.</span></p>",2026-09-24T05:03:54.351883+00:00,data/raw\aromapure\products_20260924T050352Z.json,data/raw\aromapure\product_pages\8958109253914_47825203429658.html,out_of_scope_car_only,,
AromaPure Official,AromaPure,https://aromahpure.com/products.json,https://aromahpure.com/products/bunny-car-air-freshener-musk,8958109253914_47825203495194,,BUNNY_FRESHENER_MUSK_3,Hunny Bunny Luxury Car Perfume for Dashboard | Musk Fragrance | Long-Lasting Car Air Freshener with Two Refill Cube | Infused with Pure Oils | Lasts Up to 30 Days - 3,Aromahpure,,,,"['Air Fresheners', 'Artistic', 'Bunny Car Air Freshener', 'Car Perfume', 'Hanging', 'Pack Of 1']",1080.00,1797.00,,3,,,In Stock,,"<p data-mce-fragment=""1""><span style=""font-weight: 400;"" data-mce-fragment=""1"" data-mce-style=""font-weight: 400;"">Fall under the spell of Chocomusk fragrance, a harmonious blend of chocolate richness and captivating musk. Aromahpure presents Hunny Bunny car dashboard perfume, which adds a dash of cuteness to your car with its compact, bunny-shaped design. Crafted with natural ingredients and enhanced with essential oils for a more tranquil drive. The Hunny Bunny dashboard car perfumes offer enduring freshness and can be effortlessly secured to the dashboard using the double-sided tape included in the package, ensuring a serene atmosphere.</span></p>",2026-09-24T05:03:54.351883+00:00,data/raw\aromapure\products_20260924T050352Z.json,data/raw\aromapure\product_pages\8958109253914_47825203429658.html,out_of_scope_car_only,,
AromaPure Official,AromaPure,https://aromahpure.com/products.json,https://aromahpure.com/products/bunny-car-air-freshener-lavender,8958105682202_47825190748442,,BUNNY_FRESHENER_LAVENDER_1,Hunny Bunny Luxury Car Perfume for Dashboard | Lavender Fragrance | Long-Lasting Car Air Freshener with Two Refill Cube | Infused with Pure Oils | Lasts Up to 30 Days - 1,Aromahpure,,,,"['Air Fresheners', 'Artistic', 'Bunny Car Air Freshener', 'Car Perfume', 'Hanging', 'Pack Of 1']",399.00,599.00,,1,,,In Stock,,"<p data-mce-fragment=""1""><span style=""font-weight: 400;"" data-mce-fragment=""1"" data-mce-style=""font-weight: 400;"">Experience the serene and revitalizing fragrance of lavender, an essential summer indulgence celebrated for its intoxicating, floral scent. Aromahpure presents Hunny Bunny car dashboard perfume, which adds a dash of cuteness to your car with its compact, bunny-shaped design. Crafted with natural ingredients and enhanced with essential oils for a more tranquil drive. The Hunny Bunny dashboard car perfumes offer enduring freshness and can be effortlessly secured to the dashboard using the double-sided tape included in the package, ensuring a serene atmosphere.</span></p>",2026-09-24T05:03:54.351883+00:00,data/raw\aromapure\products_20260924T050352Z.json,data/raw\aromapure\product_pages\8958105682202_47825190748442.html,out_of_scope_car_only,,
AromaPure Official,AromaPure,https://aromahpure.com/products.json,https://aromahpure.com/products/bunny-car-air-freshener-lavender,8958105682202_47825190781210,,BUNNY_FRESHENER_LAVENDER_2,Hunny Bunny Luxury Car Perfume for Dashboard | Lavender Fragrance | Long-Lasting Car Air Freshener with Two Refill Cube | Infused with Pure Oils | Lasts Up to 30 Days - 2,Aromahpure,,,,"['Air Fresheners', 'Artistic', 'Bunny Car Air Freshener', 'Car Perfume', 'Hanging', 'Pack Of 1']",758.00,1198.00,,2,,,In Stock,,"<p data-mce-fragment=""1""><span style=""font-weight: 400;"" data-mce-fragment=""1"" data-mce-style=""font-weight: 400;"">Experience the serene and revitalizing fragrance of lavender, an essential summer indulgence celebrated for its intoxicating, floral scent. Aromahpure presents Hunny Bunny car dashboard perfume, which adds a dash of cuteness to your car with its compact, bunny-shaped design. Crafted with natural ingredients and enhanced with essential oils for a more tranquil drive. The Hunny Bunny dashboard car perfumes offer enduring freshness and can be effortlessly secured to the dashboard using the double-sided tape included in the package, ensuring a serene atmosphere.</span></p>",2026-09-24T05:03:54.351883+00:00,data/raw\aromapure\products_20260924T050352Z.json,data/raw\aromapure\product_pages\8958105682202_47825190748442.html,out_of_scope_car_only,,
AromaPure Official,AromaPure,https://aromahpure.com/products.json,https://aromahpure.com/products/bunny-car-air-freshener-lavender,8958105682202_47825190813978,,BUNNY_FRESHENER_LAVENDER_3,Hunny Bunny Luxury Car Perfume for Dashboard | Lavender Fragrance | Long-Lasting Car Air Freshener with Two Refill Cube | Infused with Pure Oils | Lasts Up to 30 Days - 3,Aromahpure,,,,"['Air Fresheners', 'Artistic', 'Bunny Car Air Freshener', 'Car Perfume', 'Hanging', 'Pack Of 1']",1080.00,1797.00,,3,,,In Stock,,"<p data-mce-fragment=""1""><span style=""font-weight: 400;"" data-mce-fragment=""1"" data-mce-style=""font-weight: 400;"">Experience the serene and revitalizing fragrance of lavender, an essential summer indulgence celebrated for its intoxicating, floral scent. Aromahpure presents Hunny Bunny car dashboard perfume, which adds a dash of cuteness to your car with its compact, bunny-shaped design. Crafted with natural ingredients and enhanced with essential oils for a more tranquil drive. The Hunny Bunny dashboard car perfumes offer enduring freshness and can be effortlessly secured to the dashboard using the double-sided tape included in the package, ensuring a serene atmosphere.</span></p>",2026-09-24T05:03:54.351883+00:00,data/raw\aromapure\products_20260924T050352Z.json,data/raw\aromapure\product_pages\8958105682202_47825190748442.html,out_of_scope_car_only,,
AromaPure Official,AromaPure,https://aromahpure.com/products.json,https://aromahpure.com/products/bunny-car-air-freshener-cool,8958098440474_47825159815450,,BUNNY_FRESHENER_COOL_1,Hunny Bunny Luxury Car Perfume for Dashboard | Aqua Fragrance | Long-Lasting Car Air Freshener with Two Refill Cube | Infused with Pure Oils | Lasts Up to 30 Days - 1,Aromahpure,,,,"['Air Fresheners', 'Artistic', 'Bunny Car Air Freshener', 'Car Perfume', 'Hanging', 'Pack Of 1']",325.00,599.00,,1,,1,In Stock,,"<p data-mce-fragment=""1""><span style=""font-weight: 400;"" data-mce-fragment=""1"">Experience the captivating aroma of the sea with our Cool fragrance, enriched with the essence of ocean breezes. Aromahpure presents Hunny Bunny car dashboard perfume, which adds a dash of cuteness to your car with its compact, bunny-shaped design. Crafted with natural ingredients and enhanced with essential oils for a more tranquil drive. The Hunny Bunny dashboard car perfumes offer enduring freshness and can be effortlessly secured to the dashboard using the double-sided tape included in the package, ensuring a serene atmosphere.</span></p>",2026-09-24T05:03:54.351883+00:00,data/raw\aromapure\products_20260924T050352Z.json,data/raw\aromapure\product_pages\8958098440474_47825159815450.html,out_of_scope_car_only,AromaPure Official,
AromaPure Official,AromaPure,https://aromahpure.com/products.json,https://aromahpure.com/products/bunny-car-air-freshener-cool,8958098440474_47825159880986,,BUNNY_FRESHENER_COOL_2,Hunny Bunny Luxury Car Perfume for Dashboard | Aqua Fragrance | Long-Lasting Car Air Freshener with Two Refill Cube | Infused with Pure Oils | Lasts Up to 30 Days - 2,Aromahpure,,,,"['Air Fresheners', 'Artistic', 'Bunny Car Air Freshener', 'Car Perfume', 'Hanging', 'Pack Of 1']",619.00,1198.00,,2,,1,Out of Stock,,"<p data-mce-fragment=""1""><span style=""font-weight: 400;"" data-mce-fragment=""1"">Experience the captivating aroma of the sea with our Cool fragrance, enriched with the essence of ocean breezes. Aromahpure presents Hunny Bunny car dashboard perfume, which adds a dash of cuteness to your car with its compact, bunny-shaped design. Crafted with natural ingredients and enhanced with essential oils for a more tranquil drive. The Hunny Bunny dashboard car perfumes offer enduring freshness and can be effortlessly secured to the dashboard using the double-sided tape included in the package, ensuring a serene atmosphere.</span></p>",2026-09-24T05:03:54.351883+00:00,data/raw\aromapure\products_20260924T050352Z.json,data/raw\aromapure\product_pages\8958098440474_47825159815450.html,out_of_scope_car_only,AromaPure Official,
AromaPure Official,AromaPure,https://aromahpure.com/products.json,https://aromahpure.com/products/bunny-car-air-freshener-cool,8958098440474_47825159913754,,BUNNY_FRESHENER_COOL_3,Hunny Bunny Luxury Car Perfume for Dashboard | Aqua Fragrance | Long-Lasting Car Air Freshener with Two Refill Cube | Infused with Pure Oils | Lasts Up to 30 Days - 3,Aromahpure,,,,"['Air Fresheners', 'Artistic', 'Bunny Car Air Freshener', 'Car Perfume', 'Hanging', 'Pack Of 1']",879.00,1797.00,,3,,1,Out of Stock,,"<p data-mce-fragment=""1""><span style=""font-weight: 400;"" data-mce-fragment=""1"">Experience the captivating aroma of the sea with our Cool fragrance, enriched with the essence of ocean breezes. Aromahpure presents Hunny Bunny car dashboard perfume, which adds a dash of cuteness to your car with its compact, bunny-shaped design. Crafted with natural ingredients and enhanced with essential oils for a more tranquil drive. The Hunny Bunny dashboard car perfumes offer enduring freshness and can be effortlessly secured to the dashboard using the double-sided tape included in the package, ensuring a serene atmosphere.</span></p>",2026-09-24T05:03:54.351883+00:00,data/raw\aromapure\products_20260924T050352Z.json,data/raw\aromapure\product_pages\8958098440474_47825159815450.html,out_of_scope_car_only,AromaPure Official,
AromaPure Official,AromaPure,https://aromahpure.com/products.json,https://aromahpure.com/products/aromahpure-gel-wink-hanging-car-perfume-lavender-dream-pack-of-1,10063061877018_51409535041818,,GEL_WINK_LAVENDER_DREAM_HANGING_PERFUME_1,Aromahpure Gel Wink Hanging Car Perfume - Lavender Dream (Pack of 1),Aromahpure,,,,[],99.00,100.00,,Default Title,,,In Stock,,,2026-09-24T05:03:54.351883+00:00,data/raw\aromapure\products_20260924T050352Z.json,data/raw\aromapure\product_pages\10063061877018_51409535041818.html,out_of_scope_car_only,,
AromaPure Official,AromaPure,https://aromahpure.com/products.json,https://aromahpure.com/products/aromahpure-gel-wink-hanging-car-perfume-ocean-mist-pack-of-1,10063060435226_51409449877786,,GEL_WINK_OCEAN_MIST_HANGING_PERFUME_1,Aromahpure Gel Wink Hanging Car Perfume - Ocean Mist (Pack of 1),Aromahpure,,,,[],99.00,100.00,,Default Title,,,Out of Stock,,,2026-09-24T05:03:54.351883+00:00,data/raw\aromapure\products_20260924T050352Z.json,data/raw\aromapure\product_pages\10063060435226_51409449877786.html,out_of_scope_car_only,,
AromaPure Official,AromaPure,https://aromahpure.com/products.json,https://aromahpure.com/products/aromahpure-gel-wink-hanging-car-perfume-sandalwood-pack-of-1,10063060074778_51409449156890,,GEL_WINK_SACRED_SANDAL_HANGING_PERFUME_1,Aromahpure Gel Wink Hanging Car Perfume - Sandalwood (Pack of 1),Aromahpure,,,,[],99.00,100.00,,Default Title,,,Out of Stock,,,2026-09-24T05:03:54.351883+00:00,data/raw\aromapure\products_20260924T050352Z.json,data/raw\aromapure\product_pages\10063060074778_51409449156890.html,out_of_scope_car_only,,
AromaPure Official,AromaPure,https://aromahpure.com/products.json,https://aromahpure.com/products/long-hanging-pod-car-perfume-gift-box,10050102722842_51331032776986,,Hanging_Pod_Gift_Box,Aromahpure Long Hanging Pod Car Perfume Gift Box (Pack of 3 Fragrances),Aromahpure,,,,['gift box'],999.00,1797.00,,Default Title,,,In Stock,,"<ul>
<li><span style=""font-size: 12.0pt; line-height: 115%; font-family: 'Calibri',sans-serif; mso-ascii-theme-font: minor-latin; mso-fareast-font-family: Calibri; mso-fareast-theme-font: minor-latin; mso-hansi-theme-font: minor-latin; mso-bidi-font-family: 'Times New Roman'; mso-bidi-theme-font: minor-bidi; mso-ansi-language: EN-IN; mso-fareast-language: EN-US; mso-bidi-language: AR-SA;"">What’s in the Box</span></li>
</ul>
<p><span style=""font-size: 12.0pt; line-height: 115%; font-family: 'Calibri',sans-serif; mso-ascii-theme-font: minor-latin; mso-fareast-font-family: Calibri; mso-fareast-theme-font: minor-latin; mso-hansi-theme-font: minor-latin; mso-bidi-font-family: 'Times New Roman'; mso-bidi-theme-font: minor-bidi; mso-ansi-language: EN-IN; mso-fareast-language: EN-US; mso-bidi-language: AR-SA;"">The set includes three long-hanging pod car perfumes in the fragrances Moonlit Musk, Purple Haze, and Black Ice, each meticulously crafted to provide a refined fragrance experience.</span></p>
<ul>
<li><span style=""font-size: 12.0pt; line-height: 115%; font-family: 'Calibri',sans-serif; mso-ascii-theme-font: minor-latin; mso-fareast-font-family: Calibri; mso-fareast-theme-font: minor-latin; mso-hansi-theme-font: minor-latin; mso-bidi-font-family: 'Times New Roman'; mso-bidi-theme-font: minor-bidi; mso-ansi-language: EN-IN; mso-fareast-language: EN-US; mso-bidi-language: AR-SA;"">Perfect for Gifting</span></li>
</ul>
<p><span style=""font-size: 12.0pt; line-height: 115%; font-family: 'Calibri',sans-serif; mso-ascii-theme-font: minor-latin; mso-fareast-font-family: Calibri; mso-fareast-theme-font: minor-latin; mso-hansi-theme-font: minor-latin; mso-bidi-font-family: 'Times New Roman'; mso-bidi-theme-font: minor-bidi; mso-ansi-language: EN-IN; mso-fareast-language: EN-US; mso-bidi-language: AR-SA;"">This gift set comes in a beautifully designed box with elegant colors and a sophisticated presentation, making it perfect gifting for all special moments and occasions. It is a practical yet stylish gift that your loved one will genuinely enjoy. Every time they drive, the captivating aromas serve as a pleasant reminder of your thoughtful gesture, making this gift truly memorable.</span></p>
<ul>
<li><span style=""font-size: 12.0pt; line-height: 115%; font-family: 'Calibri',sans-serif; mso-ascii-theme-font: minor-latin; mso-fareast-font-family: Calibri; mso-fareast-theme-font: minor-latin; mso-hansi-theme-font: minor-latin; mso-bidi-font-family: 'Times New Roman'; mso-bidi-theme-font: minor-bidi; mso-ansi-language: EN-IN; mso-fareast-language: EN-US; mso-bidi-language: AR-SA;"">Easy to Use</span></li>
</ul>
<p><span style=""font-size: 12.0pt; line-height: 115%; font-family: 'Calibri',sans-serif; mso-ascii-theme-font: minor-latin; mso-fareast-font-family: Calibri; mso-fareast-theme-font: minor-latin; mso-hansi-theme-font: minor-latin; mso-bidi-font-family: 'Times New Roman'; mso-bidi-theme-font: minor-bidi; mso-ansi-language: EN-IN; mso-fareast-language: EN-US; mso-bidi-language: AR-SA;"">Using your hanging pod is simple and hassle-free. Just unscrew the wooden lid and remove the plastic cap, then screw the lid back on. Turn the pod upside down for 20–25 seconds until it soaks in the fragrance oil, and then hang it on your car’s rear-view mirror using the provided thread.</span></p>
<ul>
<li><span style=""font-size: 12.0pt; line-height: 115%; font-family: 'Calibri',sans-serif; mso-ascii-theme-font: minor-latin; mso-fareast-font-family: Calibri; mso-fareast-theme-font: minor-latin; mso-hansi-theme-font: minor-latin; mso-bidi-font-family: 'Times New Roman'; mso-bidi-theme-font: minor-bidi; mso-ansi-language: EN-IN; mso-fareast-language: EN-US; mso-bidi-language: AR-SA;"">Set of 3 Fragrances</span></li>
</ul>
<p><span style=""font-size: 12.0pt; line-height: 115%; font-family: 'Calibri',sans-serif; mso-ascii-theme-font: minor-latin; mso-fareast-font-family: Calibri; mso-fareast-theme-font: minor-latin; mso-hansi-theme-font: minor-latin; mso-bidi-font-family: 'Times New Roman'; mso-bidi-theme-font: minor-bidi; mso-ansi-language: EN-IN; mso-fareast-language: EN-US; mso-bidi-language: AR-SA;"">Each fragrance in this gift set is thoughtfully crafted to suit your mood and personal preference. Moonlit Musk brings a warm, comforting aroma, perfect for cozy evening drives or quiet solo journeys. Black Ice delivers a crisp, energizing citrus scent, ideal for refreshing mornings and long open-road trips. Purple Haze offers calming lavender notes to soothe the mind during traffic or hectic commutes.</span></p>
<ul>
<li><span style=""font-size: 12.0pt; line-height: 115%; font-family: 'Calibri',sans-serif; mso-ascii-theme-font: minor-latin; mso-fareast-font-family: Calibri; mso-fareast-theme-font: minor-latin; mso-hansi-theme-font: minor-latin; mso-bidi-font-family: 'Times New Roman'; mso-bidi-theme-font: minor-bidi; mso-ansi-language: EN-IN; mso-fareast-language: EN-US; mso-bidi-language: AR-SA;"">Long-Lasting Freshness</span></li>
</ul>
<p><span style=""font-size: 12.0pt; line-height: 115%; font-family: 'Calibri',sans-serif; mso-ascii-theme-font: minor-latin; mso-fareast-font-family: Calibri; mso-fareast-theme-font: minor-latin; mso-hansi-theme-font: minor-latin; mso-bidi-font-family: 'Times New Roman'; mso-bidi-theme-font: minor-bidi; mso-ansi-language: EN-IN; mso-fareast-language: EN-US; mso-bidi-language: AR-SA;"">Each hanging pod lasts up to 30 days, meaning this set of three provides a total of 90 days of captivating fragrance.</span><span style=""font-size: 12.0pt; line-height: 115%; font-family: 'Calibri',sans-serif; mso-ascii-theme-font: minor-latin; mso-fareast-font-family: Calibri; mso-fareast-theme-font: minor-latin; mso-hansi-theme-font: minor-latin; mso-bidi-font-family: 'Times New Roman'; mso-bidi-theme-font: minor-bidi; mso-ansi-language: EN-IN; mso-fareast-language: EN-US; mso-bidi-language: AR-SA;""></span></p>
<ul>
<li><span style=""font-size: 12.0pt; line-height: 115%; font-family: 'Calibri',sans-serif; mso-ascii-theme-font: minor-latin; mso-fareast-font-family: Calibri; mso-fareast-theme-font: minor-latin; mso-hansi-theme-font: minor-latin; mso-bidi-font-family: 'Times New Roman'; mso-bidi-theme-font: minor-bidi; mso-ansi-language: EN-IN; mso-fareast-language: EN-US; mso-bidi-language: AR-SA;"">IFRA-Compliant Fragrances</span></li>
</ul>
<p><span style=""font-size: 12.0pt; line-height: 115%; font-family: 'Calibri',sans-serif; mso-ascii-theme-font: minor-latin; mso-fareast-font-family: Calibri; mso-fareast-theme-font: minor-latin; mso-hansi-theme-font: minor-latin; mso-bidi-font-family: 'Times New Roman'; mso-bidi-theme-font: minor-bidi; mso-ansi-language: EN-IN; mso-fareast-language: EN-US; mso-bidi-language: AR-SA;""><br>All Aromahpure fragrances are formulated in accordance with IFRA international safety standards, ensuring they are safe and free from harsh chemicals.</span><span style=""font-size: 12.0pt; line-height: 115%; font-family: 'Calibri',sans-serif; mso-ascii-theme-font: minor-latin; mso-fareast-font-family: Calibri; mso-fareast-theme-font: minor-latin; mso-hansi-theme-font: minor-latin; mso-bidi-font-family: 'Times New Roman'; mso-bidi-theme-font: minor-bidi; mso-ansi-language: EN-IN; mso-fareast-language: EN-US; mso-bidi-language: AR-SA;""><br style=""mso-special-character: line-break;""></span></p>",2026-09-24T05:03:54.351883+00:00,data/raw\aromapure\products_20260924T050352Z.json,data/raw\aromapure\product_pages\10050102722842_51331032776986.html,out_of_scope_car_only,,
AromaPure Official,AromaPure,https://aromahpure.com/products.json,https://aromahpure.com/products/gel-wink-hanging-car-perfume-combo-of-12-fragrances-long-lasting-gel-based-car-air-freshener,10014939087130_51172025794842,,GEL_WINK_COMBO_12,Gel Wink Hanging Car Perfume | Combo of 12 Fragrances | Long Lasting Gel Based Car Air Freshener,Aromahpure,,,,['gel wink'],799.00,2388.00,,Default Title,,243,In Stock,,"<p> •     Curated Combo of 12 Gel Wink </p>
<p>This set includes Gel Wink in six fragrances, which are Lavender Dream, Lemon Zest, Berry Blossom, Sandalwood Spice, Ocean Mist, and Musk Essence. Each fragrance is designed to elevate your everyday moments with a unique sensory experience.</p>
<p>•    Advanced Gel-Based Formula</p>
<p>The Gel Wink is powered by advanced gel technology that releases a consistent, captivating aroma over time without overwhelming the senses.</p>
<p>•    IFRA Compliant Fragrance </p>
<p>Formulated in accordance with IFRA guidelines, every variant is tested for safety and quality, offering peace of mind along with long-lasting, enjoyable fragrance.</p>
<p>•    Long-Lasting Freshness</p>
<p>Each Gel Wink provides up to 30 days of consistent freshness, reducing the need for frequent replacements.</p>
<p>•    Powerful Odor Neutralization</p>
<p>Formulated to combat common odors such as smoke, food, and pet smells, leaving your car clean, fresh, and inviting.<br></p>",2026-09-24T05:03:54.351883+00:00,data/raw\aromapure\products_20260924T050352Z.json,data/raw\aromapure\product_pages\10014939087130_51172025794842.html,out_of_scope_car_only,AromaPure Official,
AromaPure Official,AromaPure,https://aromahpure.com/products.json,https://aromahpure.com/products/lemon-car-perfume-spray-with-hanging-card-100ml,10013430350106_51162153124122,,MIST_LEMON_CARD_100_ML,Premium Car Spray with Hanging Card - Car perfume spray | Lemon | 100 ml,Aromahpure,,,,"['Car Perfume', 'Hanging Card with Spray']",275.00,499.00,,Default Title,,,In Stock,,"<p>Letting bad smells linger in your car is an opportunity 'mist'.</p><p>Nomatter where your car's GPS is set to, Aromahpure Premium Car Spray with Hanging Card is set to take you to your happy place. Keep your car smelling like it's cared for with a flexibility to set your preferred fragrance intensity; 3-4 sprays for a light, subtle aroma, 5-7 sprays for a balanced medium scent, and 8-10 sprays for a strong fragrance. This car perfume comes in a compact and travel-friendly 100 ml bottle that gives you 800+ sprays and 0 regrets.</p>",2026-09-24T05:03:54.351883+00:00,data/raw\aromapure\products_20260924T050352Z.json,data/raw\aromapure\product_pages\10013430350106_51162153124122.html,out_of_scope_car_only,,
AromaPure Official,AromaPure,https://aromahpure.com/products.json,https://aromahpure.com/products/musk-car-perfume-spray-with-hanging-card-100ml,10013430776090_51162154565914,,MIST_CARD_MUSK_100ML,Premium Car Spray with Hanging Card - Car perfume spray | Musk | 100 ml,Aromahpure,,,,"['Hanging Card with Spray', 'offer new']",275.00,499.00,,Default Title,,,In Stock,,"<p>Letting bad smells linger in your car is an opportunity 'mist'.</p><p>Nomatter where your car's GPS is set to, Aromahpure Premium Car Spray with Hanging Card is set to take you to your happy place. Keep your car smelling like it's cared for with a flexibility to set your preferred fragrance intensity; 3-4 sprays for a light, subtle aroma, 5-7 sprays for a balanced medium scent, and 8-10 sprays for a strong fragrance. This car perfume comes in a compact and travel-friendly 100 ml bottle that gives you 800+ sprays and 0 regrets.</p>",2026-09-24T05:03:54.351883+00:00,data/raw\aromapure\products_20260924T050352Z.json,data/raw\aromapure\product_pages\10013430776090_51162154565914.html,out_of_scope_car_only,,
AromaPure Official,AromaPure,https://aromahpure.com/products.json,https://aromahpure.com/products/lavender-car-perfume-spray-100ml,10013420683546_51162110198042,,MIST_CARD_LAVENDER_100ML,Premium Car Spray with Hanging Card - Car perfume spray | Lavender | 100 ml,Aromahpure,,,,"['Car Perfume', 'Hanging Card with Spray', 'offer new']",275.00,499.00,,Default Title,,,In Stock,,"<p>Letting bad smells linger in your car is an opportunity 'mist'.</p><p>Nomatter where your car's GPS is set to, Aromahpure Premium Car Spray with Hanging Card is set to take you to your happy place. Keep your car smelling like it's cared for with a flexibility to set your preferred fragrance intensity; 3-4 sprays for a light, subtle aroma, 5-7 sprays for a balanced medium scent, and 8-10 sprays for a strong fragrance. This car perfume comes in a compact and travel-friendly 100 ml bottle that gives you 800+ sprays and 0 regrets.</p>",2026-09-24T05:03:54.351883+00:00,data/raw\aromapure\products_20260924T050352Z.json,data/raw\aromapure\product_pages\10013420683546_51162110198042.html,out_of_scope_car_only,,
AromaPure Official,AromaPure,https://aromahpure.com/products.json,https://aromahpure.com/products/gel-wink-hanging-car-perfume-ocean-mist-pack-of-3,9940053328154_50830458323226,,GEL_WINK_OCEAN_MIST_HANGING_PERFUME_3,Gel Wink Hanging Car Perfume - Ocean Mist Pack of 3 | Long-Lasting Gel Based Car Air Freshener | Car Accessories | Lasts Up to 30 Days,Aromahpure,,,,"['Car Perfume', 'gel wink', 'Hanging']",199.00,597.00,,Default Title,,24,In Stock,,"<p>• Lasts Up to 30 Days: The Gel Wink Hanging Car Perfume uses advanced gel technology to ensure a slow, continuous fragrance release, providing consistent freshness for up to 30 days without fading.</p>
<p>• Odor Neutralizer: Effectively eliminates unwanted odors, such as smoke, food, and pet smells, leaving your car with a refreshing, revitalizing scent.</p>
<p>• Long-Lasting Freshness: The gel formula ensures lasting fragrance, reducing the need for frequent replacements.</p>
<p>• Easy to Use: Unwrap, peel off the safety seal, and hang on your rearview mirror for a long-lasting, refreshing fragrance.</p>
<p>• Aesthetic Appeal: The modern design with visible gel not only looks great but also lets you easily monitor when it's time for a replacement, ensuring your car always smells amazing.</p>
<p>• No Spills, Just Freshness: This gel-based air freshener is designed to be spillproof for a hassle-free experience. It keeps your car clean while delivering long-lasting freshness.</p>",2026-09-24T05:03:54.351883+00:00,data/raw\aromapure\products_20260924T050352Z.json,data/raw\aromapure\product_pages\9940053328154_50830458323226.html,out_of_scope_car_only,AromaPure Official,
AromaPure Official,AromaPure,https://aromahpure.com/products.json,https://aromahpure.com/products/gel-wink-hanging-car-perfume-berry-blossom-pack-3,9956613521690_50901980774682,,GEL_WINK_BERRY_BLOSSOM_HANGING_PERFUME_3,Gel Wink Hanging Car Perfume | Berry Blossom | Pack 3 | Long-Lasting Gel Based Car Air Freshener Lasts up to 30 Days | Easy to Use Car Air Freshener,Aromahpure,,,,"['Car Perfume', 'gel wink', 'Hanging']",199.00,597.00,,Default Title,,24,In Stock,,"<p>• Lasts Up to 30 Days</p>
<p>The Gel Wink Hanging Car Perfume uses advanced gel technology to ensure a slow, continuous fragrance release, providing consistent freshness for up to 30 days without fading.</p>
<p>• Odor Neutralizer</p>
<p>Effectively eliminates unwanted odors, such as smoke, food, and pet smells, leaving your car with a refreshing, revitalizing scent.</p>
<p>• Long-Lasting Freshness</p>
<p>The gel formula ensures lasting fragrance, reducing the need for frequent replacements.</p>
<p>• Easy to Use</p>
<p>Unwrap, peel off the safety seal, and hang on your rearview mirror for a long-lasting, refreshing fragrance.</p>
<p>• Aesthetic Appeal</p>
<p>The modern design with visible gel not only looks great but also lets you easily monitor when it's time for a replacement, ensuring your car always smells amazing.</p>
<p>• No Spills, Just Freshness</p>
<p>This gel-based air freshener is designed to be spillproof for a hassle-free experience. It keeps your car clean while delivering long-lasting freshness.</p>",2026-09-24T05:03:54.351883+00:00,data/raw\aromapure\products_20260924T050352Z.json,data/raw\aromapure\product_pages\9956613521690_50901980774682.html,out_of_scope_car_only,AromaPure Official,
AromaPure Official,AromaPure,https://aromahpure.com/products.json,https://aromahpure.com/products/gel-wink-hanging-car-perfume-lavender-dream-pack-of-3,9956613751066_50901984117018,,GEL_WINK_LAVENDER_DREAM_HANGING_PERFUME_3,Gel Wink Hanging Car Perfume - Lavender Dream Pack of 3 | Long-Lasting Gel Based Car Air Freshener | Car Accessories | Lasts Up to 30 Days,Aromahpure,,,,"['Car Perfume', 'gel wink', 'Hanging']",199.00,597.00,,Default Title,,24,In Stock,,"<p>• Lasts Up to 30 Days</p>
<p>The Gel Wink Hanging Car Perfume uses advanced gel technology to ensure a slow, continuous fragrance release, providing consistent freshness for up to 30 days without fading.</p>
<p>• Odor Neutralizer</p>
<p>Effectively eliminates unwanted odors, such as smoke, food, and pet smells, leaving your car with a refreshing, revitalizing scent.</p>
<p>• Long-Lasting Freshness</p>
<p>The gel formula ensures lasting fragrance, reducing the need for frequent replacements.</p>
<p>• Easy to Use</p>
<p>Unwrap, peel off the safety seal, and hang on your rearview mirror for a long-lasting, refreshing fragrance.</p>
<p>•Aesthetic Appeal</p>
<p>The modern design with visible gel not only looks great but also lets you easily monitor when it's time for a replacement, ensuring your car always smells amazing.</p>
<p>• No Spills, Just Freshness: This gel-based air freshener is designed to be spillproof for a hassle-free experience. It keeps your car clean while delivering long-lasting freshness.</p>",2026-09-24T05:03:54.351883+00:00,data/raw\aromapure\products_20260924T050352Z.json,data/raw\aromapure\product_pages\9956613751066_50901984117018.html,out_of_scope_car_only,AromaPure Official,
AromaPure Official,AromaPure,https://aromahpure.com/products.json,https://aromahpure.com/products/gel-wink-hanging-car-perfume-lemon-zest-pack-of-3,9958893125914_50911872516378,,GEL_WINK_LEMON_ZEST_HANGING_PERFUME_3,Gel Wink Hanging Car Perfume - Lemon Zest Pack of 3 | Long-Lasting Gel Based Car Air Freshener | Car Accessories | Lasts Up to 30 Days,Aromahpure,,,,"['Car Perfume', 'gel wink', 'Hanging']",199.00,597.00,,Default Title,,24,In Stock,,,2026-09-24T05:03:54.351883+00:00,data/raw\aromapure\products_20260924T050352Z.json,data/raw\aromapure\product_pages\9958893125914_50911872516378.html,out_of_scope_car_only,AromaPure Official,
AromaPure Official,AromaPure,https://aromahpure.com/products.json,https://aromahpure.com/products/gel-wink-hanging-car-perfume-musk-essence-pack-of-3,9958895190298_50911890309402,,GEL_WINK_MUSK_ESSENCE_HANGING_PERFUME_3,Gel Wink Hanging Car Perfume - Musk Essence Pack of 3 | Long-Lasting Gel Based Car Air Freshener | Car Accessories | Lasts Up to 30 Days,Aromahpure,,,,"['Car Perfume', 'gel wink', 'Hanging']",199.00,597.00,,Default Title,,25,In Stock,,"<p>• Lasts Up to 30 Days: The Gel Wink Hanging Car Perfume uses advanced gel technology to ensure a slow, continuous fragrance release, providing consistent freshness for up to 30 days without fading.</p>
<p>• Odor Neutralizer: Effectively eliminates unwanted odors, such as smoke, food, and pet smells, leaving your car with a refreshing, revitalizing scent.</p>
<p>• Long-Lasting Freshness: The gel formula ensures lasting fragrance, reducing the need for frequent replacements.</p>
<p>• Easy to Use: Unwrap, peel off the safety seal, and hang on your rearview mirror for a long-lasting, refreshing fragrance.</p>
<p>•Aesthetic Appeal: The modern design with visible gel not only looks great but also lets you easily monitor when it's time for a replacement, ensuring your car always smells amazing.</p>
<p>• No Spills, Just Freshness: This gel-based air freshener is designed to be spillproof for a hassle-free experience. It keeps your car clean while delivering long-lasting freshness.</p>",2026-09-24T05:03:54.351883+00:00,data/raw\aromapure\products_20260924T050352Z.json,data/raw\aromapure\product_pages\9958895190298_50911890309402.html,out_of_scope_car_only,AromaPure Official,
AromaPure Official,AromaPure,https://aromahpure.com/products.json,https://aromahpure.com/products/gel-wink-hanging-car-perfume-sandalwood-pack-of-3,9958896632090_50911909576986,,GEL_WINK_SACRED_SANDAL_HANGING_PERFUME_3,Gel Wink Hanging Car Perfume - Sandalwood Pack of 3 | Long-Lasting Gel Based Car Air Freshener | Car Accessories | Lasts Up to 30 Days,Aromahpure,,,,"['Car Perfume', 'gel wink', 'Hanging']",199.00,597.00,,Default Title,,30,In Stock,,"<p>• Lasts Up to 30 Days</p>
<p>The Gel Wink Hanging Car Perfume uses advanced gel technology to ensure a slow, continuous fragrance release, providing consistent freshness for up to 30 days without fading.</p>
<p>• Odor Neutralizer</p>
<p>Effectively eliminates unwanted odors, such as smoke, food, and pet smells, leaving your car with a refreshing, revitalizing scent.</p>
<p>• Long-Lasting Freshness</p>
<p>The gel formula ensures lasting fragrance, reducing the need for frequent replacements.</p>
<p>• Easy to Use</p>
<p>Unwrap, peel off the safety seal, and hang on your rearview mirror for a long-lasting, refreshing fragrance.</p>
<p>•Aesthetic Appeal</p>
<p>The modern design with visible gel not only looks great but also lets you easily monitor when it's time for a replacement, ensuring your car always smells amazing.</p>
<p>• No Spills, Just Freshness</p>
<p>This gel-based air freshener is designed to be spillproof for a hassle-free experience. It keeps your car clean while delivering long-lasting freshness.</p>",2026-09-24T05:03:54.351883+00:00,data/raw\aromapure\products_20260924T050352Z.json,data/raw\aromapure\product_pages\9958896632090_50911909576986.html,out_of_scope_car_only,AromaPure Official,
AromaPure Official,AromaPure,https://aromahpure.com/products.json,https://aromahpure.com/products/hanging-pod-car-perfume-combo-of-5-signature-fragrances,9942120530202_50837174452506,,CAR_POD_HANGING_COMBO_5,Aromahpure Hanging Pod Car Perfume Combo of 5 Signature Fragrances,Aromahpure,,,,['Hanging Car Pod'],749.00,1498.00,,Default Title,,275,In Stock,,,2026-09-24T05:03:54.351883+00:00,data/raw\aromapure\products_20260924T050352Z.json,data/raw\aromapure\product_pages\9942120530202_50837174452506.html,out_of_scope_car_only,AromaPure Official,
AromaPure Official,AromaPure,https://aromahpure.com/products.json,https://aromahpure.com/products/gel-wink-hanging-car-perfume-combo-of-6-fragrances,9940070924570_50830557282586,,GEL_WINK_COMBO_6,Gel Wink Hanging Car Perfume | Combo of 6 Fragrances | Long-Lasting Gel Based Car Air Freshener,Aromahpure,,,,['gel wink'],399.00,1194.00,,Default Title,,795,In Stock,,"<p> •     Curated Combo of 6 Gel Wink </p>
<p>This set includes Gel Wink in six fragrances, which are Lavender Dream, Lemon Zest, Berry Blossom, Sandalwood Spice, Ocean Mist, and Musk Essence. Each fragrance is designed to elevate your everyday moments with a unique sensory experience.</p>
<p>•    Advanced Gel-Based Formula</p>
<p>The Gel Wink is powered by advanced gel technology that releases a consistent, captivating aroma over time without overwhelming the senses.</p>
<p>•    IFRA Compliant Fragrance </p>
<p>Formulated in accordance with IFRA guidelines, every variant is tested for safety and quality, offering peace of mind along with long-lasting, enjoyable fragrance.</p>
<p>•    Long-Lasting Freshness</p>
<p>Each Gel Wink provides up to 30 days of consistent freshness, reducing the need for frequent replacements.</p>
<p>•    Powerful Odor Neutralization</p>
<p>Formulated to combat common odors such as smoke, food, and pet smells, leaving your car clean, fresh, and inviting.<br></p>",2026-09-24T05:03:54.351883+00:00,data/raw\aromapure\products_20260924T050352Z.json,data/raw\aromapure\product_pages\9940070924570_50830557282586.html,out_of_scope_car_only,AromaPure Official,
AromaPure Official,AromaPure,https://aromahpure.com/products.json,https://aromahpure.com/products/gel-wink-hanging-car-perfume-lavender-musk-aqua-pack-3,9851398324506_50471129940250,,GEL_WINK_LAV_MUSK_AQUA_COMBO,"Gel Wink Combo Pack | Gel Based Car Freshener | Pack of 3 (Lavender Dream, Musk Essence, Ocean Mist)",Aromahpure,,,,"['Car Perfume', 'gel wink', 'gel wink3', 'Hanging']",199.00,597.00,,Default Title,,1,In Stock,,"<p>Put those unwanted smells in the rear view mirror. Gel Wink is here to turn every mile into a fragrant milestone.</p><p>If your car ambience is stuck at neutral, shift gears with Aromahpure Gel Wink. While your GPS navigates to your next location, your car shouldn't carry the smells of the previous ones. Upgrade your car ambience with Gel Wink and drive with freshness in the front seat. This car freshener lasts up to 30 days, consistently releasing balanced aromas that eliminates all kinds of car odour, turning every ride into a fresh journey.</p>",2026-09-24T05:03:54.351883+00:00,data/raw\aromapure\products_20260924T050352Z.json,data/raw\aromapure\product_pages\9851398324506_50471129940250.html,out_of_scope_car_only,AromaPure Official,
AromaPure Official,AromaPure,https://aromahpure.com/products.json,https://aromahpure.com/products/gel-wink-hanging-car-perfume-lemon-sandalwood-berry-pack-3,9851400388890_50471138165018,,GEL_WINK_SANDALWOOD_CITRUS_BERRY_COMBO,"Gel Wink Combo Pack | Gel Based Car Freshener | Pack of 3 (Sandalwood Spice, Lemon Zest, Berry Blossom)",Aromahpure,,,,"['Car Perfume', 'gel wink', 'gel wink3', 'Hanging']",199.00,597.00,,Default Title,,,In Stock,,"<p>Put those unwanted smells in the rear view mirror. Gel Wink is here to turn every mile into a fragrant milestone.</p><p>If your car ambience is stuck at neutral, shift gears with Aromahpure Gel Wink. While your GPS navigates to your next location, your car shouldn't carry the smells of the previous ones. Upgrade your car ambience with Gel Wink and drive with freshness in the front seat. This car freshener lasts up to 30 days, consistently releasing balanced aromas that eliminates all kinds of car odour, turning every ride into a fresh journey.</p>",2026-09-24T05:03:54.351883+00:00,data/raw\aromapure\products_20260924T050352Z.json,data/raw\aromapure\product_pages\9851400388890_50471138165018.html,out_of_scope_car_only,,
AromaPure Official,AromaPure,https://aromahpure.com/products.json,https://aromahpure.com/products/car-mist-blissful-temptation-spray-cherry-raspberry-lemon-vanilla,8247027630362_45299073384730,,MIST_TEMPTATION_100_ML,"Premium Car Mist | Blissful Temptation | 800+ Sprays | 100 ml | Car Spray Perfume | Luxury Car Perfume - Blissful Temptation / 1 / Cherry, Raspberry, Lemon, Vanilla",Aromahpure,,,,"['All', 'Blissful Temptation', 'Car Perfume', 'Classic', 'Fruity', 'Mist', 'offer-Buy 1 Get 1 Free', 'Pack of 1']",494.00,499.00,,"Blissful Temptation / 1 / Cherry, Raspberry, Lemon, Vanilla",,2,In Stock,,"<p>Savour the rich fruit combination of cherry and raspberry, with their sweet and juicy notes balanced by the tang of lemon. The mixture is finished off with the creamy and comforting scent of vanilla, leaving behind an enticing aroma long after you've left the car. Crafted with natural ingredients infused with essential oils, it helps in relaxation while driving. Each spray emits a fine mist that evenly spreads around your car, filling the air with a tantalising fragrance.<br></p>",2026-09-24T05:03:54.351883+00:00,data/raw\aromapure\products_20260924T050352Z.json,data/raw\aromapure\product_pages\8247027630362_45299073384730.html,out_of_scope_car_only,AromaPure Official,
AromaPure Official,AromaPure,https://aromahpure.com/products.json,https://aromahpure.com/products/car-mist-blissful-temptation-spray-cherry-raspberry-lemon-vanilla,8247027630362_45372021375258,,MIST_TEMPTATION_100_ML_2,"Premium Car Mist | Blissful Temptation | 800+ Sprays | 100 ml | Car Spray Perfume | Luxury Car Perfume - Blissful Temptation / 2 / Cherry, Raspberry, Lemon, Vanilla",Aromahpure,,,,"['All', 'Blissful Temptation', 'Car Perfume', 'Classic', 'Fruity', 'Mist', 'offer-Buy 1 Get 1 Free', 'Pack of 1']",948.00,998.00,,"Blissful Temptation / 2 / Cherry, Raspberry, Lemon, Vanilla",,2,In Stock,,"<p>Savour the rich fruit combination of cherry and raspberry, with their sweet and juicy notes balanced by the tang of lemon. The mixture is finished off with the creamy and comforting scent of vanilla, leaving behind an enticing aroma long after you've left the car. Crafted with natural ingredients infused with essential oils, it helps in relaxation while driving. Each spray emits a fine mist that evenly spreads around your car, filling the air with a tantalising fragrance.<br></p>",2026-09-24T05:03:54.351883+00:00,data/raw\aromapure\products_20260924T050352Z.json,data/raw\aromapure\product_pages\8247027630362_45299073384730.html,out_of_scope_car_only,AromaPure Official,
AromaPure Official,AromaPure,https://aromahpure.com/products.json,https://aromahpure.com/products/car-mist-blissful-temptation-spray-cherry-raspberry-lemon-vanilla,8247027630362_45372021408026,,MIST_TEMPTATION_100_ML_3,"Premium Car Mist | Blissful Temptation | 800+ Sprays | 100 ml | Car Spray Perfume | Luxury Car Perfume - Blissful Temptation / 3 / Cherry, Raspberry, Lemon, Vanilla",Aromahpure,,,,"['All', 'Blissful Temptation', 'Car Perfume', 'Classic', 'Fruity', 'Mist', 'offer-Buy 1 Get 1 Free', 'Pack of 1']",1347.00,1497.00,,"Blissful Temptation / 3 / Cherry, Raspberry, Lemon, Vanilla",,2,In Stock,,"<p>Savour the rich fruit combination of cherry and raspberry, with their sweet and juicy notes balanced by the tang of lemon. The mixture is finished off with the creamy and comforting scent of vanilla, leaving behind an enticing aroma long after you've left the car. Crafted with natural ingredients infused with essential oils, it helps in relaxation while driving. Each spray emits a fine mist that evenly spreads around your car, filling the air with a tantalising fragrance.<br></p>",2026-09-24T05:03:54.351883+00:00,data/raw\aromapure\products_20260924T050352Z.json,data/raw\aromapure\product_pages\8247027630362_45299073384730.html,out_of_scope_car_only,AromaPure Official,
AromaPure Official,AromaPure,https://aromahpure.com/products.json,https://aromahpure.com/products/stick-car-vent-air-freshener-lavender,9609985556762_49751786193178,,VENT_STICK_PERFUME_BLACK_LAVENDER_NEW_1,"Sleek Car Vent Air Freshener | Lavender| No Power Needed, Natural Fragrance, Spill-Proof, Long-Lasting (Up to 45 Days) - 1",Aromahpure,,,,['Vent Stick Perfume'],599.00,,,1,,,In Stock,,"<p>No Power Needed, Natural Fragrance, Spill-Proof, Long-Lasting (Up to 45 Days)</p>
<p>Colour: Black<br>Brand: Aromahpure<br>Product Dimensions: 8.1D x 8.1W x 3H Centimeters<br>Item Weight: 15 Grams</p>
<p>Country Of Origin: China</p>",2026-09-24T05:03:54.351883+00:00,data/raw\aromapure\products_20260924T050352Z.json,data/raw\aromapure\product_pages\9609985556762_49751786193178.html,out_of_scope_car_only,,
AromaPure Official,AromaPure,https://aromahpure.com/products.json,https://aromahpure.com/products/stick-car-vent-air-freshener-lavender,9609985556762_49751786225946,,VENT_STICK_PERFUME_BLACK_LAVENDER_NEW_2,"Sleek Car Vent Air Freshener | Lavender| No Power Needed, Natural Fragrance, Spill-Proof, Long-Lasting (Up to 45 Days) - 2",Aromahpure,,,,['Vent Stick Perfume'],1198.00,,,2,,,Out of Stock,,"<p>No Power Needed, Natural Fragrance, Spill-Proof, Long-Lasting (Up to 45 Days)</p>
<p>Colour: Black<br>Brand: Aromahpure<br>Product Dimensions: 8.1D x 8.1W x 3H Centimeters<br>Item Weight: 15 Grams</p>
<p>Country Of Origin: China</p>",2026-09-24T05:03:54.351883+00:00,data/raw\aromapure\products_20260924T050352Z.json,data/raw\aromapure\product_pages\9609985556762_49751786193178.html,out_of_scope_car_only,,
AromaPure Official,AromaPure,https://aromahpure.com/products.json,https://aromahpure.com/products/stick-car-vent-air-freshener-lavender,9609985556762_49751786258714,,VENT_STICK_PERFUME_BLACK_LAVENDER_NEW_3,"Sleek Car Vent Air Freshener | Lavender| No Power Needed, Natural Fragrance, Spill-Proof, Long-Lasting (Up to 45 Days) - 3",Aromahpure,,,,['Vent Stick Perfume'],1797.00,,,3,,,Out of Stock,,"<p>No Power Needed, Natural Fragrance, Spill-Proof, Long-Lasting (Up to 45 Days)</p>
<p>Colour: Black<br>Brand: Aromahpure<br>Product Dimensions: 8.1D x 8.1W x 3H Centimeters<br>Item Weight: 15 Grams</p>
<p>Country Of Origin: China</p>",2026-09-24T05:03:54.351883+00:00,data/raw\aromapure\products_20260924T050352Z.json,data/raw\aromapure\product_pages\9609985556762_49751786193178.html,out_of_scope_car_only,,
AromaPure Official,AromaPure,https://aromahpure.com/products.json,https://aromahpure.com/products/stick-car-vent-air-freshener-ocean,9609980608794_49751758438682,,VENT_STICK_PERFUME_BLACK_OCEAN_NEW_1,"Sleek Car Vent Air Freshener | Ocean | No Power Needed, Natural Fragrance, Spill-Proof, Long-Lasting (Up to 45 Days) - 1",Aromahpure,,,,['Vent Stick Perfume'],599.00,,,1,,,In Stock,,"<p>No Power Needed, Natural Fragrance, Spill-Proof, Long-Lasting (Up to 45 Days)</p>
<p>Colour: Black<br>Brand: Aromahpure<br>Product Dimensions: 8.1D x 8.1W x 3H Centimeters<br>Item Weight: 15 Grams</p>
<p>Country Of Origin: China</p>",2026-09-24T05:03:54.351883+00:00,data/raw\aromapure\products_20260924T050352Z.json,data/raw\aromapure\product_pages\9609980608794_49751758438682.html,out_of_scope_car_only,,
AromaPure Official,AromaPure,https://aromahpure.com/products.json,https://aromahpure.com/products/stick-car-vent-air-freshener-ocean,9609980608794_49751758471450,,VENT_STICK_PERFUME_BLACK_OCEAN_NEW_2,"Sleek Car Vent Air Freshener | Ocean | No Power Needed, Natural Fragrance, Spill-Proof, Long-Lasting (Up to 45 Days) - 2",Aromahpure,,,,['Vent Stick Perfume'],1198.00,,,2,,,Out of Stock,,"<p>No Power Needed, Natural Fragrance, Spill-Proof, Long-Lasting (Up to 45 Days)</p>
<p>Colour: Black<br>Brand: Aromahpure<br>Product Dimensions: 8.1D x 8.1W x 3H Centimeters<br>Item Weight: 15 Grams</p>
<p>Country Of Origin: China</p>",2026-09-24T05:03:54.351883+00:00,data/raw\aromapure\products_20260924T050352Z.json,data/raw\aromapure\product_pages\9609980608794_49751758438682.html,out_of_scope_car_only,,
AromaPure Official,AromaPure,https://aromahpure.com/products.json,https://aromahpure.com/products/stick-car-vent-air-freshener-ocean,9609980608794_49751758504218,,VENT_STICK_PERFUME_BLACK_OCEAN_NEW_3,"Sleek Car Vent Air Freshener | Ocean | No Power Needed, Natural Fragrance, Spill-Proof, Long-Lasting (Up to 45 Days) - 3",Aromahpure,,,,['Vent Stick Perfume'],1797.00,,,3,,,Out of Stock,,"<p>No Power Needed, Natural Fragrance, Spill-Proof, Long-Lasting (Up to 45 Days)</p>
<p>Colour: Black<br>Brand: Aromahpure<br>Product Dimensions: 8.1D x 8.1W x 3H Centimeters<br>Item Weight: 15 Grams</p>
<p>Country Of Origin: China</p>",2026-09-24T05:03:54.351883+00:00,data/raw\aromapure\products_20260924T050352Z.json,data/raw\aromapure\product_pages\9609980608794_49751758438682.html,out_of_scope_car_only,,
AromaPure Official,AromaPure,https://aromahpure.com/products.json,https://aromahpure.com/products/aromahpure-round-solar-car-perfume-air-freshener-cologne,9609966551322_49751725146394,,‎SOLAR_CAR_PERFUME_COLOGNE_1,Round Solar Car Perfume Air Freshener (Cologne) - 1,Aromahpure,,,,['Solar Car Perfume'],899.00,1499.00,,1,,1,In Stock,,"<p>No Power Needed, Comes with Natural Fragrance Disc, Spill-Proof, Long-Lasting</p>
<p>Colour   :    Black<br>Brand    :  Aromahpure<br>Product : Dimensions    8D x 8W x 4H Centimeters</p>
<p>Country Of Origin: China</p>",2026-09-24T05:03:54.351883+00:00,data/raw\aromapure\products_20260924T050352Z.json,data/raw\aromapure\product_pages\9609966551322_49751725146394.html,out_of_scope_car_only,AromaPure Official,
AromaPure Official,AromaPure,https://aromahpure.com/products.json,https://aromahpure.com/products/aromahpure-round-solar-car-perfume-air-freshener-cologne,9609966551322_49751725179162,,‎SOLAR_CAR_PERFUME_COLOGNE_2,Round Solar Car Perfume Air Freshener (Cologne) - 2,Aromahpure,,,,['Solar Car Perfume'],1699.00,2998.00,,2,,1,In Stock,,"<p>No Power Needed, Comes with Natural Fragrance Disc, Spill-Proof, Long-Lasting</p>
<p>Colour   :    Black<br>Brand    :  Aromahpure<br>Product : Dimensions    8D x 8W x 4H Centimeters</p>
<p>Country Of Origin: China</p>",2026-09-24T05:03:54.351883+00:00,data/raw\aromapure\products_20260924T050352Z.json,data/raw\aromapure\product_pages\9609966551322_49751725146394.html,out_of_scope_car_only,AromaPure Official,
AromaPure Official,AromaPure,https://aromahpure.com/products.json,https://aromahpure.com/products/aromahpure-round-solar-car-perfume-air-freshener-cologne,9609966551322_49751725211930,,‎SOLAR_CAR_PERFUME_COLOGNE_3,Round Solar Car Perfume Air Freshener (Cologne) - 3,Aromahpure,,,,['Solar Car Perfume'],2399.00,4497.00,,3,,1,In Stock,,"<p>No Power Needed, Comes with Natural Fragrance Disc, Spill-Proof, Long-Lasting</p>
<p>Colour   :    Black<br>Brand    :  Aromahpure<br>Product : Dimensions    8D x 8W x 4H Centimeters</p>
<p>Country Of Origin: China</p>",2026-09-24T05:03:54.351883+00:00,data/raw\aromapure\products_20260924T050352Z.json,data/raw\aromapure\product_pages\9609966551322_49751725146394.html,out_of_scope_car_only,AromaPure Official,
AromaPure Official,AromaPure,https://aromahpure.com/products.json,https://aromahpure.com/products/aromahpure-round-solar-car-perfume-air-freshener-ocean,9609950134554_49751672783130,,SOLAR_CAR_PERFUME_OCEAN_NEW_1,Round Solar Car Perfume Air Freshener (Ocean) - 1,Aromahpure,,,,['Solar Car Perfume'],899.00,1499.00,,1,,,In Stock,,"<p>No Power Needed, Comes with Natural Fragrance Disc, Spill-Proof, Long-Lasting</p>
<p>Colour   :    Blue<br>Brand    :  Aromahpure<br>Product : Dimensions    8D x 8W x 4H Centimeters</p>
<p>Country Of Origin: China</p>",2026-09-24T05:03:54.351883+00:00,data/raw\aromapure\products_20260924T050352Z.json,data/raw\aromapure\product_pages\9609950134554_49751672783130.html,out_of_scope_car_only,,
AromaPure Official,AromaPure,https://aromahpure.com/products.json,https://aromahpure.com/products/aromahpure-round-solar-car-perfume-air-freshener-ocean,9609950134554_49751672815898,,SOLAR_CAR_PERFUME_OCEAN_NEW_2,Round Solar Car Perfume Air Freshener (Ocean) - 2,Aromahpure,,,,['Solar Car Perfume'],1699.00,2998.00,,2,,,In Stock,,"<p>No Power Needed, Comes with Natural Fragrance Disc, Spill-Proof, Long-Lasting</p>
<p>Colour   :    Blue<br>Brand    :  Aromahpure<br>Product : Dimensions    8D x 8W x 4H Centimeters</p>
<p>Country Of Origin: China</p>",2026-09-24T05:03:54.351883+00:00,data/raw\aromapure\products_20260924T050352Z.json,data/raw\aromapure\product_pages\9609950134554_49751672783130.html,out_of_scope_car_only,,
AromaPure Official,AromaPure,https://aromahpure.com/products.json,https://aromahpure.com/products/aromahpure-round-solar-car-perfume-air-freshener-ocean,9609950134554_49751672848666,,SOLAR_CAR_PERFUME_OCEAN_NEW_3,Round Solar Car Perfume Air Freshener (Ocean) - 3,Aromahpure,,,,['Solar Car Perfume'],2399.00,4497.00,,3,,,In Stock,,"<p>No Power Needed, Comes with Natural Fragrance Disc, Spill-Proof, Long-Lasting</p>
<p>Colour   :    Blue<br>Brand    :  Aromahpure<br>Product : Dimensions    8D x 8W x 4H Centimeters</p>
<p>Country Of Origin: China</p>",2026-09-24T05:03:54.351883+00:00,data/raw\aromapure\products_20260924T050352Z.json,data/raw\aromapure\product_pages\9609950134554_49751672783130.html,out_of_scope_car_only,,
AromaPure Official,AromaPure,https://aromahpure.com/products.json,https://aromahpure.com/products/aromahpure-round-solar-car-perfume-air-freshener-lavender,9609953083674_49751681794330,,SOLAR_CAR_PERFUME_LAVENDER_NEW_1,Round Solar Car Perfume Air Freshener (Lavender) - 1,Aromahpure,,,,['Solar Car Perfume'],899.00,1499.00,,1,,,In Stock,,"<p>No Power Needed, Comes with Natural Fragrance Disc, Spill-Proof, Long-Lasting</p>
<p>Colour   :    Red<br>Brand    :  Aromahpure<br>Product : Dimensions    8D x 8W x 4H Centimeters</p>
<p>Country Of Origin: China</p>",2026-09-24T05:03:54.351883+00:00,data/raw\aromapure\products_20260924T050352Z.json,data/raw\aromapure\product_pages\9609953083674_49751681794330.html,out_of_scope_car_only,,
AromaPure Official,AromaPure,https://aromahpure.com/products.json,https://aromahpure.com/products/aromahpure-round-solar-car-perfume-air-freshener-lavender,9609953083674_49751681827098,,SOLAR_CAR_PERFUME_LAVENDER_NEW_2,Round Solar Car Perfume Air Freshener (Lavender) - 2,Aromahpure,,,,['Solar Car Perfume'],1699.00,2998.00,,2,,,In Stock,,"<p>No Power Needed, Comes with Natural Fragrance Disc, Spill-Proof, Long-Lasting</p>
<p>Colour   :    Red<br>Brand    :  Aromahpure<br>Product : Dimensions    8D x 8W x 4H Centimeters</p>
<p>Country Of Origin: China</p>",2026-09-24T05:03:54.351883+00:00,data/raw\aromapure\products_20260924T050352Z.json,data/raw\aromapure\product_pages\9609953083674_49751681794330.html,out_of_scope_car_only,,
AromaPure Official,AromaPure,https://aromahpure.com/products.json,https://aromahpure.com/products/aromahpure-round-solar-car-perfume-air-freshener-lavender,9609953083674_49751681859866,,SOLAR_CAR_PERFUME_LAVENDER_NEW_3,Round Solar Car Perfume Air Freshener (Lavender) - 3,Aromahpure,,,,['Solar Car Perfume'],2399.00,4497.00,,3,,,In Stock,,"<p>No Power Needed, Comes with Natural Fragrance Disc, Spill-Proof, Long-Lasting</p>
<p>Colour   :    Red<br>Brand    :  Aromahpure<br>Product : Dimensions    8D x 8W x 4H Centimeters</p>
<p>Country Of Origin: China</p>",2026-09-24T05:03:54.351883+00:00,data/raw\aromapure\products_20260924T050352Z.json,data/raw\aromapure\product_pages\9609953083674_49751681794330.html,out_of_scope_car_only,,
AromaPure Official,AromaPure,https://aromahpure.com/products.json,https://aromahpure.com/products/windmill-car-vent-air-freshener-ocean,9610028810522_49752189141274,,TURBINE _VENT _PERFUME_OCEAN_1,Windmill Car Air Vent Freshener | Ocean Fragrance | AC Vent Car Perfume | Long-Lasting Fragrance (Up to 45 Days) - 1,Aromahpure,,,,['Windmill Car Vent'],699.00,,,1,,,In Stock,,"<p>Fragrance – Stylish Electroplated ABS exterior, Unique Turbine Design, Easy Clip-On, Long-Lasting Fragrance (Up to 45 Days)</p>
<p>Colour:    Blue<br>Brand:    Aromahpure<br>Product Dimensions:    6D x 7W x 2H Centimeters<br>Item Weight:    48 Grams</p>
<p>Country Of Origin: China</p>",2026-09-24T05:03:54.351883+00:00,data/raw\aromapure\products_20260924T050352Z.json,data/raw\aromapure\product_pages\9610028810522_49752189141274.html,out_of_scope_car_only,,
AromaPure Official,AromaPure,https://aromahpure.com/products.json,https://aromahpure.com/products/windmill-car-vent-air-freshener-ocean,9610028810522_49752189174042,,TURBINE _VENT _PERFUME_OCEAN_2,Windmill Car Air Vent Freshener | Ocean Fragrance | AC Vent Car Perfume | Long-Lasting Fragrance (Up to 45 Days) - 2,Aromahpure,,,,['Windmill Car Vent'],1398.00,,,2,,,In Stock,,"<p>Fragrance – Stylish Electroplated ABS exterior, Unique Turbine Design, Easy Clip-On, Long-Lasting Fragrance (Up to 45 Days)</p>
<p>Colour:    Blue<br>Brand:    Aromahpure<br>Product Dimensions:    6D x 7W x 2H Centimeters<br>Item Weight:    48 Grams</p>
<p>Country Of Origin: China</p>",2026-09-24T05:03:54.351883+00:00,data/raw\aromapure\products_20260924T050352Z.json,data/raw\aromapure\product_pages\9610028810522_49752189141274.html,out_of_scope_car_only,,
AromaPure Official,AromaPure,https://aromahpure.com/products.json,https://aromahpure.com/products/windmill-car-vent-air-freshener-ocean,9610028810522_49752189206810,,TURBINE _VENT _PERFUME_OCEAN_3,Windmill Car Air Vent Freshener | Ocean Fragrance | AC Vent Car Perfume | Long-Lasting Fragrance (Up to 45 Days) - 3,Aromahpure,,,,['Windmill Car Vent'],2097.00,,,3,,,Out of Stock,,"<p>Fragrance – Stylish Electroplated ABS exterior, Unique Turbine Design, Easy Clip-On, Long-Lasting Fragrance (Up to 45 Days)</p>
<p>Colour:    Blue<br>Brand:    Aromahpure<br>Product Dimensions:    6D x 7W x 2H Centimeters<br>Item Weight:    48 Grams</p>
<p>Country Of Origin: China</p>",2026-09-24T05:03:54.351883+00:00,data/raw\aromapure\products_20260924T050352Z.json,data/raw\aromapure\product_pages\9610028810522_49752189141274.html,out_of_scope_car_only,,
AromaPure Official,AromaPure,https://aromahpure.com/products.json,https://aromahpure.com/products/windmill-car-vent-air-freshener-moon-white,9610024648986_49752175247642,,TURBINE _VENT _PERFUME_MOON_WHITE_1,Windmill Car Vent Air Freshener | Moon White | AC Vent Car Perfume | Long-Lasting Fragrance (Up to 45 Days) - 1,Aromahpure,,,,['Windmill Car Vent'],699.00,,,1,,,In Stock,,"<p>Fragrance – Stylish Electroplated ABS exterior, Unique Turbine Design, Easy Clip-On, Long-Lasting Fragrance (Up to 45 Days)</p>
<p>Colour:    Moon White<br>Brand:    Aromahpure<br>Product Dimensions:    6D x 7W x 2H Centimeters<br>Item Weight:    48 Grams</p>
<p>Country Of Origin: China</p>",2026-09-24T05:03:54.351883+00:00,data/raw\aromapure\products_20260924T050352Z.json,data/raw\aromapure\product_pages\9610024648986_49752175247642.html,out_of_scope_car_only,,
AromaPure Official,AromaPure,https://aromahpure.com/products.json,https://aromahpure.com/products/windmill-car-vent-air-freshener-moon-white,9610024648986_49752175280410,,TURBINE _VENT _PERFUME_MOON_WHITE_2,Windmill Car Vent Air Freshener | Moon White | AC Vent Car Perfume | Long-Lasting Fragrance (Up to 45 Days) - 2,Aromahpure,,,,['Windmill Car Vent'],1398.00,,,2,,,In Stock,,"<p>Fragrance – Stylish Electroplated ABS exterior, Unique Turbine Design, Easy Clip-On, Long-Lasting Fragrance (Up to 45 Days)</p>
<p>Colour:    Moon White<br>Brand:    Aromahpure<br>Product Dimensions:    6D x 7W x 2H Centimeters<br>Item Weight:    48 Grams</p>
<p>Country Of Origin: China</p>",2026-09-24T05:03:54.351883+00:00,data/raw\aromapure\products_20260924T050352Z.json,data/raw\aromapure\product_pages\9610024648986_49752175247642.html,out_of_scope_car_only,,
AromaPure Official,AromaPure,https://aromahpure.com/products.json,https://aromahpure.com/products/windmill-car-vent-air-freshener-moon-white,9610024648986_49752175313178,,TURBINE _VENT _PERFUME_MOON_WHITE_3,Windmill Car Vent Air Freshener | Moon White | AC Vent Car Perfume | Long-Lasting Fragrance (Up to 45 Days) - 3,Aromahpure,,,,['Windmill Car Vent'],2097.00,,,3,,,In Stock,,"<p>Fragrance – Stylish Electroplated ABS exterior, Unique Turbine Design, Easy Clip-On, Long-Lasting Fragrance (Up to 45 Days)</p>
<p>Colour:    Moon White<br>Brand:    Aromahpure<br>Product Dimensions:    6D x 7W x 2H Centimeters<br>Item Weight:    48 Grams</p>
<p>Country Of Origin: China</p>",2026-09-24T05:03:54.351883+00:00,data/raw\aromapure\products_20260924T050352Z.json,data/raw\aromapure\product_pages\9610024648986_49752175247642.html,out_of_scope_car_only,,
AromaPure Official,AromaPure,https://aromahpure.com/products.json,https://aromahpure.com/products/windmill-car-vent-air-freshener-cologne,9610025533722_49752185110810,,TURBINE _VENT _PERFUME_COLOGNE_1,Windmill Car Vent Air Freshener | Cologne | AC Vent Car Perfume | Long-Lasting Fragrance (Up to 45 Days) - 1,Aromahpure,,,,['Windmill Car Vent'],699.00,,,1,,,In Stock,,"<p>Fragrance – Stylish Electroplated ABS exterior, Unique Turbine Design, Easy Clip-On, Long-Lasting Fragrance (Up to 45 Days)</p>
<p>Colour:    Cologne<br>Brand:    Aromahpure<br>Product Dimensions:    6D x 7W x 2H Centimeters<br>Item Weight:    48 Grams</p>
<p>Country Of Origin: China</p>",2026-09-24T05:03:54.351883+00:00,data/raw\aromapure\products_20260924T050352Z.json,data/raw\aromapure\product_pages\9610025533722_49752185110810.html,out_of_scope_car_only,,
AromaPure Official,AromaPure,https://aromahpure.com/products.json,https://aromahpure.com/products/windmill-car-vent-air-freshener-cologne,9610025533722_49752185143578,,TURBINE _VENT _PERFUME_COLOGNE_2,Windmill Car Vent Air Freshener | Cologne | AC Vent Car Perfume | Long-Lasting Fragrance (Up to 45 Days) - 2,Aromahpure,,,,['Windmill Car Vent'],1398.00,,,2,,,In Stock,,"<p>Fragrance – Stylish Electroplated ABS exterior, Unique Turbine Design, Easy Clip-On, Long-Lasting Fragrance (Up to 45 Days)</p>
<p>Colour:    Cologne<br>Brand:    Aromahpure<br>Product Dimensions:    6D x 7W x 2H Centimeters<br>Item Weight:    48 Grams</p>
<p>Country Of Origin: China</p>",2026-09-24T05:03:54.351883+00:00,data/raw\aromapure\products_20260924T050352Z.json,data/raw\aromapure\product_pages\9610025533722_49752185110810.html,out_of_scope_car_only,,
AromaPure Official,AromaPure,https://aromahpure.com/products.json,https://aromahpure.com/products/windmill-car-vent-air-freshener-cologne,9610025533722_49752185176346,,TURBINE _VENT _PERFUME_COLOGNE_3,Windmill Car Vent Air Freshener | Cologne | AC Vent Car Perfume | Long-Lasting Fragrance (Up to 45 Days) - 3,Aromahpure,,,,['Windmill Car Vent'],2097.00,,,3,,,In Stock,,"<p>Fragrance – Stylish Electroplated ABS exterior, Unique Turbine Design, Easy Clip-On, Long-Lasting Fragrance (Up to 45 Days)</p>
<p>Colour:    Cologne<br>Brand:    Aromahpure<br>Product Dimensions:    6D x 7W x 2H Centimeters<br>Item Weight:    48 Grams</p>
<p>Country Of Origin: China</p>",2026-09-24T05:03:54.351883+00:00,data/raw\aromapure\products_20260924T050352Z.json,data/raw\aromapure\product_pages\9610025533722_49752185110810.html,out_of_scope_car_only,,
AromaPure Official,AromaPure,https://aromahpure.com/products.json,https://aromahpure.com/products/windmill-car-vent-air-freshener-charm,9610023764250_49752164204826,,TURBINE _VENT _PERFUME_CHARM_1,Windmill Car Vent Air Freshener | Charm | AC Vent Car Perfume | Long-Lasting Fragrance (Up to 45 Days) - 1,Aromahpure,,,,['Windmill Car Vent'],699.00,,,1,,,In Stock,,"<p>Fragrance – Stylish Electroplated ABS exterior, Unique Turbine Design, Easy Clip-On, Long-Lasting Fragrance (Up to 45 Days)</p>
<p>Colour:    Red<br>Brand:    Aromahpure<br>Product Dimensions:    6D x 7W x 2H Centimeters<br>Item Weight:    48 Grams</p>
<p>Country Of Origin: China</p>",2026-09-24T05:03:54.351883+00:00,data/raw\aromapure\products_20260924T050352Z.json,data/raw\aromapure\product_pages\9610023764250_49752164204826.html,out_of_scope_car_only,,
AromaPure Official,AromaPure,https://aromahpure.com/products.json,https://aromahpure.com/products/windmill-car-vent-air-freshener-charm,9610023764250_49752164237594,,TURBINE _VENT _PERFUME_CHARM_2,Windmill Car Vent Air Freshener | Charm | AC Vent Car Perfume | Long-Lasting Fragrance (Up to 45 Days) - 2,Aromahpure,,,,['Windmill Car Vent'],1398.00,,,2,,,Out of Stock,,"<p>Fragrance – Stylish Electroplated ABS exterior, Unique Turbine Design, Easy Clip-On, Long-Lasting Fragrance (Up to 45 Days)</p>
<p>Colour:    Red<br>Brand:    Aromahpure<br>Product Dimensions:    6D x 7W x 2H Centimeters<br>Item Weight:    48 Grams</p>
<p>Country Of Origin: China</p>",2026-09-24T05:03:54.351883+00:00,data/raw\aromapure\products_20260924T050352Z.json,data/raw\aromapure\product_pages\9610023764250_49752164204826.html,out_of_scope_car_only,,
AromaPure Official,AromaPure,https://aromahpure.com/products.json,https://aromahpure.com/products/windmill-car-vent-air-freshener-charm,9610023764250_49752164270362,,TURBINE _VENT _PERFUME_CHARM_3,Windmill Car Vent Air Freshener | Charm | AC Vent Car Perfume | Long-Lasting Fragrance (Up to 45 Days) - 3,Aromahpure,,,,['Windmill Car Vent'],2097.00,,,3,,,Out of Stock,,"<p>Fragrance – Stylish Electroplated ABS exterior, Unique Turbine Design, Easy Clip-On, Long-Lasting Fragrance (Up to 45 Days)</p>
<p>Colour:    Red<br>Brand:    Aromahpure<br>Product Dimensions:    6D x 7W x 2H Centimeters<br>Item Weight:    48 Grams</p>
<p>Country Of Origin: China</p>",2026-09-24T05:03:54.351883+00:00,data/raw\aromapure\products_20260924T050352Z.json,data/raw\aromapure\product_pages\9610023764250_49752164204826.html,out_of_scope_car_only,,
AromaPure Official,AromaPure,https://aromahpure.com/products.json,https://aromahpure.com/products/premium-car-perfume-hanging-long-pod-purple-haze-long-lasting,9560090837274_49542567461146,,CAR_LONG_POD_MOONLIGHT_MUSK,Hanging Pod - Long Pod Car Perfume | Moonlit Musk | 10 ml - 1,Aromahpure,,,,"['Car Perfume', 'Hanging', 'Long Hanging Pod', 'Pack Of 1']",249.00,599.00,,1,,,In Stock,,"<p>Your car's vibe change engine is here. Hang tight!</p><p>Your car is meant to drive you places. If it’s atmosphere is driving you crazy instead, it’s time to consider premium car fragrances that come with Aromahpure Hanging Pod. Steer towards calm with premium car perfumes and turn chaotic traffic jams into a sensory escape. This long lasting car perfume uses a natural beechwood cap, ensuring a slow and consistent fragrance release for up to 30 days.</p>",2026-09-24T05:03:54.351883+00:00,data/raw\aromapure\products_20260924T050352Z.json,data/raw\aromapure\product_pages\9560090837274_49542567461146.html,out_of_scope_car_only,,
AromaPure Official,AromaPure,https://aromahpure.com/products.json,https://aromahpure.com/products/premium-car-perfume-hanging-long-pod-purple-haze-long-lasting,9560090837274_49542567526682,,CAR_LONG_POD_MOONLIGHT_MUSK_2,Hanging Pod - Long Pod Car Perfume | Moonlit Musk | 10 ml - 2,Aromahpure,,,,"['Car Perfume', 'Hanging', 'Long Hanging Pod', 'Pack Of 1']",475.00,1198.00,,2,,,In Stock,,"<p>Your car's vibe change engine is here. Hang tight!</p><p>Your car is meant to drive you places. If it’s atmosphere is driving you crazy instead, it’s time to consider premium car fragrances that come with Aromahpure Hanging Pod. Steer towards calm with premium car perfumes and turn chaotic traffic jams into a sensory escape. This long lasting car perfume uses a natural beechwood cap, ensuring a slow and consistent fragrance release for up to 30 days.</p>",2026-09-24T05:03:54.351883+00:00,data/raw\aromapure\products_20260924T050352Z.json,data/raw\aromapure\product_pages\9560090837274_49542567461146.html,out_of_scope_car_only,,
AromaPure Official,AromaPure,https://aromahpure.com/products.json,https://aromahpure.com/products/premium-car-perfume-hanging-long-pod-purple-haze-long-lasting,9560090837274_49542567559450,,CAR_LONG_POD_MOONLIGHT_MUSK_3,Hanging Pod - Long Pod Car Perfume | Moonlit Musk | 10 ml - 3,Aromahpure,,,,"['Car Perfume', 'Hanging', 'Long Hanging Pod', 'Pack Of 1']",675.00,1797.00,,3,,,In Stock,,"<p>Your car's vibe change engine is here. Hang tight!</p><p>Your car is meant to drive you places. If it’s atmosphere is driving you crazy instead, it’s time to consider premium car fragrances that come with Aromahpure Hanging Pod. Steer towards calm with premium car perfumes and turn chaotic traffic jams into a sensory escape. This long lasting car perfume uses a natural beechwood cap, ensuring a slow and consistent fragrance release for up to 30 days.</p>",2026-09-24T05:03:54.351883+00:00,data/raw\aromapure\products_20260924T050352Z.json,data/raw\aromapure\product_pages\9560090837274_49542567461146.html,out_of_scope_car_only,,
AromaPure Official,AromaPure,https://aromahpure.com/products.json,https://aromahpure.com/products/premium-car-perfume-hanging-long-pod-purple-haze,9486594310426_49264538124570,,CAR_LONG_POD_PURPLE_HAZE,Hanging Pod - Long pod car perfume | Purple Haze | 10 ml - 1,Aromahpure,,,,"['Car Perfume', 'Hanging', 'Long Hanging Pod', 'Pack Of 1', 'poscp']",249.00,599.00,,1,,,In Stock,,"<p>Your car's vibe change engine is here. Hang tight!</p><p>Your car is meant to drive you places. If it’s atmosphere is driving you crazy instead, it’s time to consider premium car fragrances that come with Aromahpure Hanging Pod. Steer towards calm with premium car perfumes and turn chaotic traffic jams into a sensory escape. This long lasting car perfume uses a natural beechwood cap, ensuring a slow and consistent fragrance release for up to 30 days.</p>",2026-09-24T05:03:54.351883+00:00,data/raw\aromapure\products_20260924T050352Z.json,data/raw\aromapure\product_pages\9486594310426_49264538124570.html,out_of_scope_car_only,,
AromaPure Official,AromaPure,https://aromahpure.com/products.json,https://aromahpure.com/products/premium-car-perfume-hanging-long-pod-purple-haze,9486594310426_49264538157338,,CAR_LONG_POD_PURPLE_HAZE_2,Hanging Pod - Long pod car perfume | Purple Haze | 10 ml - 2,Aromahpure,,,,"['Car Perfume', 'Hanging', 'Long Hanging Pod', 'Pack Of 1', 'poscp']",475.00,1198.00,,2,,,In Stock,,"<p>Your car's vibe change engine is here. Hang tight!</p><p>Your car is meant to drive you places. If it’s atmosphere is driving you crazy instead, it’s time to consider premium car fragrances that come with Aromahpure Hanging Pod. Steer towards calm with premium car perfumes and turn chaotic traffic jams into a sensory escape. This long lasting car perfume uses a natural beechwood cap, ensuring a slow and consistent fragrance release for up to 30 days.</p>",2026-09-24T05:03:54.351883+00:00,data/raw\aromapure\products_20260924T050352Z.json,data/raw\aromapure\product_pages\9486594310426_49264538124570.html,out_of_scope_car_only,,
AromaPure Official,AromaPure,https://aromahpure.com/products.json,https://aromahpure.com/products/premium-car-perfume-hanging-long-pod-purple-haze,9486594310426_49264538190106,,CAR_LONG_POD_PURPLE_HAZE_3,Hanging Pod - Long pod car perfume | Purple Haze | 10 ml - 3,Aromahpure,,,,"['Car Perfume', 'Hanging', 'Long Hanging Pod', 'Pack Of 1', 'poscp']",675.00,1797.00,,3,,,In Stock,,"<p>Your car's vibe change engine is here. Hang tight!</p><p>Your car is meant to drive you places. If it’s atmosphere is driving you crazy instead, it’s time to consider premium car fragrances that come with Aromahpure Hanging Pod. Steer towards calm with premium car perfumes and turn chaotic traffic jams into a sensory escape. This long lasting car perfume uses a natural beechwood cap, ensuring a slow and consistent fragrance release for up to 30 days.</p>",2026-09-24T05:03:54.351883+00:00,data/raw\aromapure\products_20260924T050352Z.json,data/raw\aromapure\product_pages\9486594310426_49264538124570.html,out_of_scope_car_only,,
AromaPure Official,AromaPure,https://aromahpure.com/products.json,https://aromahpure.com/products/hanging-car-pod-freshener-rose-dew,9090036465946_48275799441690,,CAR_POD_HANGING_ROSE_DEW,Rose Dew Car Perfume Hanging Pod Freshener | Last up to 30 Days | 10 ML - 1,Aromahpure,,,,"['Car Perfume', 'Hanging', 'Hanging Car Pod', 'offer- NEVER BEFORE', 'Pack Of 1']",299.00,599.00,,1,,12,In Stock,,"<p>Your car's vibe change engine is here. Hang tight!</p><p>Your car is meant to drive you places. If it’s atmosphere is driving you crazy instead, it’s time to consider premium car fragrances that come with Aromahpure Hanging Pod. Steer towards calm with premium car perfumes and turn chaotic traffic jams into a sensory escape. This long lasting car perfume uses a natural beechwood cap, ensuring a slow and consistent fragrance release for up to 30 days.</p>",2026-09-24T05:03:54.351883+00:00,data/raw\aromapure\products_20260924T050352Z.json,data/raw\aromapure\product_pages\9090036465946_48275799441690.html,out_of_scope_car_only,AromaPure Official,
AromaPure Official,AromaPure,https://aromahpure.com/products.json,https://aromahpure.com/products/hanging-car-pod-freshener-rose-dew,9090036465946_48275799474458,,CAR_POD_HANGING_ROSE_DEW_2,Rose Dew Car Perfume Hanging Pod Freshener | Last up to 30 Days | 10 ML - 2,Aromahpure,,,,"['Car Perfume', 'Hanging', 'Hanging Car Pod', 'offer- NEVER BEFORE', 'Pack Of 1']",569.00,1198.00,,2,,12,In Stock,,"<p>Your car's vibe change engine is here. Hang tight!</p><p>Your car is meant to drive you places. If it’s atmosphere is driving you crazy instead, it’s time to consider premium car fragrances that come with Aromahpure Hanging Pod. Steer towards calm with premium car perfumes and turn chaotic traffic jams into a sensory escape. This long lasting car perfume uses a natural beechwood cap, ensuring a slow and consistent fragrance release for up to 30 days.</p>",2026-09-24T05:03:54.351883+00:00,data/raw\aromapure\products_20260924T050352Z.json,data/raw\aromapure\product_pages\9090036465946_48275799441690.html,out_of_scope_car_only,AromaPure Official,
AromaPure Official,AromaPure,https://aromahpure.com/products.json,https://aromahpure.com/products/hanging-car-pod-freshener-rose-dew,9090036465946_48275799507226,,CAR_POD_HANGING_ROSE_DEW_3,Rose Dew Car Perfume Hanging Pod Freshener | Last up to 30 Days | 10 ML - 3,Aromahpure,,,,"['Car Perfume', 'Hanging', 'Hanging Car Pod', 'offer- NEVER BEFORE', 'Pack Of 1']",809.00,1797.00,,3,,12,In Stock,,"<p>Your car's vibe change engine is here. Hang tight!</p><p>Your car is meant to drive you places. If it’s atmosphere is driving you crazy instead, it’s time to consider premium car fragrances that come with Aromahpure Hanging Pod. Steer towards calm with premium car perfumes and turn chaotic traffic jams into a sensory escape. This long lasting car perfume uses a natural beechwood cap, ensuring a slow and consistent fragrance release for up to 30 days.</p>",2026-09-24T05:03:54.351883+00:00,data/raw\aromapure\products_20260924T050352Z.json,data/raw\aromapure\product_pages\9090036465946_48275799441690.html,out_of_scope_car_only,AromaPure Official,
AromaPure Official,AromaPure,https://aromahpure.com/products.json,https://aromahpure.com/products/hanging-car-pod-freshener-classic-musk,8898757886234_47555378970906,,CAR_POD_HANGING_CLASSIC_MUSK,Classic Musk Premium Car Perfume Hanging Pod Freshener | Last up to 30 Days | 10ML - 1,Aromahpure,,,,"['Car Perfume', 'Hanging', 'Hanging Car Pod', 'offer new', 'offer- NEVER BEFORE', 'Pack Of 1']",299.00,599.00,,1,,8,In Stock,,"<span style=""font-weight: 400;"">Inhale the comforting and pleasant scent of classic musk, with woody notes, a subtle hint of powder, and delicate floral undertones that together create a harmonious and inviting atmosphere. This hanging car perfume pod is crafted with natural ingredients and infused with essential oils to enhance your driving experience with a touch of relaxation. Turn your car into a moving spa and relish hours of serene aromatherapy during your journeys.</span>",2026-09-24T05:03:54.351883+00:00,data/raw\aromapure\products_20260924T050352Z.json,data/raw\aromapure\product_pages\8898757886234_47555378970906.html,out_of_scope_car_only,AromaPure Official,
AromaPure Official,AromaPure,https://aromahpure.com/products.json,https://aromahpure.com/products/hanging-car-pod-freshener-classic-musk,8898757886234_47555379003674,,CAR_POD_HANGING_CLASSIC_MUSK_2,Classic Musk Premium Car Perfume Hanging Pod Freshener | Last up to 30 Days | 10ML - 2,Aromahpure,,,,"['Car Perfume', 'Hanging', 'Hanging Car Pod', 'offer new', 'offer- NEVER BEFORE', 'Pack Of 1']",569.00,1198.00,,2,,8,In Stock,,"<span style=""font-weight: 400;"">Inhale the comforting and pleasant scent of classic musk, with woody notes, a subtle hint of powder, and delicate floral undertones that together create a harmonious and inviting atmosphere. This hanging car perfume pod is crafted with natural ingredients and infused with essential oils to enhance your driving experience with a touch of relaxation. Turn your car into a moving spa and relish hours of serene aromatherapy during your journeys.</span>",2026-09-24T05:03:54.351883+00:00,data/raw\aromapure\products_20260924T050352Z.json,data/raw\aromapure\product_pages\8898757886234_47555378970906.html,out_of_scope_car_only,AromaPure Official,
AromaPure Official,AromaPure,https://aromahpure.com/products.json,https://aromahpure.com/products/hanging-car-pod-freshener-classic-musk,8898757886234_47555379036442,,CAR_POD_HANGING_CLASSIC_MUSK_3,Classic Musk Premium Car Perfume Hanging Pod Freshener | Last up to 30 Days | 10ML - 3,Aromahpure,,,,"['Car Perfume', 'Hanging', 'Hanging Car Pod', 'offer new', 'offer- NEVER BEFORE', 'Pack Of 1']",809.00,1797.00,,3,,8,In Stock,,"<span style=""font-weight: 400;"">Inhale the comforting and pleasant scent of classic musk, with woody notes, a subtle hint of powder, and delicate floral undertones that together create a harmonious and inviting atmosphere. This hanging car perfume pod is crafted with natural ingredients and infused with essential oils to enhance your driving experience with a touch of relaxation. Turn your car into a moving spa and relish hours of serene aromatherapy during your journeys.</span>",2026-09-24T05:03:54.351883+00:00,data/raw\aromapure\products_20260924T050352Z.json,data/raw\aromapure\product_pages\8898757886234_47555378970906.html,out_of_scope_car_only,AromaPure Official,
AromaPure Official,AromaPure,https://aromahpure.com/products.json,https://aromahpure.com/products/hanging-car-pod-freshener-sandalwood,8898785018138_47555405938970,,CAR_POD_HANGING_SANDALWOOD,Sandalwood Car Perfume Hanging Pod Freshener | Last up to 30 Days | 10 ML - 1,Aromahpure,,,,"['Car Perfume', 'Hanging', 'Hanging Car Pod', 'offer- NEVER BEFORE', 'Pack Of 1']",299.00,599.00,,1,,15,In Stock,,"<p>Your car's vibe change engine is here. Hang tight!</p><p>Your car is meant to drive you places. If it’s atmosphere is driving you crazy instead, it’s time to consider premium car fragrances that come with Aromahpure Hanging Pod. Steer towards calm with premium car perfumes and turn chaotic traffic jams into a sensory escape. This long lasting car perfume uses a natural beechwood cap, ensuring a slow and consistent fragrance release for up to 30 days.</p>",2026-09-24T05:03:54.351883+00:00,data/raw\aromapure\products_20260924T050352Z.json,data/raw\aromapure\product_pages\8898785018138_47555405938970.html,out_of_scope_car_only,AromaPure Official,
AromaPure Official,AromaPure,https://aromahpure.com/products.json,https://aromahpure.com/products/hanging-car-pod-freshener-sandalwood,8898785018138_47555405971738,,CAR_POD_HANGING_SANDALWOOD_2,Sandalwood Car Perfume Hanging Pod Freshener | Last up to 30 Days | 10 ML - 2,Aromahpure,,,,"['Car Perfume', 'Hanging', 'Hanging Car Pod', 'offer- NEVER BEFORE', 'Pack Of 1']",569.00,1198.00,,2,,15,In Stock,,"<p>Your car's vibe change engine is here. Hang tight!</p><p>Your car is meant to drive you places. If it’s atmosphere is driving you crazy instead, it’s time to consider premium car fragrances that come with Aromahpure Hanging Pod. Steer towards calm with premium car perfumes and turn chaotic traffic jams into a sensory escape. This long lasting car perfume uses a natural beechwood cap, ensuring a slow and consistent fragrance release for up to 30 days.</p>",2026-09-24T05:03:54.351883+00:00,data/raw\aromapure\products_20260924T050352Z.json,data/raw\aromapure\product_pages\8898785018138_47555405938970.html,out_of_scope_car_only,AromaPure Official,
AromaPure Official,AromaPure,https://aromahpure.com/products.json,https://aromahpure.com/products/hanging-car-pod-freshener-sandalwood,8898785018138_47555406004506,,CAR_POD_HANGING_SANDALWOOD_3,Sandalwood Car Perfume Hanging Pod Freshener | Last up to 30 Days | 10 ML - 3,Aromahpure,,,,"['Car Perfume', 'Hanging', 'Hanging Car Pod', 'offer- NEVER BEFORE', 'Pack Of 1']",809.00,1797.00,,3,,15,In Stock,,"<p>Your car's vibe change engine is here. Hang tight!</p><p>Your car is meant to drive you places. If it’s atmosphere is driving you crazy instead, it’s time to consider premium car fragrances that come with Aromahpure Hanging Pod. Steer towards calm with premium car perfumes and turn chaotic traffic jams into a sensory escape. This long lasting car perfume uses a natural beechwood cap, ensuring a slow and consistent fragrance release for up to 30 days.</p>",2026-09-24T05:03:54.351883+00:00,data/raw\aromapure\products_20260924T050352Z.json,data/raw\aromapure\product_pages\8898785018138_47555405938970.html,out_of_scope_car_only,AromaPure Official,
AromaPure Official,AromaPure,https://aromahpure.com/products.json,https://aromahpure.com/products/hanging-car-pod-freshener-royal-oudh,8898777579802_47555404693786,,CAR_POD_HANGING_ROYAL_OUDH,Intense Oudh Car Perfume Hanging Pod Freshener | Last up to 30 Days | 10ML - 1,Aromahpure,,,,"['Car Perfume', 'Hanging', 'Hanging Car Pod', 'offer- NEVER BEFORE', 'Pack Of 1']",299.00,599.00,,1,,13,In Stock,,"<p>Your car's vibe change engine is here. Hang tight!</p><p>Your car is meant to drive you places. If it’s atmosphere is driving you crazy instead, it’s time to consider premium car fragrances that come with Aromahpure Hanging Pod. Steer towards calm with premium car perfumes and turn chaotic traffic jams into a sensory escape. This long lasting car perfume uses a natural beechwood cap, ensuring a slow and consistent fragrance release for up to 30 days.</p>",2026-09-24T05:03:54.351883+00:00,data/raw\aromapure\products_20260924T050352Z.json,data/raw\aromapure\product_pages\8898777579802_47555404693786.html,out_of_scope_car_only,AromaPure Official,
AromaPure Official,AromaPure,https://aromahpure.com/products.json,https://aromahpure.com/products/hanging-car-pod-freshener-royal-oudh,8898777579802_47555404726554,,CAR_POD_HANGING_ROYAL_OUDH_2,Intense Oudh Car Perfume Hanging Pod Freshener | Last up to 30 Days | 10ML - 2,Aromahpure,,,,"['Car Perfume', 'Hanging', 'Hanging Car Pod', 'offer- NEVER BEFORE', 'Pack Of 1']",569.00,1198.00,,2,,13,In Stock,,"<p>Your car's vibe change engine is here. Hang tight!</p><p>Your car is meant to drive you places. If it’s atmosphere is driving you crazy instead, it’s time to consider premium car fragrances that come with Aromahpure Hanging Pod. Steer towards calm with premium car perfumes and turn chaotic traffic jams into a sensory escape. This long lasting car perfume uses a natural beechwood cap, ensuring a slow and consistent fragrance release for up to 30 days.</p>",2026-09-24T05:03:54.351883+00:00,data/raw\aromapure\products_20260924T050352Z.json,data/raw\aromapure\product_pages\8898777579802_47555404693786.html,out_of_scope_car_only,AromaPure Official,
AromaPure Official,AromaPure,https://aromahpure.com/products.json,https://aromahpure.com/products/hanging-car-pod-freshener-royal-oudh,8898777579802_47555404759322,,CAR_POD_HANGING_ROYAL_OUDH_3,Intense Oudh Car Perfume Hanging Pod Freshener | Last up to 30 Days | 10ML - 3,Aromahpure,,,,"['Car Perfume', 'Hanging', 'Hanging Car Pod', 'offer- NEVER BEFORE', 'Pack Of 1']",809.00,1797.00,,3,,13,In Stock,,"<p>Your car's vibe change engine is here. Hang tight!</p><p>Your car is meant to drive you places. If it’s atmosphere is driving you crazy instead, it’s time to consider premium car fragrances that come with Aromahpure Hanging Pod. Steer towards calm with premium car perfumes and turn chaotic traffic jams into a sensory escape. This long lasting car perfume uses a natural beechwood cap, ensuring a slow and consistent fragrance release for up to 30 days.</p>",2026-09-24T05:03:54.351883+00:00,data/raw\aromapure\products_20260924T050352Z.json,data/raw\aromapure\product_pages\8898777579802_47555404693786.html,out_of_scope_car_only,AromaPure Official,
AromaPure Official,AromaPure,https://aromahpure.com/products.json,https://aromahpure.com/products/hanging-car-pod-freshener-lavender-love,8898775810330_47555400237338,,CAR_POD_HANGING_LAVENDER_LOVE,Lavender Love Car Perfume Hanging Pod Freshener | Last up to 30 Days | 10 ML - 1,Aromahpure,,,,"['Car Perfume', 'Hanging', 'Hanging Car Pod', 'new arrivals', 'offer new', 'offer- NEVER BEFORE', 'Pack Of 1']",299.00,599.00,,1,,10,In Stock,,"<p>Immerse yourself in the timeless aroma of lavender, where delicate, sweet floral notes with subtle herbal undertones gracefully unfold with each breath. Crafted with natural ingredients and essential oils, this hanging pod transforms your vehicle into a haven of relaxation, making every journey a delightful aromatic experience. Elevate your daily commute with the soothing embrace of lavender—nature's essence, effortlessly hanging by your side.</p>",2026-09-24T05:03:54.351883+00:00,data/raw\aromapure\products_20260924T050352Z.json,data/raw\aromapure\product_pages\8898775810330_47555400237338.html,out_of_scope_car_only,AromaPure Official,
AromaPure Official,AromaPure,https://aromahpure.com/products.json,https://aromahpure.com/products/hanging-car-pod-freshener-lavender-love,8898775810330_47555400270106,,CAR_POD_HANGING_LAVENDER_LOVE_2,Lavender Love Car Perfume Hanging Pod Freshener | Last up to 30 Days | 10 ML - 2,Aromahpure,,,,"['Car Perfume', 'Hanging', 'Hanging Car Pod', 'new arrivals', 'offer new', 'offer- NEVER BEFORE', 'Pack Of 1']",569.00,1198.00,,2,,10,In Stock,,"<p>Immerse yourself in the timeless aroma of lavender, where delicate, sweet floral notes with subtle herbal undertones gracefully unfold with each breath. Crafted with natural ingredients and essential oils, this hanging pod transforms your vehicle into a haven of relaxation, making every journey a delightful aromatic experience. Elevate your daily commute with the soothing embrace of lavender—nature's essence, effortlessly hanging by your side.</p>",2026-09-24T05:03:54.351883+00:00,data/raw\aromapure\products_20260924T050352Z.json,data/raw\aromapure\product_pages\8898775810330_47555400237338.html,out_of_scope_car_only,AromaPure Official,
AromaPure Official,AromaPure,https://aromahpure.com/products.json,https://aromahpure.com/products/hanging-car-pod-freshener-lavender-love,8898775810330_47555400302874,,CAR_POD_HANGING_LAVENDER_LOVE_3,Lavender Love Car Perfume Hanging Pod Freshener | Last up to 30 Days | 10 ML - 3,Aromahpure,,,,"['Car Perfume', 'Hanging', 'Hanging Car Pod', 'new arrivals', 'offer new', 'offer- NEVER BEFORE', 'Pack Of 1']",809.00,1797.00,,3,,10,In Stock,,"<p>Immerse yourself in the timeless aroma of lavender, where delicate, sweet floral notes with subtle herbal undertones gracefully unfold with each breath. Crafted with natural ingredients and essential oils, this hanging pod transforms your vehicle into a haven of relaxation, making every journey a delightful aromatic experience. Elevate your daily commute with the soothing embrace of lavender—nature's essence, effortlessly hanging by your side.</p>",2026-09-24T05:03:54.351883+00:00,data/raw\aromapure\products_20260924T050352Z.json,data/raw\aromapure\product_pages\8898775810330_47555400237338.html,out_of_scope_car_only,AromaPure Official,
AromaPure Official,AromaPure,https://aromahpure.com/products.json,https://aromahpure.com/products/hanging-car-pod-freshener-icy-blast,8898770436378_47555394306330,,CAR_POD_HANGING_ICY_BLAST,Hanging Pod - Car Perfume | Refresh Icy Blast | 10 ml - 1,Aromahpure,,,,"['Car Perfume', 'Hanging', 'Hanging Car Pod', 'offer- NEVER BEFORE', 'Pack Of 1']",299.00,599.00,,1,,6,In Stock,,"<p>Your car's vibe change engine is here. Hang tight!</p><p>Your car is meant to drive you places. If it’s atmosphere is driving you crazy instead, it’s time to consider premium car fragrances that come with Aromahpure Hanging Pod. Steer towards calm with premium car perfumes and turn chaotic traffic jams into a sensory escape. This long lasting car perfume uses a natural beechwood cap, ensuring a slow and consistent fragrance release for up to 30 days.</p>",2026-09-24T05:03:54.351883+00:00,data/raw\aromapure\products_20260924T050352Z.json,data/raw\aromapure\product_pages\8898770436378_47555394306330.html,out_of_scope_car_only,AromaPure Official,
AromaPure Official,AromaPure,https://aromahpure.com/products.json,https://aromahpure.com/products/hanging-car-pod-freshener-icy-blast,8898770436378_47555394339098,,CAR_POD_HANGING_ICY_BLAST_2,Hanging Pod - Car Perfume | Refresh Icy Blast | 10 ml - 2,Aromahpure,,,,"['Car Perfume', 'Hanging', 'Hanging Car Pod', 'offer- NEVER BEFORE', 'Pack Of 1']",569.00,1198.00,,2,,6,In Stock,,"<p>Your car's vibe change engine is here. Hang tight!</p><p>Your car is meant to drive you places. If it’s atmosphere is driving you crazy instead, it’s time to consider premium car fragrances that come with Aromahpure Hanging Pod. Steer towards calm with premium car perfumes and turn chaotic traffic jams into a sensory escape. This long lasting car perfume uses a natural beechwood cap, ensuring a slow and consistent fragrance release for up to 30 days.</p>",2026-09-24T05:03:54.351883+00:00,data/raw\aromapure\products_20260924T050352Z.json,data/raw\aromapure\product_pages\8898770436378_47555394306330.html,out_of_scope_car_only,AromaPure Official,
AromaPure Official,AromaPure,https://aromahpure.com/products.json,https://aromahpure.com/products/hanging-car-pod-freshener-icy-blast,8898770436378_47555394371866,,CAR_POD_HANGING_ICY_BLAST_3,Hanging Pod - Car Perfume | Refresh Icy Blast | 10 ml - 3,Aromahpure,,,,"['Car Perfume', 'Hanging', 'Hanging Car Pod', 'offer- NEVER BEFORE', 'Pack Of 1']",809.00,1797.00,,3,,6,In Stock,,"<p>Your car's vibe change engine is here. Hang tight!</p><p>Your car is meant to drive you places. If it’s atmosphere is driving you crazy instead, it’s time to consider premium car fragrances that come with Aromahpure Hanging Pod. Steer towards calm with premium car perfumes and turn chaotic traffic jams into a sensory escape. This long lasting car perfume uses a natural beechwood cap, ensuring a slow and consistent fragrance release for up to 30 days.</p>",2026-09-24T05:03:54.351883+00:00,data/raw\aromapure\products_20260924T050352Z.json,data/raw\aromapure\product_pages\8898770436378_47555394306330.html,out_of_scope_car_only,AromaPure Official,
AromaPure Official,AromaPure,https://aromahpure.com/products.json,https://aromahpure.com/products/car-perfume-spray-with-hanging-card-icy-blast,8348359328026_45309730357530,,CAR_MIST_HANGER_ICY_BLAST_45ML,Icy Blast Car Perfume Spray with Hanging Card | Refreshing | 45ml | 500+ sprays | Long Lasting | Air Freshener for Car Interior - Icy Blast / 1 / Aqua,Aromahpure,,,,"['Car Perfume', 'Classic', 'Hanging', 'Hanging Card with Spray', 'offer-Buy 2 Get 1 Free', 'Pack of 1']",449.00,499.00,,Icy Blast / 1 / Aqua,,1,In Stock,,"Experience a calming sensation as the refreshing aroma and ocean breeze of aqua scent envelops your senses, creating a peaceful and comforting atmosphere during your drive. Aromahpure car perfume spray with hanging card Crafted with natural ingredients and infused with essential oil to make your drive more relaxing. The spray bottle is accompanied by a hanging card, allowing you to easily attach it to your car's rearview mirror or any other suitable location. <br>",2026-09-24T05:03:54.351883+00:00,data/raw\aromapure\products_20260924T050352Z.json,data/raw\aromapure\product_pages\8348359328026_45309730357530.html,out_of_scope_car_only,AromaPure Official,
AromaPure Official,AromaPure,https://aromahpure.com/products.json,https://aromahpure.com/products/car-perfume-spray-with-hanging-card-icy-blast,8348359328026_45778026397978,,CAR_MIST_HANGER_ICY_BLAST_45ML_2,Icy Blast Car Perfume Spray with Hanging Card | Refreshing | 45ml | 500+ sprays | Long Lasting | Air Freshener for Car Interior - Icy Blast / 2 / Aqua,Aromahpure,,,,"['Car Perfume', 'Classic', 'Hanging', 'Hanging Card with Spray', 'offer-Buy 2 Get 1 Free', 'Pack of 1']",898.00,998.00,,Icy Blast / 2 / Aqua,,1,In Stock,,"Experience a calming sensation as the refreshing aroma and ocean breeze of aqua scent envelops your senses, creating a peaceful and comforting atmosphere during your drive. Aromahpure car perfume spray with hanging card Crafted with natural ingredients and infused with essential oil to make your drive more relaxing. The spray bottle is accompanied by a hanging card, allowing you to easily attach it to your car's rearview mirror or any other suitable location. <br>",2026-09-24T05:03:54.351883+00:00,data/raw\aromapure\products_20260924T050352Z.json,data/raw\aromapure\product_pages\8348359328026_45309730357530.html,out_of_scope_car_only,AromaPure Official,
AromaPure Official,AromaPure,https://aromahpure.com/products.json,https://aromahpure.com/products/car-perfume-spray-with-hanging-card-icy-blast,8348359328026_45778026430746,,CAR_MIST_HANGER_ICY_BLAST_45ML_3,Icy Blast Car Perfume Spray with Hanging Card | Refreshing | 45ml | 500+ sprays | Long Lasting | Air Freshener for Car Interior - Icy Blast / 3 / Aqua,Aromahpure,,,,"['Car Perfume', 'Classic', 'Hanging', 'Hanging Card with Spray', 'offer-Buy 2 Get 1 Free', 'Pack of 1']",1397.00,1497.00,,Icy Blast / 3 / Aqua,,1,In Stock,,"Experience a calming sensation as the refreshing aroma and ocean breeze of aqua scent envelops your senses, creating a peaceful and comforting atmosphere during your drive. Aromahpure car perfume spray with hanging card Crafted with natural ingredients and infused with essential oil to make your drive more relaxing. The spray bottle is accompanied by a hanging card, allowing you to easily attach it to your car's rearview mirror or any other suitable location. <br>",2026-09-24T05:03:54.351883+00:00,data/raw\aromapure\products_20260924T050352Z.json,data/raw\aromapure\product_pages\8348359328026_45309730357530.html,out_of_scope_car_only,AromaPure Official,
AromaPure Official,AromaPure,https://aromahpure.com/products.json,https://aromahpure.com/products/car-perfume-spray-with-hanging-card-cool-splash,8348359164186_45309730193690,,CAR_MIST_HANGER_COOL_SPLASH_45ML,"Aromahpure Refreshing Car Perfume Spray with Hanging Card (Cool Splash) - Cool splash / 1 / Lemon, mint",Aromahpure,,,,"['Car Perfume', 'Hanging', 'Hanging Card with Spray', 'offer-Buy 2 Get 1 Free', 'Pack of 1', 'Refreshing']",449.00,499.00,,"Cool splash / 1 / Lemon, mint",,1,In Stock,,"<p>Indulge in the irresistible scent of zesty lemon and invigorating mint as it infuses your drive with a tranquil and soothing aroma. Aromahpure car perfume spray with hanging card crafted with natural ingredients and infused with essential oil to make your drive more relaxing. The spray bottle is accompanied by a hanging card, allowing you to easily attach it to your car's rearview mirror or any other suitable location.</p>",2026-09-24T05:03:54.351883+00:00,data/raw\aromapure\products_20260924T050352Z.json,data/raw\aromapure\product_pages\8348359164186_45309730193690.html,out_of_scope_car_only,AromaPure Official,
AromaPure Official,AromaPure,https://aromahpure.com/products.json,https://aromahpure.com/products/car-perfume-spray-with-hanging-card-cool-splash,8348359164186_45778062016794,,CAR_MIST_HANGER_COOL_SPLASH_45ML_2,"Aromahpure Refreshing Car Perfume Spray with Hanging Card (Cool Splash) - Cool splash / 2 / Lemon, mint",Aromahpure,,,,"['Car Perfume', 'Hanging', 'Hanging Card with Spray', 'offer-Buy 2 Get 1 Free', 'Pack of 1', 'Refreshing']",898.00,998.00,,"Cool splash / 2 / Lemon, mint",,1,In Stock,,"<p>Indulge in the irresistible scent of zesty lemon and invigorating mint as it infuses your drive with a tranquil and soothing aroma. Aromahpure car perfume spray with hanging card crafted with natural ingredients and infused with essential oil to make your drive more relaxing. The spray bottle is accompanied by a hanging card, allowing you to easily attach it to your car's rearview mirror or any other suitable location.</p>",2026-09-24T05:03:54.351883+00:00,data/raw\aromapure\products_20260924T050352Z.json,data/raw\aromapure\product_pages\8348359164186_45309730193690.html,out_of_scope_car_only,AromaPure Official,
AromaPure Official,AromaPure,https://aromahpure.com/products.json,https://aromahpure.com/products/car-perfume-spray-with-hanging-card-cool-splash,8348359164186_45778062049562,,CAR_MIST_HANGER_COOL_SPLASH_45ML_3,"Aromahpure Refreshing Car Perfume Spray with Hanging Card (Cool Splash) - Cool splash / 3 / Lemon, mint",Aromahpure,,,,"['Car Perfume', 'Hanging', 'Hanging Card with Spray', 'offer-Buy 2 Get 1 Free', 'Pack of 1', 'Refreshing']",1397.00,1497.00,,"Cool splash / 3 / Lemon, mint",,1,In Stock,,"<p>Indulge in the irresistible scent of zesty lemon and invigorating mint as it infuses your drive with a tranquil and soothing aroma. Aromahpure car perfume spray with hanging card crafted with natural ingredients and infused with essential oil to make your drive more relaxing. The spray bottle is accompanied by a hanging card, allowing you to easily attach it to your car's rearview mirror or any other suitable location.</p>",2026-09-24T05:03:54.351883+00:00,data/raw\aromapure\products_20260924T050352Z.json,data/raw\aromapure\product_pages\8348359164186_45309730193690.html,out_of_scope_car_only,AromaPure Official,
AromaPure Official,AromaPure,https://aromahpure.com/products.json,https://aromahpure.com/products/premium-car-mist-tropical-breeze-orange-peach-lavender-sage,8591045951770_46581592391962,,MIST_DELIGHT_100_ML,"Premium Car Mist | Kashmiri Delight | 800+ Sprays | Car Spray Perfume | Luxury Car Perfume - Kashmir Delight / 1 / Orange, Peach, Lavender, Sage",Aromahpure,,,,"['car mist', 'Car Perfume', 'Mist', 'offer-Buy 1 Get 1 Free', 'Pack Of 1']",494.00,499.00,,"Kashmir Delight / 1 / Orange, Peach, Lavender, Sage",,1,In Stock,,"<p>Experience the exquisite fusion of Kashmir Delight, where the alluring notes of Lavender and Peach intermingle with the delightful zest of Orange. The blend is concluded with the earthy, calming perfume of Sage, which lingers in the car long after you've departed. Crafted with natural ingredients infused with essential oils, it helps in relaxation while driving. Each spray emits a fine mist that evenly spreads around your car, filling the air with a tantalising fragrance.<br></p>",2026-09-24T05:03:54.351883+00:00,data/raw\aromapure\products_20260924T050352Z.json,data/raw\aromapure\product_pages\8591045951770_46581592391962.html,out_of_scope_car_only,AromaPure Official,
AromaPure Official,AromaPure,https://aromahpure.com/products.json,https://aromahpure.com/products/premium-car-mist-tropical-breeze-orange-peach-lavender-sage,8591045951770_46581598945562,,MIST_DELIGHT_100_ML_2,"Premium Car Mist | Kashmiri Delight | 800+ Sprays | Car Spray Perfume | Luxury Car Perfume - Kashmir Delight / 2 / Orange, Peach, Lavender, Sage",Aromahpure,,,,"['car mist', 'Car Perfume', 'Mist', 'offer-Buy 1 Get 1 Free', 'Pack Of 1']",948.00,998.00,,"Kashmir Delight / 2 / Orange, Peach, Lavender, Sage",,1,In Stock,,"<p>Experience the exquisite fusion of Kashmir Delight, where the alluring notes of Lavender and Peach intermingle with the delightful zest of Orange. The blend is concluded with the earthy, calming perfume of Sage, which lingers in the car long after you've departed. Crafted with natural ingredients infused with essential oils, it helps in relaxation while driving. Each spray emits a fine mist that evenly spreads around your car, filling the air with a tantalising fragrance.<br></p>",2026-09-24T05:03:54.351883+00:00,data/raw\aromapure\products_20260924T050352Z.json,data/raw\aromapure\product_pages\8591045951770_46581592391962.html,out_of_scope_car_only,AromaPure Official,
AromaPure Official,AromaPure,https://aromahpure.com/products.json,https://aromahpure.com/products/premium-car-mist-tropical-breeze-orange-peach-lavender-sage,8591045951770_46581598978330,,MIST_DELIGHT_100_ML_3,"Premium Car Mist | Kashmiri Delight | 800+ Sprays | Car Spray Perfume | Luxury Car Perfume - Kashmir Delight / 3 / Orange, Peach, Lavender, Sage",Aromahpure,,,,"['car mist', 'Car Perfume', 'Mist', 'offer-Buy 1 Get 1 Free', 'Pack Of 1']",1347.00,1497.00,,"Kashmir Delight / 3 / Orange, Peach, Lavender, Sage",,1,In Stock,,"<p>Experience the exquisite fusion of Kashmir Delight, where the alluring notes of Lavender and Peach intermingle with the delightful zest of Orange. The blend is concluded with the earthy, calming perfume of Sage, which lingers in the car long after you've departed. Crafted with natural ingredients infused with essential oils, it helps in relaxation while driving. Each spray emits a fine mist that evenly spreads around your car, filling the air with a tantalising fragrance.<br></p>",2026-09-24T05:03:54.351883+00:00,data/raw\aromapure\products_20260924T050352Z.json,data/raw\aromapure\product_pages\8591045951770_46581592391962.html,out_of_scope_car_only,AromaPure Official,
AromaPure Official,AromaPure,https://aromahpure.com/products.json,https://aromahpure.com/products/car-mist-apple-tropical-breeze-pineapple-lily-jasmine,8247027728666_45299074498842,,MIST_BREEZE_100_ML,"Premium Car Mist | Tropical Breeze | 800+ Sprays | 100 ml | Car Spray Perfume | Luxury Car Perfume | - Tropical Breeze / 1 / Apple, Pineapple, Lily, Jasmine",Aromahpure,,,,"['All', 'Car Perfume', 'Floral', 'Fruity', 'Mist', 'offer-Buy 1 Get 1 Free', 'Pack of 1', 'Tropical Breeze']",494.00,499.00,,"Tropical Breeze / 1 / Apple, Pineapple, Lily, Jasmine",,1,Out of Stock,,"<p>Enjoy the extravagant blend of Tropical Breeze, where the captivating essence of Apple and Pineapple intertwine with the rejuvenating scent of Lily and Jasmine. Feel ultimate relaxation while driving with our expertly crafted blend of natural ingredients infused with essential oils. A fine mist is released from each spray, which disperses uniformly across your automobile and fills the space with an enticing aroma.</p>",2026-09-24T05:03:54.351883+00:00,data/raw\aromapure\products_20260924T050352Z.json,data/raw\aromapure\product_pages\8247027728666_45299074498842.html,out_of_scope_car_only,AromaPure Official,
AromaPure Official,AromaPure,https://aromahpure.com/products.json,https://aromahpure.com/products/car-mist-apple-tropical-breeze-pineapple-lily-jasmine,8247027728666_46569998876954,,MIST_BREEZE_100_ML_2,"Premium Car Mist | Tropical Breeze | 800+ Sprays | 100 ml | Car Spray Perfume | Luxury Car Perfume | - Tropical Breeze / 2 / Apple, Pineapple, Lily, Jasmine",Aromahpure,,,,"['All', 'Car Perfume', 'Floral', 'Fruity', 'Mist', 'offer-Buy 1 Get 1 Free', 'Pack of 1', 'Tropical Breeze']",948.00,998.00,,"Tropical Breeze / 2 / Apple, Pineapple, Lily, Jasmine",,1,Out of Stock,,"<p>Enjoy the extravagant blend of Tropical Breeze, where the captivating essence of Apple and Pineapple intertwine with the rejuvenating scent of Lily and Jasmine. Feel ultimate relaxation while driving with our expertly crafted blend of natural ingredients infused with essential oils. A fine mist is released from each spray, which disperses uniformly across your automobile and fills the space with an enticing aroma.</p>",2026-09-24T05:03:54.351883+00:00,data/raw\aromapure\products_20260924T050352Z.json,data/raw\aromapure\product_pages\8247027728666_45299074498842.html,out_of_scope_car_only,AromaPure Official,
AromaPure Official,AromaPure,https://aromahpure.com/products.json,https://aromahpure.com/products/car-mist-apple-tropical-breeze-pineapple-lily-jasmine,8247027728666_46569998909722,,MIST_BREEZE_100_ML_3,"Premium Car Mist | Tropical Breeze | 800+ Sprays | 100 ml | Car Spray Perfume | Luxury Car Perfume | - Tropical Breeze / 3 / Apple, Pineapple, Lily, Jasmine",Aromahpure,,,,"['All', 'Car Perfume', 'Floral', 'Fruity', 'Mist', 'offer-Buy 1 Get 1 Free', 'Pack of 1', 'Tropical Breeze']",1347.00,1497.00,,"Tropical Breeze / 3 / Apple, Pineapple, Lily, Jasmine",,1,Out of Stock,,"<p>Enjoy the extravagant blend of Tropical Breeze, where the captivating essence of Apple and Pineapple intertwine with the rejuvenating scent of Lily and Jasmine. Feel ultimate relaxation while driving with our expertly crafted blend of natural ingredients infused with essential oils. A fine mist is released from each spray, which disperses uniformly across your automobile and fills the space with an enticing aroma.</p>",2026-09-24T05:03:54.351883+00:00,data/raw\aromapure\products_20260924T050352Z.json,data/raw\aromapure\product_pages\8247027728666_45299074498842.html,out_of_scope_car_only,AromaPure Official,
AromaPure Official,AromaPure,https://aromahpure.com/products.json,https://aromahpure.com/products/car-mist-spray-magical-grove-galbanam-bergamot-patchouli-musk,8247027663130_45299074171162,,MIST_GROVE_100_ML,"Premium Car Mist | Magical Grove | 800+ Sprays | 100 ml | Car Spray Perfume | Luxury Car Perfume - Magical Grove / 1 / Galbanam, Bergamot, Patchouli, Musk",Aromahpure,,,,"['All', 'Car Perfume', 'Classic', 'FRSBF', 'Fruity', 'Magical Grove', 'Mist', 'offer-Buy 1 Get 1 Free', 'Pack of 1']",494.00,499.00,,"Magical Grove / 1 / Galbanam, Bergamot, Patchouli, Musk",,1,Out of Stock,,"<p>Indulge in the luscious blend of Magical Grove, where the tantalising hints of Patchouli and musk intertwine with the delightful zest of Bergamot. The mixture is finished off with the woody and comforting scent of Galbanum, leaving behind an enticing aroma long after you've left the car. Crafted with natural ingredients infused with essential oils helps in relaxation while driving. Each spray emits a fine mist that evenly spreads around your car, filling the air with a tantalizing fragrance.<br></p>",2026-09-24T05:03:54.351883+00:00,data/raw\aromapure\products_20260924T050352Z.json,data/raw\aromapure\product_pages\8247027663130_45299074171162.html,out_of_scope_car_only,AromaPure Official,
AromaPure Official,AromaPure,https://aromahpure.com/products.json,https://aromahpure.com/products/car-mist-spray-magical-grove-galbanam-bergamot-patchouli-musk,8247027663130_46569999106330,,MIST_GROVE_100_ML_2,"Premium Car Mist | Magical Grove | 800+ Sprays | 100 ml | Car Spray Perfume | Luxury Car Perfume - Magical Grove / 2 / Galbanam, Bergamot, Patchouli, Musk",Aromahpure,,,,"['All', 'Car Perfume', 'Classic', 'FRSBF', 'Fruity', 'Magical Grove', 'Mist', 'offer-Buy 1 Get 1 Free', 'Pack of 1']",948.00,998.00,,"Magical Grove / 2 / Galbanam, Bergamot, Patchouli, Musk",,1,Out of Stock,,"<p>Indulge in the luscious blend of Magical Grove, where the tantalising hints of Patchouli and musk intertwine with the delightful zest of Bergamot. The mixture is finished off with the woody and comforting scent of Galbanum, leaving behind an enticing aroma long after you've left the car. Crafted with natural ingredients infused with essential oils helps in relaxation while driving. Each spray emits a fine mist that evenly spreads around your car, filling the air with a tantalizing fragrance.<br></p>",2026-09-24T05:03:54.351883+00:00,data/raw\aromapure\products_20260924T050352Z.json,data/raw\aromapure\product_pages\8247027663130_45299074171162.html,out_of_scope_car_only,AromaPure Official,
AromaPure Official,AromaPure,https://aromahpure.com/products.json,https://aromahpure.com/products/car-mist-spray-magical-grove-galbanam-bergamot-patchouli-musk,8247027663130_46569999139098,,MIST_GROVE_100_ML_3,"Premium Car Mist | Magical Grove | 800+ Sprays | 100 ml | Car Spray Perfume | Luxury Car Perfume - Magical Grove / 3 / Galbanam, Bergamot, Patchouli, Musk",Aromahpure,,,,"['All', 'Car Perfume', 'Classic', 'FRSBF', 'Fruity', 'Magical Grove', 'Mist', 'offer-Buy 1 Get 1 Free', 'Pack of 1']",1347.00,1497.00,,"Magical Grove / 3 / Galbanam, Bergamot, Patchouli, Musk",,1,Out of Stock,,"<p>Indulge in the luscious blend of Magical Grove, where the tantalising hints of Patchouli and musk intertwine with the delightful zest of Bergamot. The mixture is finished off with the woody and comforting scent of Galbanum, leaving behind an enticing aroma long after you've left the car. Crafted with natural ingredients infused with essential oils helps in relaxation while driving. Each spray emits a fine mist that evenly spreads around your car, filling the air with a tantalizing fragrance.<br></p>",2026-09-24T05:03:54.351883+00:00,data/raw\aromapure\products_20260924T050352Z.json,data/raw\aromapure\product_pages\8247027663130_45299074171162.html,out_of_scope_car_only,AromaPure Official,
AromaPure Official,AromaPure,https://aromahpure.com/products.json,https://aromahpure.com/products/1001,8547656696090_46345764241690,,,#1001,Aromahpure,,,,[],0.00,,,Default Title,,,In Stock,,<p></p>,2026-09-24T05:03:54.351883+00:00,data/raw\aromapure\products_20260924T050352Z.json,data/raw\aromapure\product_pages\8547656696090_46345764241690.html,invalid_or_zero_price,,
AromaPure Official,AromaPure,https://aromahpure.com/products.json,https://aromahpure.com/products/aroma1002,8547656597786_46345763946778,,,#Aroma1002,Aromahpure,,,,[],0.00,,,Default Title,,,In Stock,,<p></p>,2026-09-24T05:03:54.351883+00:00,data/raw\aromapure\products_20260924T050352Z.json,data/raw\aromapure\product_pages\8547656597786_46345763946778.html,invalid_or_zero_price,,
AromaPure Official,AromaPure,https://aromahpure.com/products.json,https://aromahpure.com/products/car-perfumes-1,8400085582106_45531954905370,,,Car Perfumes,Box Builder,Box Builder,,Box Builder,[],0.00,,,Default Title,,,In Stock,,<p></p>,2026-09-24T05:03:54.351883+00:00,data/raw\aromapure\products_20260924T050352Z.json,data/raw\aromapure\product_pages\8400085582106_45531954905370.html,invalid_brand,,
AromaPure Official,AromaPure,https://aromahpure.com/products.json,https://aromahpure.com/products/car-perfumes-1,8400085582106_45531970863386,,3XkcUzO,Car Perfumes - 3 item(s) at 999: 3XkcUzO,Box Builder,Box Builder,,Box Builder,[],999.00,,,3 item(s) at 999: 3XkcUzO,,,In Stock,,<p></p>,2026-09-24T05:03:54.351883+00:00,data/raw\aromapure\products_20260924T050352Z.json,data/raw\aromapure\product_pages\8400085582106_45531954905370.html,invalid_brand,,
AromaPure Official,AromaPure,https://aromahpure.com/products.json,https://aromahpure.com/products/car-perfumes-1,8400085582106_45532018344218,,3Xb09lA,Car Perfumes - 3 item(s) at 999: 3Xb09lA,Box Builder,Box Builder,,Box Builder,[],999.00,,,3 item(s) at 999: 3Xb09lA,,,In Stock,,<p></p>,2026-09-24T05:03:54.351883+00:00,data/raw\aromapure\products_20260924T050352Z.json,data/raw\aromapure\product_pages\8400085582106_45531954905370.html,invalid_brand,,
AromaPure Official,AromaPure,https://aromahpure.com/products.json,https://aromahpure.com/products/car-perfumes-1,8400085582106_45532219867418,,3XMILpw,Car Perfumes - 3 item(s) at 999: 3XMILpw,Box Builder,Box Builder,,Box Builder,[],999.00,,,3 item(s) at 999: 3XMILpw,,,In Stock,,<p></p>,2026-09-24T05:03:54.351883+00:00,data/raw\aromapure\products_20260924T050352Z.json,data/raw\aromapure\product_pages\8400085582106_45531954905370.html,invalid_brand,,
AromaPure Official,AromaPure,https://aromahpure.com/products.json,https://aromahpure.com/products/car-perfume-spray-with-hanging-card-lemon-mint,8367129198874_45378235334938,,CAR_MIST_VIRGIN_MOJITO_45_ML,Aromahpure Car Perfume Spray with Hanging Card (Lemon & Mint) - Sparkling Martini / 1 / Lemon and Mint,Aromahpure,,,,['new arrivals'],449.00,499.00,,Sparkling Martini / 1 / Lemon and Mint,,4,In Stock,,"<p>The Aromahpure Car Perfume Spray with Hanging Card is a great way to breathe new life into your car's interior. Mint and lemon, two of nature's most calming and revitalising scents, come together in this calming car fragrance solution. Crafted with natural ingredients and infused with essential oil to make your drive more relaxing.The spray bottle is accompanied by a hanging card, allowing you to easily attach it to your car's rearview mirror or any other suitable location.</p>",2026-09-24T05:03:54.351883+00:00,data/raw\aromapure\products_20260924T050352Z.json,data/raw\aromapure\product_pages\8367129198874_45378235334938.html,out_of_scope_car_only,AromaPure Official,
AromaPure Official,AromaPure,https://aromahpure.com/products.json,https://aromahpure.com/products/car-perfume-spray-with-hanging-card-lemon-mint,8367129198874_45378235367706,,CAR_MIST_VIRGIN_MOJITO_45_ML_2,Aromahpure Car Perfume Spray with Hanging Card (Lemon & Mint) - Sparkling Martini / 2 / Lemon and Mint,Aromahpure,,,,['new arrivals'],898.00,998.00,,Sparkling Martini / 2 / Lemon and Mint,,4,In Stock,,"<p>The Aromahpure Car Perfume Spray with Hanging Card is a great way to breathe new life into your car's interior. Mint and lemon, two of nature's most calming and revitalising scents, come together in this calming car fragrance solution. Crafted with natural ingredients and infused with essential oil to make your drive more relaxing.The spray bottle is accompanied by a hanging card, allowing you to easily attach it to your car's rearview mirror or any other suitable location.</p>",2026-09-24T05:03:54.351883+00:00,data/raw\aromapure\products_20260924T050352Z.json,data/raw\aromapure\product_pages\8367129198874_45378235334938.html,out_of_scope_car_only,AromaPure Official,
AromaPure Official,AromaPure,https://aromahpure.com/products.json,https://aromahpure.com/products/car-perfume-spray-with-hanging-card-lemon-mint,8367129198874_45378235400474,,CAR_MIST_VIRGIN_MOJITO_45_ML_3,Aromahpure Car Perfume Spray with Hanging Card (Lemon & Mint) - Sparkling Martini / 3 / Lemon and Mint,Aromahpure,,,,['new arrivals'],1397.00,1497.00,,Sparkling Martini / 3 / Lemon and Mint,,4,In Stock,,"<p>The Aromahpure Car Perfume Spray with Hanging Card is a great way to breathe new life into your car's interior. Mint and lemon, two of nature's most calming and revitalising scents, come together in this calming car fragrance solution. Crafted with natural ingredients and infused with essential oil to make your drive more relaxing.The spray bottle is accompanied by a hanging card, allowing you to easily attach it to your car's rearview mirror or any other suitable location.</p>",2026-09-24T05:03:54.351883+00:00,data/raw\aromapure\products_20260924T050352Z.json,data/raw\aromapure\product_pages\8367129198874_45378235334938.html,out_of_scope_car_only,AromaPure Official,
Amazon India,Odonil,https://www.amazon.in/s?k=Odonil+air+freshener,https://www.amazon.in/dp/B07VCC76MN,B07VCC76MN,B07VCC76MN,,Odonil,Odonil,,,,[],199,39.80,,,4.2,4,In Stock,,,2026-09-24T05:07:22.770104+00:00,data/raw\amazon\odonil\search_q1_p1_20260924T050717Z.html,,duplicate_canonical_product,Amazon India,Amazon India
Amazon India,Odonil,https://www.amazon.in/s?k=Odonil+air+freshener,https://www.amazon.in/dp/B0GKPJ16GY,B0GKPJ16GY,B0GKPJ16GY,,Odonil,Odonil,,,,[],199,398,,,4.1,4,In Stock,,,2026-09-24T05:07:22.770104+00:00,data/raw\amazon\odonil\search_q1_p1_20260924T050717Z.html,,duplicate_canonical_product,Amazon India,Amazon India
Amazon India,Odonil,https://www.amazon.in/s?k=Odonil+air+freshener&page=2,https://www.amazon.in/dp/B0144P0BJ6,B0144P0BJ6,B0144P0BJ6,,Odonil,Odonil,,,,[],,,,,3.9,3,In Stock,,,2026-09-24T05:07:28.625832+00:00,data/raw\amazon\odonil\search_q1_p2_20260924T050722Z.html,,invalid_or_zero_price,Amazon India,Amazon India
Amazon India,Odonil,https://www.amazon.in/s?k=Odonil+air+freshener&page=2,https://www.amazon.in/dp/B0B855HZ7Y,B0B855HZ7Y,B0B855HZ7Y,,ODONIL AIR FRESHENER,Odonil,,,,[],,,,,,,In Stock,,,2026-09-24T05:07:28.625832+00:00,data/raw\amazon\odonil\search_q1_p2_20260924T050722Z.html,,invalid_or_zero_price,,
Amazon India,Odonil,https://www.amazon.in/s?k=Odonil+air+freshener&page=2,https://www.amazon.in/dp/B08S41T1HB,B08S41T1HB,B08S41T1HB,,Odonil,Odonil,,,,[],,,,,5.0,5,In Stock,,,2026-09-24T05:07:28.625832+00:00,data/raw\amazon\odonil\search_q1_p2_20260924T050722Z.html,,invalid_or_zero_price,Amazon India,Amazon India
Amazon India,Odonil,https://www.amazon.in/s?k=Odonil+room+spray+pocket,https://www.amazon.in/dp/B0GKPJ16GY,B0GKPJ16GY,B0GKPJ16GY,,Odonil,Odonil,,,,[],199,398,,,4.1,4,In Stock,,,2026-09-24T05:07:34.761045+00:00,data/raw\amazon\odonil\search_q2_p1_20260924T050728Z.html,,duplicate_canonical_product,Amazon India,Amazon India
Amazon India,Odonil,https://www.amazon.in/s?k=Odonil+room+spray+pocket,https://www.amazon.in/dp/B09TVVWTG3,B09TVVWTG3,B09TVVWTG3,,Odonil,Odonil,,,,[],213,73.96,,,4.3,4,In Stock,,,2026-09-24T05:07:34.761045+00:00,data/raw\amazon\odonil\search_q2_p1_20260924T050728Z.html,,duplicate_canonical_product,Amazon India,Amazon India
Amazon India,Odonil,https://www.amazon.in/s?k=Odonil+room+spray+pocket,https://www.amazon.in/dp/B0GKPJ16GY,B0GKPJ16GY,B0GKPJ16GY,,Odonil,Odonil,,,,[],199,398,,,4.1,4,In Stock,,,2026-09-24T05:07:34.761045+00:00,data/raw\amazon\odonil\search_q2_p1_20260924T050728Z.html,,duplicate_canonical_product,Amazon India,Amazon India
Amazon India,Odonil,https://www.amazon.in/s?k=Odonil+room+spray+pocket,https://www.amazon.in/dp/B0B3XPJTFG,B0B3XPJTFG,B0B3XPJTFG,,Odonil,Odonil,,,,[],189,94.50,,,4.2,4,In Stock,,,2026-09-24T05:07:34.761045+00:00,data/raw\amazon\odonil\search_q2_p1_20260924T050728Z.html,,duplicate_canonical_product,Amazon India,Amazon India
Amazon India,Odonil,https://www.amazon.in/s?k=Odonil+room+spray+pocket,https://www.amazon.in/dp/B0BNMSYWPL,B0BNMSYWPL,B0BNMSYWPL,,Odonil,Odonil,,,,[],199,99.50,,,4.2,4,In Stock,,,2026-09-24T05:07:34.761045+00:00,data/raw\amazon\odonil\search_q2_p1_20260924T050728Z.html,,duplicate_canonical_product,Amazon India,Amazon India
Amazon India,Odonil,https://www.amazon.in/s?k=Odonil+room+spray+pocket,https://www.amazon.in/dp/B0B3XQ8GVQ,B0B3XQ8GVQ,B0B3XQ8GVQ,,Odonil,Odonil,,,,[],199,99.50,,,4.2,4,In Stock,,,2026-09-24T05:07:34.761045+00:00,data/raw\amazon\odonil\search_q2_p1_20260924T050728Z.html,,duplicate_canonical_product,Amazon India,Amazon India
Amazon India,Odonil,https://www.amazon.in/s?k=Odonil+room+spray+pocket,https://www.amazon.in/dp/B0B3XP25LH,B0B3XP25LH,B0B3XP25LH,,Odonil,Odonil,,,,[],199,99.50,,,4.3,4,In Stock,,,2026-09-24T05:07:34.761045+00:00,data/raw\amazon\odonil\search_q2_p1_20260924T050728Z.html,,duplicate_canonical_product,Amazon India,Amazon India
Amazon India,Odonil,https://www.amazon.in/s?k=Odonil+room+spray+pocket,https://www.amazon.in/dp/B00TS8BMF2,B00TS8BMF2,B00TS8BMF2,,Odonil,Odonil,,,,[],99,9900,,,4.2,4,In Stock,,,2026-09-24T05:07:34.761045+00:00,data/raw\amazon\odonil\search_q2_p1_20260924T050728Z.html,,duplicate_canonical_product,Amazon India,Amazon India
Amazon India,Odonil,https://www.amazon.in/s?k=Odonil+room+spray+pocket,https://www.amazon.in/dp/B0BYJCN8K9,B0BYJCN8K9,B0BYJCN8K9,,Odonil,Odonil,,,,['Supersaver'],149,165.56,,,4.1,4,In Stock,,,2026-09-24T05:07:34.761045+00:00,data/raw\amazon\odonil\search_q2_p1_20260924T050728Z.html,,duplicate_canonical_product,Amazon India,Amazon India
Amazon India,Odonil,https://www.amazon.in/s?k=Odonil+room+spray+pocket,https://www.amazon.in/dp/B07VCC76MN,B07VCC76MN,B07VCC76MN,,Odonil,Odonil,,,,[],199,39.80,,,4.2,4,In Stock,,,2026-09-24T05:07:34.761045+00:00,data/raw\amazon\odonil\search_q2_p1_20260924T050728Z.html,,duplicate_canonical_product,Amazon India,Amazon India
Amazon India,Odonil,https://www.amazon.in/s?k=Odonil+room+spray+pocket,https://www.amazon.in/dp/B0BNMSYJ2W,B0BNMSYJ2W,B0BNMSYJ2W,,Odonil,Odonil,,,,[],199,99.50,,,4.2,4,In Stock,,,2026-09-24T05:07:34.761045+00:00,data/raw\amazon\odonil\search_q2_p1_20260924T050728Z.html,,duplicate_canonical_product,Amazon India,Amazon India
Amazon India,Odonil,https://www.amazon.in/s?k=Odonil+room+spray+pocket,https://www.amazon.in/dp/B0BPCNFT1X,B0BPCNFT1X,B0BPCNFT1X,,Odonil,Odonil,,,,[],51,510,,,4.1,4,In Stock,,,2026-09-24T05:07:34.761045+00:00,data/raw\amazon\odonil\search_q2_p1_20260924T050728Z.html,,duplicate_canonical_product,Amazon India,Amazon India
Amazon India,Odonil,https://www.amazon.in/s?k=Odonil+room+spray+pocket,https://www.amazon.in/dp/B07C7VLNM1,B07C7VLNM1,B07C7VLNM1,,Odonil,Odonil,,,,[],129,43,,,4.1,4,In Stock,,,2026-09-24T05:07:34.761045+00:00,data/raw\amazon\odonil\search_q2_p1_20260924T050728Z.html,,duplicate_canonical_product,Amazon India,Amazon India
Amazon India,Odonil,https://www.amazon.in/s?k=Odonil+room+spray+pocket,https://www.amazon.in/dp/B0DFT3CY3M,B0DFT3CY3M,B0DFT3CY3M,,Odonil,Odonil,,,,[],270,60,,,4.2,4,In Stock,,,2026-09-24T05:07:34.761045+00:00,data/raw\amazon\odonil\search_q2_p1_20260924T050728Z.html,,duplicate_canonical_product,Amazon India,Amazon India
Amazon India,Odonil,https://www.amazon.in/s?k=Odonil+room+spray+pocket,https://www.amazon.in/dp/B0D9BW13YJ,B0D9BW13YJ,B0D9BW13YJ,,Odonil,Odonil,,,,[],499,99.80,,,4.0,4,In Stock,,,2026-09-24T05:07:34.761045+00:00,data/raw\amazon\odonil\search_q2_p1_20260924T050728Z.html,,duplicate_canonical_product,Amazon India,Amazon India
Amazon India,Odonil,https://www.amazon.in/s?k=Odonil+room+spray+pocket,https://www.amazon.in/dp/B0F4RFNB1V,B0F4RFNB1V,B0F4RFNB1V,,Odonil,Odonil,,,,[],287,47.83,,,4.3,4,In Stock,,,2026-09-24T05:07:34.761045+00:00,data/raw\amazon\odonil\search_q2_p1_20260924T050728Z.html,,duplicate_canonical_product,Amazon India,Amazon India
Amazon India,Odonil,https://www.amazon.in/s?k=Odonil+room+spray+pocket,https://www.amazon.in/dp/B0BPCNLG5P,B0BPCNLG5P,B0BPCNLG5P,,Odonil,Odonil,,,,[],51,510,,,4.0,4,In Stock,,,2026-09-24T05:07:34.761045+00:00,data/raw\amazon\odonil\search_q2_p1_20260924T050728Z.html,,duplicate_canonical_product,Amazon India,Amazon India
Amazon India,Odonil,https://www.amazon.in/s?k=Odonil+room+spray+pocket,https://www.amazon.in/dp/B0BNMRHTGM,B0BNMRHTGM,B0BNMRHTGM,,Odonil,Odonil,,,,[],239,119.50,,,4.2,4,In Stock,,,2026-09-24T05:07:34.761045+00:00,data/raw\amazon\odonil\search_q2_p1_20260924T050728Z.html,,duplicate_canonical_product,Amazon India,Amazon India
Amazon India,Odonil,https://www.amazon.in/s?k=Odonil+room+spray+pocket,https://www.amazon.in/dp/B07V5W2GZR,B07V5W2GZR,B07V5W2GZR,,Odonil,Odonil,,,,[],109,71.24,,,4.3,4,In Stock,,,2026-09-24T05:07:34.761045+00:00,data/raw\amazon\odonil\search_q2_p1_20260924T050728Z.html,,duplicate_canonical_product,Amazon India,Amazon India
Amazon India,Odonil,https://www.amazon.in/s?k=Odonil+room+spray+pocket,https://www.amazon.in/dp/B0BH354RTX,B0BH354RTX,B0BH354RTX,,"Odonil Room Air Freshener Spray,Jasmine Fresh,Room Freshener Spray-220ml",Odonil,,,,[],135,61.36,,,4.7,4,In Stock,,,2026-09-24T05:07:34.761045+00:00,data/raw\amazon\odonil\search_q2_p1_20260924T050728Z.html,,duplicate_canonical_product,Amazon India,Amazon India
Amazon India,Odonil,https://www.amazon.in/s?k=Odonil+room+spray+pocket,https://www.amazon.in/dp/B07V4CQ4P8,B07V4CQ4P8,B07V4CQ4P8,,Odonil,Odonil,,,,[],160,160,,,3.9,3,In Stock,,,2026-09-24T05:07:34.761045+00:00,data/raw\amazon\odonil\search_q2_p1_20260924T050728Z.html,,duplicate_canonical_product,Amazon India,Amazon India
Amazon India,Odonil,https://www.amazon.in/s?k=Odonil+room+spray+pocket,https://www.amazon.in/dp/B0B2RC3PD6,B0B2RC3PD6,B0B2RC3PD6,,Odonil,Odonil,,,,[],294,57.65,,,4.2,4,In Stock,,,2026-09-24T05:07:34.761045+00:00,data/raw\amazon\odonil\search_q2_p1_20260924T050728Z.html,,duplicate_canonical_product,Amazon India,Amazon India
Amazon India,Odonil,https://www.amazon.in/s?k=Odonil+room+spray+pocket,https://www.amazon.in/dp/B09TVVWTG3,B09TVVWTG3,B09TVVWTG3,,Odonil,Odonil,,,,[],213,73.96,,,4.3,4,In Stock,,,2026-09-24T05:07:34.761045+00:00,data/raw\amazon\odonil\search_q2_p1_20260924T050728Z.html,,duplicate_canonical_product,Amazon India,Amazon India
Amazon India,Odonil,https://www.amazon.in/s?k=Odonil+room+spray+pocket,https://www.amazon.in/dp/B00KIMHR0Q,B00KIMHR0Q,B00KIMHR0Q,,Odonil,Odonil,,,,[],149,77.60,,,4.2,4,In Stock,,,2026-09-24T05:07:34.761045+00:00,data/raw\amazon\odonil\search_q2_p1_20260924T050728Z.html,,duplicate_canonical_product,Amazon India,Amazon India
Amazon India,Odonil,https://www.amazon.in/s?k=Odonil+room+spray+pocket,https://www.amazon.in/dp/B0BNMSPPT7,B0BNMSPPT7,B0BNMSPPT7,,Odonil,Odonil,,,,[],225,112.50,,,4.2,4,In Stock,,,2026-09-24T05:07:34.761045+00:00,data/raw\amazon\odonil\search_q2_p1_20260924T050728Z.html,,duplicate_canonical_product,Amazon India,Amazon India
Amazon India,Odonil,https://www.amazon.in/s?k=Odonil+room+spray+pocket,https://www.amazon.in/dp/B0BKZNB7BF,B0BKZNB7BF,B0BKZNB7BF,,Odonil,Odonil,,,,[],245,81.67,,,4.0,4,In Stock,,,2026-09-24T05:07:34.761045+00:00,data/raw\amazon\odonil\search_q2_p1_20260924T050728Z.html,,duplicate_canonical_product,Amazon India,Amazon India
Amazon India,Odonil,https://www.amazon.in/s?k=Odonil+room+spray+pocket,https://www.amazon.in/dp/B0HCFVCV4C,B0HCFVCV4C,B0HCFVCV4C,,Odonil,Odonil,,,,[],398,633,,,,,In Stock,,,2026-09-24T05:07:34.761045+00:00,data/raw\amazon\odonil\search_q2_p1_20260924T050728Z.html,,duplicate_canonical_product,,
Amazon India,Odonil,https://www.amazon.in/s?k=Odonil+room+spray+pocket&page=2,https://www.amazon.in/dp/B08XJCNWX6,B08XJCNWX6,B08XJCNWX6,,Odonil,Odonil,,,,[],260,65,,,4.3,4,In Stock,,,2026-09-24T05:07:41.174699+00:00,data/raw\amazon\odonil\search_q2_p2_20260924T050735Z.html,,duplicate_canonical_product,Amazon India,Amazon India
Amazon India,Odonil,https://www.amazon.in/s?k=Odonil+room+spray+pocket&page=2,https://www.amazon.in/dp/B0144P33LY,B0144P33LY,B0144P33LY,,Odonil,Odonil,,,,[],135,96.43,,,3.8,3,In Stock,,,2026-09-24T05:07:41.174699+00:00,data/raw\amazon\odonil\search_q2_p2_20260924T050735Z.html,,duplicate_canonical_product,Amazon India,Amazon India
Amazon India,Odonil,https://www.amazon.in/s?k=Odonil+room+spray+pocket&page=2,https://www.amazon.in/dp/B0144P2FFE,B0144P2FFE,B0144P2FFE,,Odonil,Odonil,,,,[],167,119.29,,,3.8,3,In Stock,,,2026-09-24T05:07:41.174699+00:00,data/raw\amazon\odonil\search_q2_p2_20260924T050735Z.html,,duplicate_canonical_product,Amazon India,Amazon India
Amazon India,Odonil,https://www.amazon.in/s?k=Odonil+room+spray+pocket&page=2,https://www.amazon.in/dp/B079VRWWTY,B079VRWWTY,B079VRWWTY,,Odonil,Odonil,,,,[],225,56.25,,,4.1,4,In Stock,,,2026-09-24T05:07:41.174699+00:00,data/raw\amazon\odonil\search_q2_p2_20260924T050735Z.html,,duplicate_canonical_product,Amazon India,Amazon India
Amazon India,Odonil,https://www.amazon.in/s?k=Odonil+room+spray+pocket&page=2,https://www.amazon.in/dp/B0144P0BJ6,B0144P0BJ6,B0144P0BJ6,,Odonil,Odonil,,,,[],,,,,3.9,3,In Stock,,,2026-09-24T05:07:41.174699+00:00,data/raw\amazon\odonil\search_q2_p2_20260924T050735Z.html,,invalid_or_zero_price,Amazon India,Amazon India
Amazon India,Odonil,https://www.amazon.in/s?k=Odonil+room+spray+pocket&page=2,https://www.amazon.in/dp/B077Y2P5PL,B077Y2P5PL,B077Y2P5PL,,Odonil,Odonil,,,,[],320,53.33,,,3.9,3,In Stock,,,2026-09-24T05:07:41.174699+00:00,data/raw\amazon\odonil\search_q2_p2_20260924T050735Z.html,,duplicate_canonical_product,Amazon India,Amazon India
Amazon India,Odonil,https://www.amazon.in/s?k=Odonil+room+spray+pocket&page=2,https://www.amazon.in/dp/B08XV5X8LH,B08XV5X8LH,B08XV5X8LH,,Odonil,Odonil,,,,[],537,596.67,,,3.3,3,In Stock,,,2026-09-24T05:07:41.174699+00:00,data/raw\amazon\odonil\search_q2_p2_20260924T050735Z.html,,duplicate_canonical_product,Amazon India,Amazon India
Amazon India,Odonil,https://www.amazon.in/s?k=Odonil+room+spray+pocket&page=2,https://www.amazon.in/dp/B0785F7Q62,B0785F7Q62,B0785F7Q62,,Odonil,Odonil,,,,[],345,57.50,,,4.0,4,In Stock,,,2026-09-24T05:07:41.174699+00:00,data/raw\amazon\odonil\search_q2_p2_20260924T050735Z.html,,duplicate_canonical_product,Amazon India,Amazon India
Amazon India,Odonil,https://www.amazon.in/s?k=Odonil+room+spray+pocket&page=2,https://www.amazon.in/dp/B07H31SGZ7,B07H31SGZ7,B07H31SGZ7,,Odonil,Odonil,,,,[],348,580,,,4.2,4,In Stock,,,2026-09-24T05:07:41.174699+00:00,data/raw\amazon\odonil\search_q2_p2_20260924T050735Z.html,,duplicate_canonical_product,Amazon India,Amazon India
Amazon India,Odonil,https://www.amazon.in/s?k=Odonil+room+spray+pocket&page=2,https://www.amazon.in/dp/B077XWPYBX,B077XWPYBX,B077XWPYBX,,Odonil,Odonil,,,,[],329,548.33,,,4.2,4,In Stock,,,2026-09-24T05:07:41.174699+00:00,data/raw\amazon\odonil\search_q2_p2_20260924T050735Z.html,,duplicate_canonical_product,Amazon India,Amazon India
Amazon India,Odonil,https://www.amazon.in/s?k=Odonil+room+spray+pocket&page=2,https://www.amazon.in/dp/B096VK7TFQ,B096VK7TFQ,B096VK7TFQ,,Odonil,Odonil,,,,[],255,63.75,,,4.2,4,In Stock,,,2026-09-24T05:07:41.174699+00:00,data/raw\amazon\odonil\search_q2_p2_20260924T050735Z.html,,duplicate_canonical_product,Amazon India,Amazon India
Amazon India,Odonil,https://www.amazon.in/s?k=Odonil+room+spray+pocket&page=2,https://www.amazon.in/dp/B01JIGTNL8,B01JIGTNL8,B01JIGTNL8,,Odonil,Odonil,,,,[],249,110.67,,,3.6,3,In Stock,,,2026-09-24T05:07:41.174699+00:00,data/raw\amazon\odonil\search_q2_p2_20260924T050735Z.html,,duplicate_canonical_product,Amazon India,Amazon India
Amazon India,Odonil,https://www.amazon.in/s?k=Odonil+room+spray+pocket&page=2,https://www.amazon.in/dp/B07SWDFMVW,B07SWDFMVW,B07SWDFMVW,,Odonil,Odonil,,,,[],260,65,,,4.2,4,In Stock,,,2026-09-24T05:07:41.174699+00:00,data/raw\amazon\odonil\search_q2_p2_20260924T050735Z.html,,duplicate_canonical_product,Amazon India,Amazon India
Amazon India,Odonil,https://www.amazon.in/s?k=Odonil+room+spray+pocket&page=2,https://www.amazon.in/dp/B09N8JZYYT,B09N8JZYYT,B09N8JZYYT,,Odonil,Odonil,,,,[],236,47.20,,,4.2,4,In Stock,,,2026-09-24T05:07:41.174699+00:00,data/raw\amazon\odonil\search_q2_p2_20260924T050735Z.html,,duplicate_canonical_product,Amazon India,Amazon India
Amazon India,Odonil,https://www.amazon.in/s?k=Odonil+room+spray+pocket&page=2,https://www.amazon.in/dp/B0C7GX5246,B0C7GX5246,B0C7GX5246,,Odonil,Odonil,,,,['Limited time deal'],290,966.67,,,4.2,4,In Stock,,,2026-09-24T05:07:41.174699+00:00,data/raw\amazon\odonil\search_q2_p2_20260924T050735Z.html,,duplicate_canonical_product,Amazon India,Amazon India
Amazon India,Odonil,https://www.amazon.in/s?k=Odonil+room+spray+pocket&page=2,https://www.amazon.in/dp/B08S41T1HB,B08S41T1HB,B08S41T1HB,,Odonil,Odonil,,,,[],,,,,5.0,5,In Stock,,,2026-09-24T05:07:41.174699+00:00,data/raw\amazon\odonil\search_q2_p2_20260924T050735Z.html,,invalid_or_zero_price,Amazon India,Amazon India
Amazon India,Odonil,https://www.amazon.in/s?k=Odonil+room+spray+pocket&page=2,https://www.amazon.in/dp/B08XVN2NXD,B08XVN2NXD,B08XVN2NXD,,Odonil,Odonil,,,,[],838,52.38,,,4.0,4,In Stock,,,2026-09-24T05:07:41.174699+00:00,data/raw\amazon\odonil\search_q2_p2_20260924T050735Z.html,,duplicate_canonical_product,Amazon India,Amazon India
Amazon India,Godrej aer,https://www.amazon.in/s?k=Godrej+aer+air+freshener,https://www.amazon.in/dp/B0H4V3W93D,B0H4V3W93D,B0H4V3W93D,,Godrej aer,Godrej aer,,,,[],431,205.24,,,4.0,4,In Stock,,,2026-09-24T05:07:47.753438+00:00,data/raw\amazon\godrej_aer\search_q1_p1_20260924T050741Z.html,,duplicate_canonical_product,Amazon India,Amazon India
Amazon India,Godrej aer,https://www.amazon.in/s?k=Godrej+aer+air+freshener,https://www.amazon.in/dp/B0GFW6KBZP,B0GFW6KBZP,B0GFW6KBZP,,Godrej aer,Godrej aer,,,,[],300,500,,,4.2,4,In Stock,,,2026-09-24T05:07:47.753438+00:00,data/raw\amazon\godrej_aer\search_q1_p1_20260924T050741Z.html,,duplicate_canonical_product,Amazon India,Amazon India
Amazon India,Godrej aer,https://www.amazon.in/s?k=Godrej+aer+air+freshener,https://www.amazon.in/dp/B0F4KHQDY2,B0F4KHQDY2,B0F4KHQDY2,,Godrej aer,Godrej aer,,,,[],225,75,,,4.0,4,In Stock,,,2026-09-24T05:07:47.753438+00:00,data/raw\amazon\godrej_aer\search_q1_p1_20260924T050741Z.html,,duplicate_canonical_product,Amazon India,Amazon India
Amazon India,Godrej aer,https://www.amazon.in/s?k=Godrej+aer+air+freshener,https://www.amazon.in/dp/B0G59GBCS5,B0G59GBCS5,B0G59GBCS5,,Godrej aer,Godrej aer,,,,['Limited time deal'],246,1093.33,,,4.2,4,In Stock,,,2026-09-24T05:07:47.753438+00:00,data/raw\amazon\godrej_aer\search_q1_p1_20260924T050741Z.html,,duplicate_canonical_product,Amazon India,Amazon India
Amazon India,Godrej aer,https://www.amazon.in/s?k=Godrej+aer+air+freshener,https://www.amazon.in/dp/B0H1LQRF4Z,B0H1LQRF4Z,B0H1LQRF4Z,,Godrej aer,Godrej aer,,,,[],242,80.67,,,4.3,4,In Stock,,,2026-09-24T05:07:47.753438+00:00,data/raw\amazon\godrej_aer\search_q1_p1_20260924T050741Z.html,,duplicate_canonical_product,Amazon India,Amazon India
Amazon India,Godrej aer,https://www.amazon.in/s?k=Godrej+aer+air+freshener,https://www.amazon.in/dp/B0FKMS7Q9R,B0FKMS7Q9R,B0FKMS7Q9R,,Godrej aer,Godrej aer,,,,[],179,89.50,,,4.2,4,In Stock,,,2026-09-24T05:07:47.753438+00:00,data/raw\amazon\godrej_aer\search_q1_p1_20260924T050741Z.html,,duplicate_canonical_product,Amazon India,Amazon India
Amazon India,Godrej aer,https://www.amazon.in/s?k=Godrej+aer+air+freshener,https://www.amazon.in/dp/B0H1LZN38J,B0H1LZN38J,B0H1LZN38J,,Godrej aer,Godrej aer,,,,[],225,75,,,4.3,4,In Stock,,,2026-09-24T05:07:47.753438+00:00,data/raw\amazon\godrej_aer\search_q1_p1_20260924T050741Z.html,,duplicate_canonical_product,Amazon India,Amazon India
Amazon India,Godrej aer,https://www.amazon.in/s?k=Godrej+aer+air+freshener,https://www.amazon.in/dp/B0F4KGP6GV,B0F4KGP6GV,B0F4KGP6GV,,Godrej aer,Godrej aer,,,,[],275,91.67,,,4.1,4,In Stock,,,2026-09-24T05:07:47.753438+00:00,data/raw\amazon\godrej_aer\search_q1_p1_20260924T050741Z.html,,duplicate_canonical_product,Amazon India,Amazon India
Amazon India,Godrej aer,https://www.amazon.in/s?k=Godrej+aer+air+freshener,https://www.amazon.in/dp/B00NHQER1W,B00NHQER1W,B00NHQER1W,,"Godrej aer Twist, Car Air Freshener - Musk After Smoke (45g)",Godrej aer,,,,[],325,722.22,,,3.9,3,In Stock,,,2026-09-24T05:07:47.753438+00:00,data/raw\amazon\godrej_aer\search_q1_p1_20260924T050741Z.html,,out_of_scope_car_only,Amazon India,Amazon India
Amazon India,Godrej aer,https://www.amazon.in/s?k=Godrej+aer+air+freshener&page=2,https://www.amazon.in/dp/B0892NLVSL,B0892NLVSL,B0892NLVSL,,Godrej aer,Godrej aer,,,,[],,,,,,,In Stock,,,2026-09-24T05:07:54.012777+00:00,data/raw\amazon\godrej_aer\search_q1_p2_20260924T050748Z.html,,invalid_or_zero_price,,
Amazon India,Godrej aer,https://www.amazon.in/s?k=Godrej+aer+air+freshener&page=2,https://www.amazon.in/dp/B0892T3GF8,B0892T3GF8,B0892T3GF8,,Godrej Cool Blue Car Freshener (Pack of 2),Godrej aer,,,,[],,,,,,,In Stock,,,2026-09-24T05:07:54.012777+00:00,data/raw\amazon\godrej_aer\search_q1_p2_20260924T050748Z.html,,out_of_scope_car_only,,
Amazon India,Godrej aer,https://www.amazon.in/s?k=Godrej+aer+pocket+matic+spray,https://www.amazon.in/dp/B0GFW6KBZP,B0GFW6KBZP,B0GFW6KBZP,,Godrej aer,Godrej aer,,,,[],300,500,,,4.2,4,In Stock,,,2026-09-24T05:08:00.376790+00:00,data/raw\amazon\godrej_aer\search_q2_p1_20260924T050754Z.html,,duplicate_canonical_product,Amazon India,Amazon India
Amazon India,Godrej aer,https://www.amazon.in/s?k=Godrej+aer+pocket+matic+spray,https://www.amazon.in/dp/B0H4V3W93D,B0H4V3W93D,B0H4V3W93D,,Godrej aer,Godrej aer,,,,[],431,205.24,,,4.0,4,In Stock,,,2026-09-24T05:08:00.376790+00:00,data/raw\amazon\godrej_aer\search_q2_p1_20260924T050754Z.html,,duplicate_canonical_product,Amazon India,Amazon India
Amazon India,Godrej aer,https://www.amazon.in/s?k=Godrej+aer+pocket+matic+spray,https://www.amazon.in/dp/B0FKGHBLB6,B0FKGHBLB6,B0FKGHBLB6,,Godrej aer,Godrej aer,,,,[],431,205.24,,,4.2,4,In Stock,,,2026-09-24T05:08:00.376790+00:00,data/raw\amazon\godrej_aer\search_q2_p1_20260924T050754Z.html,,duplicate_canonical_product,Amazon India,Amazon India
Amazon India,Godrej aer,https://www.amazon.in/s?k=Godrej+aer+pocket+matic+spray,https://www.amazon.in/dp/B07FPBNK2V,B07FPBNK2V,B07FPBNK2V,,Godrej aer,Godrej aer,,,,[],443,196.89,,,4.1,4,In Stock,,,2026-09-24T05:08:00.376790+00:00,data/raw\amazon\godrej_aer\search_q2_p1_20260924T050754Z.html,,duplicate_canonical_product,Amazon India,Amazon India
Amazon India,Godrej aer,https://www.amazon.in/s?k=Godrej+aer+pocket+matic+spray,https://www.amazon.in/dp/B07FPKP85K,B07FPKP85K,B07FPKP85K,,Godrej aer,Godrej aer,,,,[],229,109.05,,,4.2,4,In Stock,,,2026-09-24T05:08:00.376790+00:00,data/raw\amazon\godrej_aer\search_q2_p1_20260924T050754Z.html,,duplicate_canonical_product,Amazon India,Amazon India
Amazon India,Godrej aer,https://www.amazon.in/s?k=Godrej+aer+pocket+matic+spray,https://www.amazon.in/dp/B07XRPH6RW,B07XRPH6RW,B07XRPH6RW,,Godrej aer,Godrej aer,,,,[],239,106.22,,,4.3,4,In Stock,,,2026-09-24T05:08:00.376790+00:00,data/raw\amazon\godrej_aer\search_q2_p1_20260924T050754Z.html,,duplicate_canonical_product,Amazon India,Amazon India
Amazon India,Godrej aer,https://www.amazon.in/s?k=Godrej+aer+pocket+matic+spray,https://www.amazon.in/dp/B0GFW6KBZP,B0GFW6KBZP,B0GFW6KBZP,,Godrej aer,Godrej aer,,,,[],300,500,,,4.2,4,In Stock,,,2026-09-24T05:08:00.376790+00:00,data/raw\amazon\godrej_aer\search_q2_p1_20260924T050754Z.html,,duplicate_canonical_product,Amazon India,Amazon India
Amazon India,Godrej aer,https://www.amazon.in/s?k=Godrej+aer+pocket+matic+spray,https://www.amazon.in/dp/B07YFBYRTG,B07YFBYRTG,B07YFBYRTG,,Godrej aer,Godrej aer,,,,[],895,895,,,4.0,4,In Stock,,,2026-09-24T05:08:00.376790+00:00,data/raw\amazon\godrej_aer\search_q2_p1_20260924T050754Z.html,,duplicate_canonical_product,Amazon India,Amazon India
Amazon India,Godrej aer,https://www.amazon.in/s?k=Godrej+aer+pocket+matic+spray,https://www.amazon.in/dp/B01IEIBUIU,B01IEIBUIU,B01IEIBUIU,,Godrej aer,Godrej aer,,,,[],162,54,,,4.2,4,In Stock,,,2026-09-24T05:08:00.376790+00:00,data/raw\amazon\godrej_aer\search_q2_p1_20260924T050754Z.html,,duplicate_canonical_product,Amazon India,Amazon India
Amazon India,Godrej aer,https://www.amazon.in/s?k=Godrej+aer+pocket+matic+spray,https://www.amazon.in/dp/B0B9XSQXVW,B0B9XSQXVW,B0B9XSQXVW,,Godrej aer,Godrej aer,,,,[],1057,,,,5.0,5,In Stock,,,2026-09-24T05:08:00.376790+00:00,data/raw\amazon\godrej_aer\search_q2_p1_20260924T050754Z.html,,duplicate_canonical_product,Amazon India,Amazon India
Amazon India,Godrej aer,https://www.amazon.in/s?k=Godrej+aer+pocket+matic+spray,https://www.amazon.in/dp/B089FKGJG7,B089FKGJG7,B089FKGJG7,,Godrej aer,Godrej aer,,,,[],453,564,,,4.4,4,In Stock,,,2026-09-24T05:08:00.376790+00:00,data/raw\amazon\godrej_aer\search_q2_p1_20260924T050754Z.html,,duplicate_canonical_product,Amazon India,Amazon India
Amazon India,Godrej aer,https://www.amazon.in/s?k=Godrej+aer+pocket+matic+spray,https://www.amazon.in/dp/B095W8372V,B095W8372V,B095W8372V,,Godrej aer,Godrej aer,,,,[],605,661,,,,,In Stock,,,2026-09-24T05:08:00.376790+00:00,data/raw\amazon\godrej_aer\search_q2_p1_20260924T050754Z.html,,duplicate_canonical_product,,
Amazon India,Godrej aer,https://www.amazon.in/s?k=Godrej+aer+pocket+matic+spray,https://www.amazon.in/dp/B0H1LQRF4Z,B0H1LQRF4Z,B0H1LQRF4Z,,Godrej aer,Godrej aer,,,,[],242,80.67,,,4.3,4,In Stock,,,2026-09-24T05:08:00.376790+00:00,data/raw\amazon\godrej_aer\search_q2_p1_20260924T050754Z.html,,duplicate_canonical_product,Amazon India,Amazon India
Amazon India,Godrej aer,https://www.amazon.in/s?k=Godrej+aer+pocket+matic+spray,https://www.amazon.in/dp/B089FJKV4H,B089FJKV4H,B089FJKV4H,,Godrej aer,Godrej aer,,,,[],448,534,,,4.5,4,In Stock,,,2026-09-24T05:08:00.376790+00:00,data/raw\amazon\godrej_aer\search_q2_p1_20260924T050754Z.html,,duplicate_canonical_product,Amazon India,Amazon India
Amazon India,Godrej aer,https://www.amazon.in/s?k=Godrej+aer+pocket+matic+spray,https://www.amazon.in/dp/B0F4KHQDY2,B0F4KHQDY2,B0F4KHQDY2,,Godrej aer,Godrej aer,,,,[],225,75,,,4.0,4,In Stock,,,2026-09-24T05:08:00.376790+00:00,data/raw\amazon\godrej_aer\search_q2_p1_20260924T050754Z.html,,duplicate_canonical_product,Amazon India,Amazon India
Amazon India,Godrej aer,https://www.amazon.in/s?k=Godrej+aer+pocket+matic+spray,https://www.amazon.in/dp/B0HCFR9VQM,B0HCFR9VQM,B0HCFR9VQM,,Godrej aer,Godrej aer,,,,[],874,1098,,,,,In Stock,,,2026-09-24T05:08:00.376790+00:00,data/raw\amazon\godrej_aer\search_q2_p1_20260924T050754Z.html,,duplicate_canonical_product,,
Amazon India,Godrej aer,https://www.amazon.in/s?k=Godrej+aer+pocket+matic+spray,https://www.amazon.in/dp/B08RPYG963,B08RPYG963,B08RPYG963,,Godrej Aer Power Pocket Bathroom Fragrance - Fresh Blossom,Godrej aer,,,,[],57,57,,,4.1,4,In Stock,,,2026-09-24T05:08:00.376790+00:00,data/raw\amazon\godrej_aer\search_q2_p1_20260924T050754Z.html,,duplicate_canonical_product,Amazon India,Amazon India
Amazon India,Godrej aer,https://www.amazon.in/s?k=Godrej+aer+pocket+matic+spray,https://www.amazon.in/dp/B0H1LZN38J,B0H1LZN38J,B0H1LZN38J,,Godrej aer,Godrej aer,,,,[],225,75,,,4.3,4,In Stock,,,2026-09-24T05:08:00.376790+00:00,data/raw\amazon\godrej_aer\search_q2_p1_20260924T050754Z.html,,duplicate_canonical_product,Amazon India,Amazon India
Amazon India,Godrej aer,https://www.amazon.in/s?k=Godrej+aer+pocket+matic+spray,https://www.amazon.in/dp/B078CRB5WY,B078CRB5WY,B078CRB5WY,,Godrej aer,Godrej aer,,,,[],289,2890,,,4.2,4,In Stock,,,2026-09-24T05:08:00.376790+00:00,data/raw\amazon\godrej_aer\search_q2_p1_20260924T050754Z.html,,duplicate_canonical_product,Amazon India,Amazon India
Amazon India,Godrej aer,https://www.amazon.in/s?k=Godrej+aer+pocket+matic+spray,https://www.amazon.in/dp/B07FSNSR65,B07FSNSR65,B07FSNSR65,,Godrej aer,Godrej aer,,,,[],549,244,,,4.1,4,In Stock,,,2026-09-24T05:08:00.376790+00:00,data/raw\amazon\godrej_aer\search_q2_p1_20260924T050754Z.html,,duplicate_canonical_product,Amazon India,Amazon India
Amazon India,Godrej aer,https://www.amazon.in/s?k=Godrej+aer+pocket+matic+spray,https://www.amazon.in/dp/B089FKWRD4,B089FKWRD4,B089FKWRD4,,Godrej aer,Godrej aer,,,,[],667,784,,,4.2,4,In Stock,,,2026-09-24T05:08:00.376790+00:00,data/raw\amazon\godrej_aer\search_q2_p1_20260924T050754Z.html,,duplicate_canonical_product,Amazon India,Amazon India
Amazon India,Godrej aer,https://www.amazon.in/s?k=Godrej+aer+pocket+matic+spray,https://www.amazon.in/dp/B089FKZ2G5,B089FKZ2G5,B089FKZ2G5,,Godrej aer,Godrej aer,,,,[],679,748,,,3.8,3,In Stock,,,2026-09-24T05:08:00.376790+00:00,data/raw\amazon\godrej_aer\search_q2_p1_20260924T050754Z.html,,duplicate_canonical_product,Amazon India,Amazon India
Amazon India,Godrej aer,https://www.amazon.in/s?k=Godrej+aer+pocket+matic+spray,https://www.amazon.in/dp/B095WFXHV8,B095WFXHV8,B095WFXHV8,,Godrej aer,Godrej aer,,,,[],672,814,,,4.2,4,In Stock,,,2026-09-24T05:08:00.376790+00:00,data/raw\amazon\godrej_aer\search_q2_p1_20260924T050754Z.html,,duplicate_canonical_product,Amazon India,Amazon India
Amazon India,Godrej aer,https://www.amazon.in/s?k=Godrej+aer+pocket+matic+spray,https://www.amazon.in/dp/B079VM3PSR,B079VM3PSR,B079VM3PSR,,Godrej aer,Godrej aer,,,,[],198,99,,,,,In Stock,,,2026-09-24T05:08:00.376790+00:00,data/raw\amazon\godrej_aer\search_q2_p1_20260924T050754Z.html,,duplicate_canonical_product,,
Amazon India,Godrej aer,https://www.amazon.in/s?k=Godrej+aer+pocket+matic+spray,https://www.amazon.in/dp/B08FTB94GB,B08FTB94GB,B08FTB94GB,,Godrej aer,Godrej aer,,,,[],249,12450,,,4.7,4,In Stock,,,2026-09-24T05:08:00.376790+00:00,data/raw\amazon\godrej_aer\search_q2_p1_20260924T050754Z.html,,duplicate_canonical_product,Amazon India,Amazon India
Amazon India,Godrej aer,https://www.amazon.in/s?k=Godrej+aer+pocket+matic+spray,https://www.amazon.in/dp/B00WWZPWUO,B00WWZPWUO,B00WWZPWUO,,Godrej aer,Godrej aer,,,,[],99,49.50,,,4.2,4,In Stock,,,2026-09-24T05:08:00.376790+00:00,data/raw\amazon\godrej_aer\search_q2_p1_20260924T050754Z.html,,duplicate_canonical_product,Amazon India,Amazon India
Amazon India,Godrej aer,https://www.amazon.in/s?k=Godrej+aer+pocket+matic+spray,https://www.amazon.in/dp/B08RPXM37H,B08RPXM37H,B08RPXM37H,,Godrej aer,Godrej aer,,,,[],64,640,,,4.0,4,In Stock,,,2026-09-24T05:08:00.376790+00:00,data/raw\amazon\godrej_aer\search_q2_p1_20260924T050754Z.html,,duplicate_canonical_product,Amazon India,Amazon India
Amazon India,Godrej aer,https://www.amazon.in/s?k=Godrej+aer+pocket+matic+spray,https://www.amazon.in/dp/B08FSRG54T,B08FSRG54T,B08FSRG54T,,Godrej aer,Godrej aer,,,,[],399,55.42,,,2.5,2,In Stock,,,2026-09-24T05:08:00.376790+00:00,data/raw\amazon\godrej_aer\search_q2_p1_20260924T050754Z.html,,duplicate_canonical_product,Amazon India,Amazon India
Amazon India,Godrej aer,https://www.amazon.in/s?k=Godrej+aer+pocket+matic+spray,https://www.amazon.in/dp/B07G1MPXZL,B07G1MPXZL,B07G1MPXZL,,"Spar Combo - Godrej aer Pocket Bathroom Fragrance -Bright Tangy Delight, 10g (Pack of 2) Promo Pack",Godrej aer,,,,[],139,69.50,,,4.0,4,In Stock,,,2026-09-24T05:08:00.376790+00:00,data/raw\amazon\godrej_aer\search_q2_p1_20260924T050754Z.html,,duplicate_canonical_product,Amazon India,Amazon India
Amazon India,Godrej aer,https://www.amazon.in/s?k=Godrej+aer+pocket+matic+spray,https://www.amazon.in/dp/B08FSVWB7L,B08FSVWB7L,B08FSVWB7L,,Godrej aer,Godrej aer,,,,[],,,,,4.3,4,In Stock,,,2026-09-24T05:08:00.376790+00:00,data/raw\amazon\godrej_aer\search_q2_p1_20260924T050754Z.html,,invalid_or_zero_price,Amazon India,Amazon India
Amazon India,Godrej aer,https://www.amazon.in/s?k=Godrej+aer+pocket+matic+spray,https://www.amazon.in/dp/B08FSX7GFT,B08FSX7GFT,B08FSX7GFT,,Godrej aer,Godrej aer,,,,[],249,338,,,4.0,4,In Stock,,,2026-09-24T05:08:00.376790+00:00,data/raw\amazon\godrej_aer\search_q2_p1_20260924T050754Z.html,,duplicate_canonical_product,Amazon India,Amazon India
Amazon India,Godrej aer,https://www.amazon.in/s?k=Godrej+aer+pocket+matic+spray&page=2,https://www.amazon.in/dp/B079VH9NH4,B079VH9NH4,B079VH9NH4,,Godrej aer,Godrej aer,,,,[],198,99,,,3.9,3,In Stock,,,2026-09-24T05:08:06.441109+00:00,data/raw\amazon\godrej_aer\search_q2_p2_20260924T050800Z.html,,duplicate_canonical_product,Amazon India,Amazon India
Amazon India,Godrej aer,https://www.amazon.in/s?k=Godrej+aer+pocket+matic+spray&page=2,https://www.amazon.in/dp/B07WR3CTBV,B07WR3CTBV,B07WR3CTBV,,Godrej aer,Godrej aer,,,,[],,,,,3.0,3,In Stock,,,2026-09-24T05:08:06.441109+00:00,data/raw\amazon\godrej_aer\search_q2_p2_20260924T050800Z.html,,invalid_or_zero_price,Amazon India,Amazon India
Amazon India,Godrej aer,https://www.amazon.in/s?k=Godrej+aer+pocket+matic+spray&page=2,https://www.amazon.in/dp/B079WWG72P,B079WWG72P,B079WWG72P,,Godrej aer,Godrej aer,,,,[],99,41.25,,,3.8,3,In Stock,,,2026-09-24T05:08:06.441109+00:00,data/raw\amazon\godrej_aer\search_q2_p2_20260924T050800Z.html,,duplicate_canonical_product,Amazon India,Amazon India
Amazon India,Godrej aer,https://www.amazon.in/s?k=Godrej+aer+pocket+matic+spray&page=2,https://www.amazon.in/dp/B07PHTP7L3,B07PHTP7L3,B07PHTP7L3,,Godrej aer,Godrej aer,,,,[],248,51.67,,,4.2,4,In Stock,,,2026-09-24T05:08:06.441109+00:00,data/raw\amazon\godrej_aer\search_q2_p2_20260924T050800Z.html,,duplicate_canonical_product,Amazon India,Amazon India
Amazon India,Godrej aer,https://www.amazon.in/s?k=Godrej+aer+pocket+matic+spray&page=2,https://www.amazon.in/dp/B08FSKBH3L,B08FSKBH3L,B08FSKBH3L,,Godrej aer,Godrej aer,,,,[],494,41.17,,,4.2,4,In Stock,,,2026-09-24T05:08:06.441109+00:00,data/raw\amazon\godrej_aer\search_q2_p2_20260924T050800Z.html,,duplicate_canonical_product,Amazon India,Amazon India
Amazon India,Godrej aer,https://www.amazon.in/s?k=Godrej+aer+pocket+matic+spray&page=2,https://www.amazon.in/dp/B07C9WVYYF,B07C9WVYYF,B07C9WVYYF,,"Godrej aer spray, Air Freshener for Home & Office - Morning Misty Meadows | Long-Lasting Fragrance (240 ml)",Godrej aer,,,,[],167,167,,,4.0,4,In Stock,,,2026-09-24T05:08:06.441109+00:00,data/raw\amazon\godrej_aer\search_q2_p2_20260924T050800Z.html,,duplicate_canonical_product,Amazon India,Amazon India
Amazon India,Godrej aer,https://www.amazon.in/s?k=Godrej+aer+pocket+matic+spray&page=2,https://www.amazon.in/dp/B0892RXH9X,B0892RXH9X,B0892RXH9X,,Godrej aer,Godrej aer,,,,[],585,292.50,,,4.5,4,In Stock,,,2026-09-24T05:08:06.441109+00:00,data/raw\amazon\godrej_aer\search_q2_p2_20260924T050800Z.html,,duplicate_canonical_product,Amazon India,Amazon India
Amazon India,Godrej aer,https://www.amazon.in/s?k=Godrej+aer+pocket+matic+spray&page=2,https://www.amazon.in/dp/B0BD7SJ9K6,B0BD7SJ9K6,B0BD7SJ9K6,,Godrej,Godrej aer,,,,[],130,650,,,5.0,5,In Stock,,,2026-09-24T05:08:06.441109+00:00,data/raw\amazon\godrej_aer\search_q2_p2_20260924T050800Z.html,,duplicate_canonical_product,Amazon India,Amazon India
Amazon India,Godrej aer,https://www.amazon.in/s?k=Godrej+aer+pocket+matic+spray&page=2,https://www.amazon.in/dp/B07DQMN3TQ,B07DQMN3TQ,B07DQMN3TQ,,Godrej aer Home Air Freshener Spray - 270 ml (Morning Misty Meadows) *3 PCS (3),Godrej aer,,,,[],443,147.67,,,4.5,4,In Stock,,,2026-09-24T05:08:06.441109+00:00,data/raw\amazon\godrej_aer\search_q2_p2_20260924T050800Z.html,,duplicate_canonical_product,Amazon India,Amazon India
Amazon India,Godrej aer,https://www.amazon.in/s?k=Godrej+aer+pocket+matic+spray&page=2,https://www.amazon.in/dp/B07HBBHT1X,B07HBBHT1X,B07HBBHT1X,,Godrej aer,Godrej aer,,,,[],249,83,,,4.3,4,In Stock,,,2026-09-24T05:08:06.441109+00:00,data/raw\amazon\godrej_aer\search_q2_p2_20260924T050800Z.html,,duplicate_canonical_product,Amazon India,Amazon India
Amazon India,Godrej aer,https://www.amazon.in/s?k=Godrej+aer+pocket+matic+spray&page=2,https://www.amazon.in/dp/B01GJQBYGW,B01GJQBYGW,B01GJQBYGW,,Godrej aer,Godrej aer,,,,[],138,46,,,4.2,4,In Stock,,,2026-09-24T05:08:06.441109+00:00,data/raw\amazon\godrej_aer\search_q2_p2_20260924T050800Z.html,,duplicate_canonical_product,Amazon India,Amazon India
Amazon India,Godrej aer,https://www.amazon.in/s?k=Godrej+aer+pocket+matic+spray&page=2,https://www.amazon.in/dp/B07WRK5YY8,B07WRK5YY8,B07WRK5YY8,,Godrej aer,Godrej aer,,,,[],299,27.69,,,3.5,3,In Stock,,,2026-09-24T05:08:06.441109+00:00,data/raw\amazon\godrej_aer\search_q2_p2_20260924T050800Z.html,,duplicate_canonical_product,Amazon India,Amazon India
Amazon India,Godrej aer,https://www.amazon.in/s?k=Godrej+aer+pocket+matic+spray&page=2,https://www.amazon.in/dp/B08GQ8GNK7,B08GQ8GNK7,B08GQ8GNK7,,Godrej aer,Godrej aer,,,,[],249,124.50,,,3.0,3,In Stock,,,2026-09-24T05:08:06.441109+00:00,data/raw\amazon\godrej_aer\search_q2_p2_20260924T050800Z.html,,duplicate_canonical_product,Amazon India,Amazon India
Amazon India,Godrej aer,https://www.amazon.in/s?k=Godrej+aer+pocket+matic+spray&page=2,https://www.amazon.in/dp/B08FT29MCN,B08FT29MCN,B08FT29MCN,,Godrej aer,Godrej aer,,,,[],389,43.22,,,3.9,3,In Stock,,,2026-09-24T05:08:06.441109+00:00,data/raw\amazon\godrej_aer\search_q2_p2_20260924T050800Z.html,,duplicate_canonical_product,Amazon India,Amazon India
Amazon India,Godrej aer,https://www.amazon.in/s?k=Godrej+aer+pocket+matic+spray&page=2,https://www.amazon.in/dp/B01CJURT6Q,B01CJURT6Q,B01CJURT6Q,,Godrej aer,Godrej aer,,,,[],139,139,,,4.2,4,In Stock,,,2026-09-24T05:08:06.441109+00:00,data/raw\amazon\godrej_aer\search_q2_p2_20260924T050800Z.html,,duplicate_canonical_product,Amazon India,Amazon India
Amazon India,Godrej aer,https://www.amazon.in/s?k=Godrej+aer+pocket+matic+spray&page=2,https://www.amazon.in/dp/B07DQQ251S,B07DQQ251S,B07DQQ251S,,Godrej aer,Godrej aer,,,,[],297,36.67,,,3.9,3,In Stock,,,2026-09-24T05:08:06.441109+00:00,data/raw\amazon\godrej_aer\search_q2_p2_20260924T050800Z.html,,duplicate_canonical_product,Amazon India,Amazon India
Amazon India,Godrej aer,https://www.amazon.in/s?k=Godrej+aer+pocket+matic+spray&page=2,https://www.amazon.in/dp/B07KBC5R3F,B07KBC5R3F,B07KBC5R3F,,Godrej aer,Godrej aer,,,,[],148,67.27,,,4.1,4,In Stock,,,2026-09-24T05:08:06.441109+00:00,data/raw\amazon\godrej_aer\search_q2_p2_20260924T050800Z.html,,duplicate_canonical_product,Amazon India,Amazon India
Amazon India,Godrej aer,https://www.amazon.in/s?k=Godrej+aer+pocket+matic+spray&page=2,https://www.amazon.in/dp/B09X3DRJD3,B09X3DRJD3,B09X3DRJD3,,"Godrej aer spray, Air Freshener for Home & Office - Petal Crush Pink | Long-Lasting Fragrance | Pack of 3 (240 ml each)",Godrej aer,,,,[],465,193.75,,,5.0,5,In Stock,,,2026-09-24T05:08:06.441109+00:00,data/raw\amazon\godrej_aer\search_q2_p2_20260924T050800Z.html,,duplicate_canonical_product,Amazon India,Amazon India
Amazon India,Godrej aer,https://www.amazon.in/s?k=Godrej+aer+pocket+matic+spray&page=2,https://www.amazon.in/dp/B07YYGXS2F,B07YYGXS2F,B07YYGXS2F,,Godrej,Godrej aer,,,,[],671,745.56,,,3.7,3,In Stock,,,2026-09-24T05:08:06.441109+00:00,data/raw\amazon\godrej_aer\search_q2_p2_20260924T050800Z.html,,duplicate_canonical_product,Amazon India,Amazon India
Amazon India,Godrej aer,https://www.amazon.in/s?k=Godrej+aer+pocket+matic+spray&page=2,https://www.amazon.in/dp/B07YYG35CR,B07YYG35CR,B07YYG35CR,,Godrej,Godrej aer,,,,[],693,770,,,4.0,4,In Stock,,,2026-09-24T05:08:06.441109+00:00,data/raw\amazon\godrej_aer\search_q2_p2_20260924T050800Z.html,,duplicate_canonical_product,Amazon India,Amazon India
Amazon India,Godrej aer,https://www.amazon.in/s?k=Godrej+aer+pocket+matic+spray&page=2,https://www.amazon.in/dp/B0F4KGP6GV,B0F4KGP6GV,B0F4KGP6GV,,Godrej aer,Godrej aer,,,,[],275,91.67,,,4.1,4,In Stock,,,2026-09-24T05:08:06.441109+00:00,data/raw\amazon\godrej_aer\search_q2_p2_20260924T050800Z.html,,duplicate_canonical_product,Amazon India,Amazon India
Amazon India,Godrej aer,https://www.amazon.in/s?k=Godrej+aer+pocket+matic+spray&page=2,https://www.amazon.in/dp/B00NECTSLI,B00NECTSLI,B00NECTSLI,,Godrej,Godrej aer,,,,[],425,944.44,,,3.7,3,In Stock,,,2026-09-24T05:08:06.441109+00:00,data/raw\amazon\godrej_aer\search_q2_p2_20260924T050800Z.html,,duplicate_canonical_product,Amazon India,Amazon India
Amazon India,Godrej aer,https://www.amazon.in/s?k=Godrej+aer+pocket+matic+spray&page=2,https://www.amazon.in/dp/B07V1X4SDR,B07V1X4SDR,B07V1X4SDR,,Godrej,Godrej aer,,,,[],667,741.11,,,4.0,4,In Stock,,,2026-09-24T05:08:06.441109+00:00,data/raw\amazon\godrej_aer\search_q2_p2_20260924T050800Z.html,,duplicate_canonical_product,Amazon India,Amazon India
Amazon India,Godrej aer,https://www.amazon.in/s?k=Godrej+aer+pocket+matic+spray&page=2,https://www.amazon.in/dp/B0GL1Z71GR,B0GL1Z71GR,B0GL1Z71GR,,Godrej aer,Godrej aer,,,,[],91,1215.47,,,3.2,3,In Stock,,,2026-09-24T05:08:06.441109+00:00,data/raw\amazon\godrej_aer\search_q2_p2_20260924T050800Z.html,,duplicate_canonical_product,Amazon India,Amazon India
Amazon India,Godrej aer,https://www.amazon.in/s?k=Godrej+aer+pocket+matic+spray&page=2,https://www.amazon.in/dp/B07V1X4S7G,B07V1X4S7G,B07V1X4S7G,,Godrej aer,Godrej aer,,,,[],689,344.50,,,4.1,4,In Stock,,,2026-09-24T05:08:06.441109+00:00,data/raw\amazon\godrej_aer\search_q2_p2_20260924T050800Z.html,,duplicate_canonical_product,Amazon India,Amazon India
Amazon India,Godrej aer,https://www.amazon.in/s?k=Godrej+aer+pocket+matic+spray&page=2,https://www.amazon.in/dp/B0GL1RYDQH,B0GL1RYDQH,B0GL1RYDQH,,Godrej aer,Godrej aer,,,,[],92,1226.67,,,4.7,4,In Stock,,,2026-09-24T05:08:06.441109+00:00,data/raw\amazon\godrej_aer\search_q2_p2_20260924T050800Z.html,,duplicate_canonical_product,Amazon India,Amazon India
Amazon India,Godrej aer,https://www.amazon.in/s?k=Godrej+aer+pocket+matic+spray&page=2,https://www.amazon.in/dp/B0CXDQWYQP,B0CXDQWYQP,B0CXDQWYQP,,Godrej aer,Godrej aer,,,,[],250,1111.11,,,4.2,4,In Stock,,,2026-09-24T05:08:06.441109+00:00,data/raw\amazon\godrej_aer\search_q2_p2_20260924T050800Z.html,,duplicate_canonical_product,Amazon India,Amazon India
Amazon India,Air Wick,https://www.amazon.in/s?k=Air+Wick+air+freshener,https://www.amazon.in/dp/B077BR889R,B077BR889R,B077BR889R,,Airwick Scents of India Aerosol,Air Wick,,,,[],,,,,3.7,3,In Stock,,,2026-09-24T05:08:13.044674+00:00,data/raw\amazon\air_wick\search_q1_p1_20260924T050806Z.html,,invalid_or_zero_price,Amazon India,Amazon India
Amazon India,Air Wick,https://www.amazon.in/s?k=Air+Wick+air+freshener,https://www.amazon.in/dp/B0BD22B1RB,B0BD22B1RB,B0BD22B1RB,,"Airwick Freshmatic Automatic Room Freshener Refill, Lavender & Lotus, Lemon & Orange Blossom, Turquoise Oasis (250ml x 3)",Air Wick,,,,[],,,,,4.3,4,In Stock,,,2026-09-24T05:08:13.044674+00:00,data/raw\amazon\air_wick\search_q1_p1_20260924T050806Z.html,,invalid_or_zero_price,Amazon India,Amazon India
Amazon India,Air Wick,https://www.amazon.in/s?k=Air+Wick+air+freshener,https://www.amazon.in/dp/B07SH6GX94,B07SH6GX94,B07SH6GX94,,Air Wick,Air Wick,,,,[],,,,,4.1,4,In Stock,,,2026-09-24T05:08:13.044674+00:00,data/raw\amazon\air_wick\search_q1_p1_20260924T050806Z.html,,invalid_or_zero_price,Amazon India,Amazon India
Amazon India,Air Wick,https://www.amazon.in/s?k=Air+Wick+automatic+spray+refill,https://www.amazon.in/dp/B079L68NLK,B079L68NLK,B079L68NLK,,Air Wick,Air Wick,,,,[],250,100,,,4.2,4,In Stock,,,2026-09-24T05:08:24.450032+00:00,data/raw\amazon\air_wick\search_q2_p1_20260924T050819Z.html,,duplicate_canonical_product,Amazon India,Amazon India
Amazon India,Air Wick,https://www.amazon.in/s?k=Air+Wick+automatic+spray+refill,https://www.amazon.in/dp/B013OU6XK8,B013OU6XK8,B013OU6XK8,,"Airwick Freshmatic Automatic Room Freshener Refill - 250ml | Summer Delights fragrance is blend of fresh white florals, sweet melon, and subtle vanilla| 2600 Sprays Guaranteed | Lasts up to 70 days",Air Wick,,,,"[""Amazon's""]",239,95.60,,,4.2,4,In Stock,,,2026-09-24T05:08:24.450032+00:00,data/raw\amazon\air_wick\search_q2_p1_20260924T050819Z.html,,duplicate_canonical_product,Amazon India,Amazon India
Amazon India,Air Wick,https://www.amazon.in/s?k=Air+Wick+automatic+spray+refill,https://www.amazon.in/dp/B0F5WL4QGL,B0F5WL4QGL,B0F5WL4QGL,,Air Wick,Air Wick,,,,['Limited time deal'],1319,131.90,,,4.2,4,In Stock,,,2026-09-24T05:08:24.450032+00:00,data/raw\amazon\air_wick\search_q2_p1_20260924T050819Z.html,,duplicate_canonical_product,Amazon India,Amazon India
Amazon India,Air Wick,https://www.amazon.in/s?k=Air+Wick+automatic+spray+refill,https://www.amazon.in/dp/B079L68NLK,B079L68NLK,B079L68NLK,,Air Wick,Air Wick,,,,[],250,100,,,4.2,4,In Stock,,,2026-09-24T05:08:24.450032+00:00,data/raw\amazon\air_wick\search_q2_p1_20260924T050819Z.html,,duplicate_canonical_product,Amazon India,Amazon India
Amazon India,Air Wick,https://www.amazon.in/s?k=Air+Wick+automatic+spray+refill,https://www.amazon.in/dp/B013OU6XK8,B013OU6XK8,B013OU6XK8,,"Airwick Freshmatic Automatic Room Freshener Refill - 250ml | Summer Delights fragrance is blend of fresh white florals, sweet melon, and subtle vanilla| 2600 Sprays Guaranteed | Lasts up to 70 days",Air Wick,,,,"[""Amazon's""]",239,95.60,,,4.2,4,In Stock,,,2026-09-24T05:08:24.450032+00:00,data/raw\amazon\air_wick\search_q2_p1_20260924T050819Z.html,,duplicate_canonical_product,Amazon India,Amazon India
Amazon India,Air Wick,https://www.amazon.in/s?k=Air+Wick+automatic+spray+refill,https://www.amazon.in/dp/B013OU6VN2,B013OU6VN2,B013OU6VN2,,Air Wick,Air Wick,,,,[],257,102.80,,,4.1,4,In Stock,,,2026-09-24T05:08:24.450032+00:00,data/raw\amazon\air_wick\search_q2_p1_20260924T050819Z.html,,duplicate_canonical_product,Amazon India,Amazon India
Amazon India,Air Wick,https://www.amazon.in/s?k=Air+Wick+automatic+spray+refill,https://www.amazon.in/dp/B079LGDTHV,B079LGDTHV,B079LGDTHV,,Air Wick,Air Wick,,,,[],250,100,,,4.2,4,In Stock,,,2026-09-24T05:08:24.450032+00:00,data/raw\amazon\air_wick\search_q2_p1_20260924T050819Z.html,,duplicate_canonical_product,Amazon India,Amazon India
Amazon India,Air Wick,https://www.amazon.in/s?k=Air+Wick+automatic+spray+refill,https://www.amazon.in/dp/B079LBY4RM,B079LBY4RM,B079LBY4RM,,Air Wick,Air Wick,,,,[],257,102.80,,,4.0,4,In Stock,,,2026-09-24T05:08:24.450032+00:00,data/raw\amazon\air_wick\search_q2_p1_20260924T050819Z.html,,duplicate_canonical_product,Amazon India,Amazon India
Amazon India,Air Wick,https://www.amazon.in/s?k=Air+Wick+automatic+spray+refill,https://www.amazon.in/dp/B07SJ63LX4,B07SJ63LX4,B07SJ63LX4,,Air Wick,Air Wick,,,,[],507,660,,,4.3,4,In Stock,,,2026-09-24T05:08:24.450032+00:00,data/raw\amazon\air_wick\search_q2_p1_20260924T050819Z.html,,duplicate_canonical_product,Amazon India,Amazon India
Amazon India,Air Wick,https://www.amazon.in/s?k=Air+Wick+automatic+spray+refill,https://www.amazon.in/dp/B07SLCJ9F4,B07SLCJ9F4,B07SLCJ9F4,,Air Wick,Air Wick,,,,[],489,660,,,4.5,4,In Stock,,,2026-09-24T05:08:24.450032+00:00,data/raw\amazon\air_wick\search_q2_p1_20260924T050819Z.html,,duplicate_canonical_product,Amazon India,Amazon India
Amazon India,Air Wick,https://www.amazon.in/s?k=Air+Wick+automatic+spray+refill,https://www.amazon.in/dp/B0BWD9GCXD,B0BWD9GCXD,B0BWD9GCXD,,Air Wick,Air Wick,,,,[],435,435,,,4.4,4,In Stock,,,2026-09-24T05:08:24.450032+00:00,data/raw\amazon\air_wick\search_q2_p1_20260924T050819Z.html,,duplicate_canonical_product,Amazon India,Amazon India
Amazon India,Air Wick,https://www.amazon.in/s?k=Air+Wick+automatic+spray+refill,https://www.amazon.in/dp/B0BZGSM26Z,B0BZGSM26Z,B0BZGSM26Z,,Air Wick,Air Wick,,,,[],435,435,,,4.3,4,In Stock,,,2026-09-24T05:08:24.450032+00:00,data/raw\amazon\air_wick\search_q2_p1_20260924T050819Z.html,,duplicate_canonical_product,Amazon India,Amazon India
Amazon India,Air Wick,https://www.amazon.in/s?k=Air+Wick+automatic+spray+refill,https://www.amazon.in/dp/B08JX59HVB,B08JX59HVB,B08JX59HVB,,Air Wick,Air Wick,,,,[],435,435,,,4.2,4,In Stock,,,2026-09-24T05:08:24.450032+00:00,data/raw\amazon\air_wick\search_q2_p1_20260924T050819Z.html,,duplicate_canonical_product,Amazon India,Amazon India
Amazon India,Air Wick,https://www.amazon.in/s?k=Air+Wick+automatic+spray+refill,https://www.amazon.in/dp/B0BD22B1RB,B0BD22B1RB,B0BD22B1RB,,"Airwick Freshmatic Automatic Room Freshener Refill, Lavender & Lotus, Lemon & Orange Blossom, Turquoise Oasis (250ml x 3)",Air Wick,,,,[],,,,,4.3,4,In Stock,,,2026-09-24T05:08:24.450032+00:00,data/raw\amazon\air_wick\search_q2_p1_20260924T050819Z.html,,invalid_or_zero_price,Amazon India,Amazon India
Amazon India,Air Wick,https://www.amazon.in/s?k=Air+Wick+automatic+spray+refill,https://www.amazon.in/dp/B0F5WK9S9Z,B0F5WK9S9Z,B0F5WK9S9Z,,Air Wick,Air Wick,,,,[],1319,131.90,,,4.3,4,In Stock,,,2026-09-24T05:08:24.450032+00:00,data/raw\amazon\air_wick\search_q2_p1_20260924T050819Z.html,,duplicate_canonical_product,Amazon India,Amazon India
Amazon India,Air Wick,https://www.amazon.in/s?k=Air+Wick+automatic+spray+refill,https://www.amazon.in/dp/B07MTQXXFM,B07MTQXXFM,B07MTQXXFM,,Air Wick,Air Wick,,,,[],435,435,,,4.2,4,In Stock,,,2026-09-24T05:08:24.450032+00:00,data/raw\amazon\air_wick\search_q2_p1_20260924T050819Z.html,,duplicate_canonical_product,Amazon India,Amazon India
Amazon India,Air Wick,https://www.amazon.in/s?k=Air+Wick+automatic+spray+refill,https://www.amazon.in/dp/B0CCS5GN91,B0CCS5GN91,B0CCS5GN91,,Air Wick,Air Wick,,,,[],1029,102.90,,,4.2,4,In Stock,,,2026-09-24T05:08:24.450032+00:00,data/raw\amazon\air_wick\search_q2_p1_20260924T050819Z.html,,duplicate_canonical_product,Amazon India,Amazon India
Amazon India,Air Wick,https://www.amazon.in/s?k=Air+Wick+automatic+spray+refill,https://www.amazon.in/dp/B00TS9DTAW,B00TS9DTAW,B00TS9DTAW,,Air Wick,Air Wick,,,,[],420,168,,,4.1,4,In Stock,,,2026-09-24T05:08:24.450032+00:00,data/raw\amazon\air_wick\search_q2_p1_20260924T050819Z.html,,duplicate_canonical_product,Amazon India,Amazon India
Amazon India,Air Wick,https://www.amazon.in/s?k=Air+Wick+automatic+spray+refill,https://www.amazon.in/dp/B0F5WL4QGL,B0F5WL4QGL,B0F5WL4QGL,,Air Wick,Air Wick,,,,['Limited time deal'],1319,131.90,,,4.2,4,In Stock,,,2026-09-24T05:08:24.450032+00:00,data/raw\amazon\air_wick\search_q2_p1_20260924T050819Z.html,,duplicate_canonical_product,Amazon India,Amazon India
Amazon India,Air Wick,https://www.amazon.in/s?k=Air+Wick+automatic+spray+refill,https://www.amazon.in/dp/B07CMW3Z92,B07CMW3Z92,B07CMW3Z92,,Air Wick,Air Wick,,,,[],448,179.20,,,4.6,4,In Stock,,,2026-09-24T05:08:24.450032+00:00,data/raw\amazon\air_wick\search_q2_p1_20260924T050819Z.html,,duplicate_canonical_product,Amazon India,Amazon India
Amazon India,Air Wick,https://www.amazon.in/s?k=Air+Wick+automatic+spray+refill,https://www.amazon.in/dp/B0BZGW1CCH,B0BZGW1CCH,B0BZGW1CCH,,Air Wick,Air Wick,,,,[],435,435,,,4.2,4,In Stock,,,2026-09-24T05:08:24.450032+00:00,data/raw\amazon\air_wick\search_q2_p1_20260924T050819Z.html,,duplicate_canonical_product,Amazon India,Amazon India
Amazon India,Air Wick,https://www.amazon.in/s?k=Air+Wick+automatic+spray+refill,https://www.amazon.in/dp/B09NDQBZ7D,B09NDQBZ7D,B09NDQBZ7D,,Air Wick,Air Wick,,,,[],433,173.20,,,4.2,4,In Stock,,,2026-09-24T05:08:24.450032+00:00,data/raw\amazon\air_wick\search_q2_p1_20260924T050819Z.html,,duplicate_canonical_product,Amazon India,Amazon India
Amazon India,Air Wick,https://www.amazon.in/s?k=Air+Wick+automatic+spray+refill,https://www.amazon.in/dp/B00QIVDY30,B00QIVDY30,B00QIVDY30,,Air Wick,Air Wick,,,,[],435,238.40,,,4.3,4,In Stock,,,2026-09-24T05:08:24.450032+00:00,data/raw\amazon\air_wick\search_q2_p1_20260924T050819Z.html,,duplicate_canonical_product,Amazon India,Amazon India
Amazon India,Air Wick,https://www.amazon.in/s?k=Air+Wick+automatic+spray+refill,https://www.amazon.in/dp/B07SLC82H4,B07SLC82H4,B07SLC82H4,,Air Wick,Air Wick,,,,[],636,929,,,3.9,3,In Stock,,,2026-09-24T05:08:24.450032+00:00,data/raw\amazon\air_wick\search_q2_p1_20260924T050819Z.html,,duplicate_canonical_product,Amazon India,Amazon India
Amazon India,Air Wick,https://www.amazon.in/s?k=Air+Wick+automatic+spray+refill,https://www.amazon.in/dp/B0F5WMPBX4,B0F5WMPBX4,B0F5WMPBX4,,Air Wick,Air Wick,,,,[],1319,131.90,,,4.5,4,In Stock,,,2026-09-24T05:08:24.450032+00:00,data/raw\amazon\air_wick\search_q2_p1_20260924T050819Z.html,,duplicate_canonical_product,Amazon India,Amazon India
Amazon India,Air Wick,https://www.amazon.in/s?k=Air+Wick+automatic+spray+refill,https://www.amazon.in/dp/B09W5LYSRM,B09W5LYSRM,B09W5LYSRM,,Airwick Air Freshener Spring Delight Automatic Spray Refill - 250 ml,Air Wick,,,,[],435,435,,,3.9,3,In Stock,,,2026-09-24T05:08:24.450032+00:00,data/raw\amazon\air_wick\search_q2_p1_20260924T050819Z.html,,duplicate_canonical_product,Amazon India,Amazon India
Amazon India,Air Wick,https://www.amazon.in/s?k=Air+Wick+automatic+spray+refill,https://www.amazon.in/dp/B09PL277QW,B09PL277QW,B09PL277QW,,Airwick Freshmatic Automatic Room Freshener Refills Super Saver Pack | Pack of 2 Premium Assorted Fragrances (Summer Delight & Rose and Saffron),Air Wick,,,,[],700,140,,,4.3,4,In Stock,,,2026-09-24T05:08:24.450032+00:00,data/raw\amazon\air_wick\search_q2_p1_20260924T050819Z.html,,duplicate_canonical_product,Amazon India,Amazon India
Amazon India,Air Wick,https://www.amazon.in/s?k=Air+Wick+automatic+spray+refill,https://www.amazon.in/dp/B0H2JV8DFQ,B0H2JV8DFQ,B0H2JV8DFQ,,Air Wick,Air Wick,,,,[],589,937,,,,,In Stock,,,2026-09-24T05:08:24.450032+00:00,data/raw\amazon\air_wick\search_q2_p1_20260924T050819Z.html,,duplicate_canonical_product,,
Amazon India,Air Wick,https://www.amazon.in/s?k=Air+Wick+automatic+spray+refill,https://www.amazon.in/dp/B00TS9DP56,B00TS9DP56,B00TS9DP56,,Air Wick,Air Wick,,,,[],330,132,,,3.9,3,In Stock,,,2026-09-24T05:08:24.450032+00:00,data/raw\amazon\air_wick\search_q2_p1_20260924T050819Z.html,,duplicate_canonical_product,Amazon India,Amazon India
Amazon India,Air Wick,https://www.amazon.in/s?k=Air+Wick+automatic+spray+refill,https://www.amazon.in/dp/B09VH63P99,B09VH63P99,B09VH63P99,,Air Wick,Air Wick,,,,[],897,1239,,,4.2,4,In Stock,,,2026-09-24T05:08:24.450032+00:00,data/raw\amazon\air_wick\search_q2_p1_20260924T050819Z.html,,duplicate_canonical_product,Amazon India,Amazon India
Amazon India,Air Wick,https://www.amazon.in/s?k=Air+Wick+automatic+spray+refill,https://www.amazon.in/dp/B09NBWL4YV,B09NBWL4YV,B09NBWL4YV,,Air Wick,Air Wick,,,,[],425,170,,,4.5,4,In Stock,,,2026-09-24T05:08:24.450032+00:00,data/raw\amazon\air_wick\search_q2_p1_20260924T050819Z.html,,duplicate_canonical_product,Amazon India,Amazon India
Amazon India,Air Wick,https://www.amazon.in/s?k=Air+Wick+automatic+spray+refill,https://www.amazon.in/dp/B09FSGJ9YX,B09FSGJ9YX,B09FSGJ9YX,,Airwick Air Freshener Automatic Spray Refill Cherry Blossom 250ml,Air Wick,,,,[],435,174,,,4.3,4,In Stock,,,2026-09-24T05:08:24.450032+00:00,data/raw\amazon\air_wick\search_q2_p1_20260924T050819Z.html,,duplicate_canonical_product,Amazon India,Amazon India
Amazon India,Air Wick,https://www.amazon.in/s?k=Air+Wick+automatic+spray+refill,https://www.amazon.in/dp/B00HJ2DWZ2,B00HJ2DWZ2,B00HJ2DWZ2,,Air Wick,Air Wick,,,,[],300,120,,,4.0,4,In Stock,,,2026-09-24T05:08:24.450032+00:00,data/raw\amazon\air_wick\search_q2_p1_20260924T050819Z.html,,duplicate_canonical_product,Amazon India,Amazon India
Amazon India,Air Wick,https://www.amazon.in/s?k=Air+Wick+automatic+spray+refill,https://www.amazon.in/dp/B0CHSC4WWN,B0CHSC4WWN,B0CHSC4WWN,,"Airwick Lavender & Lotus -250 ml x 4 (Buy 3 Get 1 Free) Freshmatic Automatic Air Freshener Refill | 2600 Sprays Guaranteed | Automatic Room Freshener, Bathroom Freshener and Room Spray (Pack of 4)",Air Wick,,,,[],4116,102.90,,,,,In Stock,,,2026-09-24T05:08:24.450032+00:00,data/raw\amazon\air_wick\search_q2_p1_20260924T050819Z.html,,duplicate_canonical_product,,
Amazon India,Air Wick,https://www.amazon.in/s?k=Air+Wick+automatic+spray+refill,https://www.amazon.in/dp/B09PL2XMGS,B09PL2XMGS,B09PL2XMGS,,Air Wick,Air Wick,,,,[],770,154,,,4.2,4,In Stock,,,2026-09-24T05:08:24.450032+00:00,data/raw\amazon\air_wick\search_q2_p1_20260924T050819Z.html,,duplicate_canonical_product,Amazon India,Amazon India
Amazon India,Air Wick,https://www.amazon.in/s?k=Air+Wick+automatic+spray+refill,https://www.amazon.in/dp/B0010L40P4,B0010L40P4,B0010L40P4,,Air Wick,Air Wick,,,,[],2618,1567.66,,,4.6,4,In Stock,,,2026-09-24T05:08:24.450032+00:00,data/raw\amazon\air_wick\search_q2_p1_20260924T050819Z.html,,duplicate_canonical_product,Amazon India,Amazon India
Amazon India,Air Wick,https://www.amazon.in/s?k=Air+Wick+automatic+spray+refill,https://www.amazon.in/dp/B07DXQZQWZ,B07DXQZQWZ,B07DXQZQWZ,,Air Wick,Air Wick,,,,[],425,170,,,3.0,3,In Stock,,,2026-09-24T05:08:24.450032+00:00,data/raw\amazon\air_wick\search_q2_p1_20260924T050819Z.html,,duplicate_canonical_product,Amazon India,Amazon India
Amazon India,Air Wick,https://www.amazon.in/s?k=Air+Wick+automatic+spray+refill,https://www.amazon.in/dp/B0768QD2RF,B0768QD2RF,B0768QD2RF,,Air Wick,Air Wick,,,,[],5695,1627.14,,,4.7,4,In Stock,,,2026-09-24T05:08:24.450032+00:00,data/raw\amazon\air_wick\search_q2_p1_20260924T050819Z.html,,duplicate_canonical_product,Amazon India,Amazon India
Amazon India,Air Wick,https://www.amazon.in/s?k=Air+Wick+automatic+spray+refill,https://www.amazon.in/dp/B01AVIZZL4,B01AVIZZL4,B01AVIZZL4,,Air Wick,Air Wick,,,,[],4407,22035,,,4.6,4,In Stock,,,2026-09-24T05:08:24.450032+00:00,data/raw\amazon\air_wick\search_q2_p1_20260924T050819Z.html,,duplicate_canonical_product,Amazon India,Amazon India
Amazon India,Air Wick,https://www.amazon.in/s?k=Air+Wick+automatic+spray+refill,https://www.amazon.in/dp/B01G776BZM,B01G776BZM,B01G776BZM,,Air Wick,Air Wick,,,,[],425,170,,,4.1,4,In Stock,,,2026-09-24T05:08:24.450032+00:00,data/raw\amazon\air_wick\search_q2_p1_20260924T050819Z.html,,duplicate_canonical_product,Amazon India,Amazon India
Amazon India,Air Wick,https://www.amazon.in/s?k=Air+Wick+automatic+spray+refill,https://www.amazon.in/dp/B075JTPCQC,B075JTPCQC,B075JTPCQC,,Air Wick,Air Wick,,,,[],1438,2500,,,4.7,4,In Stock,,,2026-09-24T05:08:24.450032+00:00,data/raw\amazon\air_wick\search_q2_p1_20260924T050819Z.html,,duplicate_canonical_product,Amazon India,Amazon India
Amazon India,Air Wick,https://www.amazon.in/s?k=Air+Wick+automatic+spray+refill&page=2,https://www.amazon.in/dp/B07SH6GX94,B07SH6GX94,B07SH6GX94,,Air Wick,Air Wick,,,,[],,,,,4.1,4,In Stock,,,2026-09-24T05:08:29.586620+00:00,data/raw\amazon\air_wick\search_q2_p2_20260924T050824Z.html,,invalid_or_zero_price,Amazon India,Amazon India
Amazon India,Air Wick,https://www.amazon.in/s?k=Air+Wick+automatic+spray+refill&page=2,https://www.amazon.in/dp/B07QPRV62S,B07QPRV62S,B07QPRV62S,,Air Wick,Air Wick,,,,[],4017,2027.76,,,4.7,4,In Stock,,,2026-09-24T05:08:29.586620+00:00,data/raw\amazon\air_wick\search_q2_p2_20260924T050824Z.html,,duplicate_canonical_product,Amazon India,Amazon India
Amazon India,Air Wick,https://www.amazon.in/s?k=Air+Wick+automatic+spray+refill&page=2,https://www.amazon.in/dp/B091GWCR38,B091GWCR38,B091GWCR38,,Air Wick,Air Wick,,,,[],426,426,,,3.9,3,In Stock,,,2026-09-24T05:08:29.586620+00:00,data/raw\amazon\air_wick\search_q2_p2_20260924T050824Z.html,,duplicate_canonical_product,Amazon India,Amazon India
Amazon India,Ambi Pur,https://www.amazon.in/s?k=Ambi+Pur+air+freshener,https://www.amazon.in/dp/B00NIMA2VY,B00NIMA2VY,B00NIMA2VY,,"Ambi Pur Lavender Spa Car Air Freshener Oil Starter Kit (7.5 ml), Pack of 1",Ambi Pur,,,,[],270,3600,,,3.7,3,In Stock,,,2026-09-24T05:08:36.373843+00:00,data/raw\amazon\ambi_pur\search_q1_p1_20260924T050829Z.html,,out_of_scope_car_only,Amazon India,Amazon India
Amazon India,Ambi Pur,https://www.amazon.in/s?k=Ambi+Pur+air+freshener,https://www.amazon.in/dp/B08JH2JQMT,B08JH2JQMT,B08JH2JQMT,,"Ambi Pur Car Freshener Gel, Relaxing Lavender, 75 g",Ambi Pur,,,,[],160,213.33,,,3.6,3,In Stock,,,2026-09-24T05:08:36.373843+00:00,data/raw\amazon\ambi_pur\search_q1_p1_20260924T050829Z.html,,out_of_scope_car_only,Amazon India,Amazon India
Amazon India,Ambi Pur,https://www.amazon.in/s?k=Ambi+Pur+air+freshener,https://www.amazon.in/dp/B08J57WDN6,B08J57WDN6,B08J57WDN6,,"Ambi Pur Car Freshener Gel, Romantic Rose, 75 g",Ambi Pur,,,,[],160,213.33,,,3.7,3,In Stock,,,2026-09-24T05:08:36.373843+00:00,data/raw\amazon\ambi_pur\search_q1_p1_20260924T050829Z.html,,out_of_scope_car_only,Amazon India,Amazon India
Amazon India,Ambi Pur,https://www.amazon.in/s?k=Ambi+Pur+air+freshener,https://www.amazon.in/dp/B00NIMA2VY,B00NIMA2VY,B00NIMA2VY,,"Ambi Pur Lavender Spa Car Air Freshener Oil Starter Kit (7.5 ml), Pack of 1",Ambi Pur,,,,[],270,3600,,,3.7,3,In Stock,,,2026-09-24T05:08:36.373843+00:00,data/raw\amazon\ambi_pur\search_q1_p1_20260924T050829Z.html,,out_of_scope_car_only,Amazon India,Amazon India
Amazon India,Ambi Pur,https://www.amazon.in/s?k=Ambi+Pur+air+freshener,https://www.amazon.in/dp/B08JH2JQMT,B08JH2JQMT,B08JH2JQMT,,"Ambi Pur Car Freshener Gel, Relaxing Lavender, 75 g",Ambi Pur,,,,[],160,213.33,,,3.6,3,In Stock,,,2026-09-24T05:08:36.373843+00:00,data/raw\amazon\ambi_pur\search_q1_p1_20260924T050829Z.html,,out_of_scope_car_only,Amazon India,Amazon India
Amazon India,Ambi Pur,https://www.amazon.in/s?k=Ambi+Pur+air+freshener,https://www.amazon.in/dp/B08JH8WCRN,B08JH8WCRN,B08JH8WCRN,,"Ambi Pur Car Freshener Gel, Refreshing Lemon, 75 g",Ambi Pur,,,,[],261,348,,,3.8,3,In Stock,,,2026-09-24T05:08:36.373843+00:00,data/raw\amazon\ambi_pur\search_q1_p1_20260924T050829Z.html,,out_of_scope_car_only,Amazon India,Amazon India
Amazon India,Ambi Pur,https://www.amazon.in/s?k=Ambi+Pur+air+freshener,https://www.amazon.in/dp/B08J57WDN6,B08J57WDN6,B08J57WDN6,,"Ambi Pur Car Freshener Gel, Romantic Rose, 75 g",Ambi Pur,,,,[],160,213.33,,,3.7,3,In Stock,,,2026-09-24T05:08:36.373843+00:00,data/raw\amazon\ambi_pur\search_q1_p1_20260924T050829Z.html,,out_of_scope_car_only,Amazon India,Amazon India
Amazon India,Ambi Pur,https://www.amazon.in/s?k=Ambi+Pur+air+freshener,https://www.amazon.in/dp/B00TFC6896,B00TFC6896,B00TFC6896,,Ambi Pur Car Freshener –Aqua - Starter Kit,Ambi Pur,,,,[],295,3933.33,,,3.7,3,In Stock,,,2026-09-24T05:08:36.373843+00:00,data/raw\amazon\ambi_pur\search_q1_p1_20260924T050829Z.html,,out_of_scope_car_only,Amazon India,Amazon India
Amazon India,Ambi Pur,https://www.amazon.in/s?k=Ambi+Pur+air+freshener,https://www.amazon.in/dp/B0BF5BF7YH,B0BF5BF7YH,B0BF5BF7YH,,Ambipur REFRESHING LEMON Car Freshener (2 x 75 g),Ambi Pur,,,,[],595,297.50,,,,,In Stock,,,2026-09-24T05:08:36.373843+00:00,data/raw\amazon\ambi_pur\search_q1_p1_20260924T050829Z.html,,out_of_scope_car_only,,
Amazon India,Ambi Pur,https://www.amazon.in/s?k=Ambi+Pur+air+freshener,https://www.amazon.in/dp/B0BF54CKCY,B0BF54CKCY,B0BF54CKCY,,"Ambipur RELAXING ROSE, RELAXING LEMON Car Freshener (2 x 75 g)",Ambi Pur,,,,[],594,297,,,3.5,3,In Stock,,,2026-09-24T05:08:36.373843+00:00,data/raw\amazon\ambi_pur\search_q1_p1_20260924T050829Z.html,,out_of_scope_car_only,Amazon India,Amazon India
Amazon India,Ambi Pur,https://www.amazon.in/s?k=Ambi+Pur+air+freshener,https://www.amazon.in/dp/B0BB2FGCGM,B0BB2FGCGM,B0BB2FGCGM,,SIDDHI Online Sales Ambi Pur Air Freshener - Fresh Boost - 275 g Pack of-1,Ambi Pur,,,,[],,,,,,,In Stock,,,2026-09-24T05:08:36.373843+00:00,data/raw\amazon\ambi_pur\search_q1_p1_20260924T050829Z.html,,invalid_or_zero_price,,
Amazon India,Ambi Pur,https://www.amazon.in/s?k=Ambi+Pur+air+freshener,https://www.amazon.in/dp/B00TFC6CZQ,B00TFC6CZQ,B00TFC6CZQ,,Ambi Pur Lavender Spa Car Air Freshener Starter Kit (2 X 7.5 ml),Ambi Pur,,,,[],580,3866.67,,,3.5,3,In Stock,,,2026-09-24T05:08:36.373843+00:00,data/raw\amazon\ambi_pur\search_q1_p1_20260924T050829Z.html,,out_of_scope_car_only,Amazon India,Amazon India
Amazon India,Ambi Pur,https://www.amazon.in/s?k=Ambi+Pur+air+freshener,https://www.amazon.in/dp/B00TFC60NU,B00TFC60NU,B00TFC60NU,,"Ambi Pur Auto Pearl Car Air Freshener Refill,Sweet Citrus And Zest,7. 5 Ml Liquid",Ambi Pur,,,,[],219,2920,,,4.1,4,In Stock,,,2026-09-24T05:08:36.373843+00:00,data/raw\amazon\ambi_pur\search_q1_p1_20260924T050829Z.html,,out_of_scope_car_only,Amazon India,Amazon India
Amazon India,Ambi Pur,https://www.amazon.in/s?k=Ambi+Pur+air+freshener,https://www.amazon.in/dp/B01MRZYAM2,B01MRZYAM2,B01MRZYAM2,,Ambi Pur Car Freshener ??Jasmine - Starter Kit - 7.5 ml,Ambi Pur,,,,[],349,4653.33,,,3.8,3,In Stock,,,2026-09-24T05:08:36.373843+00:00,data/raw\amazon\ambi_pur\search_q1_p1_20260924T050829Z.html,,out_of_scope_car_only,Amazon India,Amazon India
Amazon India,Ambi Pur,https://www.amazon.in/s?k=Ambi+Pur+air+freshener,https://www.amazon.in/dp/B09RYKV26W,B09RYKV26W,B09RYKV26W,,"Ambi Pur Car Freshener Gel, Relaxing Lavender, 75 g & Lavender, Starter Kit, 15 ml",Ambi Pur,,,,[],635,648,,,4.2,4,In Stock,,,2026-09-24T05:08:36.373843+00:00,data/raw\amazon\ambi_pur\search_q1_p1_20260924T050829Z.html,,out_of_scope_car_only,Amazon India,Amazon India
Amazon India,Ambi Pur,https://www.amazon.in/s?k=Ambi+Pur+air+freshener,https://www.amazon.in/dp/B09RYRH4W4,B09RYRH4W4,B09RYRH4W4,,"Ambi Pur Car Freshener Gel, Refreshing Lemon, 75 g & Relaxing Lavender, Freshener Gel, 75 g",Ambi Pur,,,,[],547,598,,,3.9,3,In Stock,,,2026-09-24T05:08:36.373843+00:00,data/raw\amazon\ambi_pur\search_q1_p1_20260924T050829Z.html,,out_of_scope_car_only,Amazon India,Amazon India
Amazon India,Ambi Pur,https://www.amazon.in/s?k=Ambi+Pur+air+freshener,https://www.amazon.in/dp/B0BKSPH3QF,B0BKSPH3QF,B0BKSPH3QF,,"Ambi Pur Car Freshener Gel, Pack of 3s, Value Pack Combo (75g x 3)",Ambi Pur,,,,[],950,154.98,,,3.8,3,In Stock,,,2026-09-24T05:08:36.373843+00:00,data/raw\amazon\ambi_pur\search_q1_p1_20260924T050829Z.html,,out_of_scope_car_only,Amazon India,Amazon India
Amazon India,Ambi Pur,https://www.amazon.in/s?k=Ambi+Pur+air+freshener,https://www.amazon.in/dp/B00TFC5NBK,B00TFC5NBK,B00TFC5NBK,,"Ambi Pur Car Air Freshener Refill, Aqua, 7.5 ml",Ambi Pur,,,,[],219,2920,,,4.1,4,In Stock,,,2026-09-24T05:08:36.373843+00:00,data/raw\amazon\ambi_pur\search_q1_p1_20260924T050829Z.html,,out_of_scope_car_only,Amazon India,Amazon India
Amazon India,Ambi Pur,https://www.amazon.in/s?k=Ambi+Pur+air+freshener,https://www.amazon.in/dp/B00TFC6PXU,B00TFC6PXU,B00TFC6PXU,,Ambi Pur Car Freshener ??Citrus - Starter Kit - 7.5 ml,Ambi Pur,,,,[],340,4533.33,,,3.8,3,In Stock,,,2026-09-24T05:08:36.373843+00:00,data/raw\amazon\ambi_pur\search_q1_p1_20260924T050829Z.html,,out_of_scope_car_only,Amazon India,Amazon India
Amazon India,Ambi Pur,https://www.amazon.in/s?k=Ambi+Pur+air+freshener&page=2,https://www.amazon.in/dp/B0DP2GTR9T,B0DP2GTR9T,B0DP2GTR9T,,"Auto Pearl Ambi Pur Car Air Freshener Refill,Sweet Citrus And Zest,7. 5 Ml Liquid (Pack of 2)",Ambi Pur,,,,[],438,2920,,,4.4,4,In Stock,,,2026-09-24T05:08:41.549021+00:00,data/raw\amazon\ambi_pur\search_q1_p2_20260924T050836Z.html,,out_of_scope_car_only,Amazon India,Amazon India
Amazon India,Ambi Pur,https://www.amazon.in/s?k=Ambi+Pur+air+freshener&page=2,https://www.amazon.in/dp/B01N10OGZ0,B01N10OGZ0,B01N10OGZ0,,Ambi Pur Car Freshener –Citrus - Refill,Ambi Pur,,,,[],219,2920,,,4.1,4,In Stock,,,2026-09-24T05:08:41.549021+00:00,data/raw\amazon\ambi_pur\search_q1_p2_20260924T050836Z.html,,out_of_scope_car_only,Amazon India,Amazon India
Amazon India,Ambi Pur,https://www.amazon.in/s?k=Ambi+Pur+room+spray+car+freshener,https://www.amazon.in/dp/B0BF57NWZQ,B0BF57NWZQ,B0BF57NWZQ,,"Ambipur Jasmine, Rose & Blossom, Lavender Spray (3 x 275 g)",Ambi Pur,,,,[],649,216.33,,,4.4,4,In Stock,,,2026-09-24T05:08:47.201470+00:00,data/raw\amazon\ambi_pur\search_q2_p1_20260924T050841Z.html,,duplicate_canonical_product,Amazon India,Amazon India
Amazon India,Ambi Pur,https://www.amazon.in/s?k=Ambi+Pur+room+spray+car+freshener,https://www.amazon.in/dp/B073HC7WHV,B073HC7WHV,B073HC7WHV,,Ambi Pur Air Freshener - Sweet Berries - 275ml Spray,Ambi Pur,,,,[],229,83.27,,,4.2,4,In Stock,,,2026-09-24T05:08:47.201470+00:00,data/raw\amazon\ambi_pur\search_q2_p1_20260924T050841Z.html,,duplicate_canonical_product,Amazon India,Amazon India
Amazon India,Ambi Pur,https://www.amazon.in/s?k=Ambi+Pur+room+spray+car+freshener,https://www.amazon.in/dp/B0C8T2R7YD,B0C8T2R7YD,B0C8T2R7YD,,"Ambi Pur Moodtherapy Collection Room Freshener Gel, Splash of Revival Lemongrass, 180 g | Air Fres",Ambi Pur,,,,[],273,151.67,,,3.7,3,In Stock,,,2026-09-24T05:08:47.201470+00:00,data/raw\amazon\ambi_pur\search_q2_p1_20260924T050841Z.html,,duplicate_canonical_product,Amazon India,Amazon India
Amazon India,Ambi Pur,https://www.amazon.in/s?k=Ambi+Pur+room+spray+car+freshener,https://www.amazon.in/dp/B08JH2JQMT,B08JH2JQMT,B08JH2JQMT,,"Ambi Pur Car Freshener Gel, Relaxing Lavender, 75 g",Ambi Pur,,,,[],160,213.33,,,3.6,3,In Stock,,,2026-09-24T05:08:47.201470+00:00,data/raw\amazon\ambi_pur\search_q2_p1_20260924T050841Z.html,,out_of_scope_car_only,Amazon India,Amazon India
Amazon India,Ambi Pur,https://www.amazon.in/s?k=Ambi+Pur+room+spray+car+freshener,https://www.amazon.in/dp/B01EFNB2YA,B01EFNB2YA,B01EFNB2YA,,Ambi Pur Air Effect Sweet Berries Air Freshener - 275 g,Ambi Pur,,,,[],259,94.18,,,4.3,4,In Stock,,,2026-09-24T05:08:47.201470+00:00,data/raw\amazon\ambi_pur\search_q2_p1_20260924T050841Z.html,,duplicate_canonical_product,Amazon India,Amazon India
Amazon India,Ambi Pur,https://www.amazon.in/s?k=Ambi+Pur+room+spray+car+freshener,https://www.amazon.in/dp/B08JH8WCRN,B08JH8WCRN,B08JH8WCRN,,"Ambi Pur Car Freshener Gel, Refreshing Lemon, 75 g",Ambi Pur,,,,[],261,348,,,3.8,3,In Stock,,,2026-09-24T05:08:47.201470+00:00,data/raw\amazon\ambi_pur\search_q2_p1_20260924T050841Z.html,,out_of_scope_car_only,Amazon India,Amazon India
Amazon India,Ambi Pur,https://www.amazon.in/s?k=Ambi+Pur+room+spray+car+freshener,https://www.amazon.in/dp/B08J57WDN6,B08J57WDN6,B08J57WDN6,,"Ambi Pur Car Freshener Gel, Romantic Rose, 75 g",Ambi Pur,,,,[],160,213.33,,,3.7,3,In Stock,,,2026-09-24T05:08:47.201470+00:00,data/raw\amazon\ambi_pur\search_q2_p1_20260924T050841Z.html,,out_of_scope_car_only,Amazon India,Amazon India
Amazon India,Ambi Pur,https://www.amazon.in/s?k=Ambi+Pur+room+spray+car+freshener,https://www.amazon.in/dp/B09382RXRX,B09382RXRX,B09382RXRX,,Ambi Pur,Ambi Pur,,,,[],508,598,,,4.3,4,In Stock,,,2026-09-24T05:08:47.201470+00:00,data/raw\amazon\ambi_pur\search_q2_p1_20260924T050841Z.html,,duplicate_canonical_product,Amazon India,Amazon India
Amazon India,Ambi Pur,https://www.amazon.in/s?k=Ambi+Pur+room+spray+car+freshener,https://www.amazon.in/dp/B00NIMA2VY,B00NIMA2VY,B00NIMA2VY,,"Ambi Pur Lavender Spa Car Air Freshener Oil Starter Kit (7.5 ml), Pack of 1",Ambi Pur,,,,[],270,3600,,,3.7,3,In Stock,,,2026-09-24T05:08:47.201470+00:00,data/raw\amazon\ambi_pur\search_q2_p1_20260924T050841Z.html,,out_of_scope_car_only,Amazon India,Amazon India
Amazon India,Ambi Pur,https://www.amazon.in/s?k=Ambi+Pur+room+spray+car+freshener,https://www.amazon.in/dp/B01LYRAVWV,B01LYRAVWV,B01LYRAVWV,,"Ambi Pur Air Freshener - Rose and Blossom, 275ml Bottle",Ambi Pur,,,,[],229,83.27,,,4.5,4,In Stock,,,2026-09-24T05:08:47.201470+00:00,data/raw\amazon\ambi_pur\search_q2_p1_20260924T050841Z.html,,duplicate_canonical_product,Amazon India,Amazon India
Amazon India,Ambi Pur,https://www.amazon.in/s?k=Ambi+Pur+room+spray+car+freshener,https://www.amazon.in/dp/B09CZN1W77,B09CZN1W77,B09CZN1W77,,Ambi Pur,Ambi Pur,,,,[],538,598,,,4.4,4,In Stock,,,2026-09-24T05:08:47.201470+00:00,data/raw\amazon\ambi_pur\search_q2_p1_20260924T050841Z.html,,duplicate_canonical_product,Amazon India,Amazon India
Amazon India,Ambi Pur,https://www.amazon.in/s?k=Ambi+Pur+room+spray+car+freshener,https://www.amazon.in/dp/B09CZLPWS7,B09CZLPWS7,B09CZLPWS7,,Ambi Pur,Ambi Pur,,,,[],547,598,,,4.6,4,In Stock,,,2026-09-24T05:08:47.201470+00:00,data/raw\amazon\ambi_pur\search_q2_p1_20260924T050841Z.html,,duplicate_canonical_product,Amazon India,Amazon India
Amazon India,Ambi Pur,https://www.amazon.in/s?k=Ambi+Pur+room+spray+car+freshener,https://www.amazon.in/dp/B09CZLND4Y,B09CZLND4Y,B09CZLND4Y,,Ambi Pur,Ambi Pur,,,,[],539,598,,,4.2,4,In Stock,,,2026-09-24T05:08:47.201470+00:00,data/raw\amazon\ambi_pur\search_q2_p1_20260924T050841Z.html,,duplicate_canonical_product,Amazon India,Amazon India
Amazon India,Ambi Pur,https://www.amazon.in/s?k=Ambi+Pur+room+spray+car+freshener,https://www.amazon.in/dp/B0DB1T72VF,B0DB1T72VF,B0DB1T72VF,,Ambipur Sandalwood SprayPack of 2 x 275g,Ambi Pur,,,,[],569,284.50,,,5.0,5,In Stock,,,2026-09-24T05:08:47.201470+00:00,data/raw\amazon\ambi_pur\search_q2_p1_20260924T050841Z.html,,duplicate_canonical_product,Amazon India,Amazon India
Amazon India,Ambi Pur,https://www.amazon.in/s?k=Ambi+Pur+room+spray+car+freshener,https://www.amazon.in/dp/B00TFC5NBK,B00TFC5NBK,B00TFC5NBK,,"Ambi Pur Car Air Freshener Refill, Aqua, 7.5 ml",Ambi Pur,,,,[],219,2920,,,4.1,4,In Stock,,,2026-09-24T05:08:47.201470+00:00,data/raw\amazon\ambi_pur\search_q2_p1_20260924T050841Z.html,,out_of_scope_car_only,Amazon India,Amazon India
Amazon India,Ambi Pur,https://www.amazon.in/s?k=Ambi+Pur+room+spray+car+freshener,https://www.amazon.in/dp/B00TFC60NU,B00TFC60NU,B00TFC60NU,,"Ambi Pur Auto Pearl Car Air Freshener Refill,Sweet Citrus And Zest,7. 5 Ml Liquid",Ambi Pur,,,,[],219,2920,,,4.1,4,In Stock,,,2026-09-24T05:08:47.201470+00:00,data/raw\amazon\ambi_pur\search_q2_p1_20260924T050841Z.html,,out_of_scope_car_only,Amazon India,Amazon India
Amazon India,Ambi Pur,https://www.amazon.in/s?k=Ambi+Pur+room+spray+car+freshener,https://www.amazon.in/dp/B0937XLXRV,B0937XLXRV,B0937XLXRV,,Ambi Pur,Ambi Pur,,,,[],547,598,,,4.2,4,In Stock,,,2026-09-24T05:08:47.201470+00:00,data/raw\amazon\ambi_pur\search_q2_p1_20260924T050841Z.html,,duplicate_canonical_product,Amazon India,Amazon India
Amazon India,Ambi Pur,https://www.amazon.in/s?k=Ambi+Pur+room+spray+car+freshener,https://www.amazon.in/dp/B0937PJHFD,B0937PJHFD,B0937PJHFD,,Ambi Pur,Ambi Pur,,,,[],499,598,,,4.1,4,In Stock,,,2026-09-24T05:08:47.201470+00:00,data/raw\amazon\ambi_pur\search_q2_p1_20260924T050841Z.html,,duplicate_canonical_product,Amazon India,Amazon India
Amazon India,Ambi Pur,https://www.amazon.in/s?k=Ambi+Pur+room+spray+car+freshener,https://www.amazon.in/dp/B0937XLXSJ,B0937XLXSJ,B0937XLXSJ,,Ambi Pur,Ambi Pur,,,,[],548,598,,,3.9,3,In Stock,,,2026-09-24T05:08:47.201470+00:00,data/raw\amazon\ambi_pur\search_q2_p1_20260924T050841Z.html,,duplicate_canonical_product,Amazon India,Amazon India
Amazon India,Ambi Pur,https://www.amazon.in/s?k=Ambi+Pur+room+spray+car+freshener,https://www.amazon.in/dp/B00TFC6896,B00TFC6896,B00TFC6896,,Ambi Pur Car Freshener –Aqua - Starter Kit,Ambi Pur,,,,[],295,3933.33,,,3.7,3,In Stock,,,2026-09-24T05:08:47.201470+00:00,data/raw\amazon\ambi_pur\search_q2_p1_20260924T050841Z.html,,out_of_scope_car_only,Amazon India,Amazon India
Amazon India,Ambi Pur,https://www.amazon.in/s?k=Ambi+Pur+room+spray+car+freshener,https://www.amazon.in/dp/B0BF57H1X2,B0BF57H1X2,B0BF57H1X2,,Ambipur lavender Spray (3 x 91.67 ml),Ambi Pur,,,,[],799,266.33,,,5.0,5,In Stock,,,2026-09-24T05:08:47.201470+00:00,data/raw\amazon\ambi_pur\search_q2_p1_20260924T050841Z.html,,duplicate_canonical_product,Amazon India,Amazon India
Amazon India,Ambi Pur,https://www.amazon.in/s?k=Ambi+Pur+room+spray+car+freshener,https://www.amazon.in/dp/B01HTIM422,B01HTIM422,B01HTIM422,,"Ambi Pur Air Effect Lavender Bouquet Gel Air Freshener for Car (275 g, Set of 3)",Ambi Pur,,,,[],779,94.42,,,4.2,4,In Stock,,,2026-09-24T05:08:47.201470+00:00,data/raw\amazon\ambi_pur\search_q2_p1_20260924T050841Z.html,,duplicate_canonical_product,Amazon India,Amazon India
Amazon India,Ambi Pur,https://www.amazon.in/s?k=Ambi+Pur+room+spray+car+freshener,https://www.amazon.in/dp/B0DB1V9KCF,B0DB1V9KCF,B0DB1V9KCF,,Ambipur Sandalwood Spray(2 x 275g),Ambi Pur,,,,[],575,287.50,,,,,In Stock,,,2026-09-24T05:08:47.201470+00:00,data/raw\amazon\ambi_pur\search_q2_p1_20260924T050841Z.html,,duplicate_canonical_product,,
Amazon India,Ambi Pur,https://www.amazon.in/s?k=Ambi+Pur+room+spray+car+freshener,https://www.amazon.in/dp/B07BRM6HP4,B07BRM6HP4,B07BRM6HP4,,Ambi Pur Air Effects Exotic Jasmine (275 g),Ambi Pur,,,,[],259,0.34,,,4.4,4,In Stock,,,2026-09-24T05:08:47.201470+00:00,data/raw\amazon\ambi_pur\search_q2_p1_20260924T050841Z.html,,duplicate_canonical_product,Amazon India,Amazon India
Amazon India,Ambi Pur,https://www.amazon.in/s?k=Ambi+Pur+room+spray+car+freshener,https://www.amazon.in/dp/B01HTIM6QQ,B01HTIM6QQ,B01HTIM6QQ,,"Ambi Pur Air Effect Sweet Berries Gel Air Freshener for Car (275 g, Set of 3)",Ambi Pur,,,,[],789,95.64,,,5.0,5,In Stock,,,2026-09-24T05:08:47.201470+00:00,data/raw\amazon\ambi_pur\search_q2_p1_20260924T050841Z.html,,duplicate_canonical_product,Amazon India,Amazon India
Amazon India,Ambi Pur,https://www.amazon.in/s?k=Ambi+Pur+room+spray+car+freshener,https://www.amazon.in/dp/B0BF54CKCY,B0BF54CKCY,B0BF54CKCY,,"Ambipur RELAXING ROSE, RELAXING LEMON Car Freshener (2 x 75 g)",Ambi Pur,,,,[],594,297,,,3.5,3,In Stock,,,2026-09-24T05:08:47.201470+00:00,data/raw\amazon\ambi_pur\search_q2_p1_20260924T050841Z.html,,out_of_scope_car_only,Amazon India,Amazon India
Amazon India,Ambi Pur,https://www.amazon.in/s?k=Ambi+Pur+room+spray+car+freshener,https://www.amazon.in/dp/B0DP2GTR9T,B0DP2GTR9T,B0DP2GTR9T,,"Auto Pearl Ambi Pur Car Air Freshener Refill,Sweet Citrus And Zest,7. 5 Ml Liquid (Pack of 2)",Ambi Pur,,,,[],438,2920,,,4.4,4,In Stock,,,2026-09-24T05:08:47.201470+00:00,data/raw\amazon\ambi_pur\search_q2_p1_20260924T050841Z.html,,out_of_scope_car_only,Amazon India,Amazon India
Amazon India,Ambi Pur,https://www.amazon.in/s?k=Ambi+Pur+room+spray+car+freshener,https://www.amazon.in/dp/B09RYKV26W,B09RYKV26W,B09RYKV26W,,"Ambi Pur Car Freshener Gel, Relaxing Lavender, 75 g & Lavender, Starter Kit, 15 ml",Ambi Pur,,,,[],635,648,,,4.2,4,In Stock,,,2026-09-24T05:08:47.201470+00:00,data/raw\amazon\ambi_pur\search_q2_p1_20260924T050841Z.html,,out_of_scope_car_only,Amazon India,Amazon India
Amazon India,Ambi Pur,https://www.amazon.in/s?k=Ambi+Pur+room+spray+car+freshener,https://www.amazon.in/dp/B01MRZYAM2,B01MRZYAM2,B01MRZYAM2,,Ambi Pur Car Freshener ??Jasmine - Starter Kit - 7.5 ml,Ambi Pur,,,,[],349,4653.33,,,3.8,3,In Stock,,,2026-09-24T05:08:47.201470+00:00,data/raw\amazon\ambi_pur\search_q2_p1_20260924T050841Z.html,,out_of_scope_car_only,Amazon India,Amazon India
Amazon India,Ambi Pur,https://www.amazon.in/s?k=Ambi+Pur+room+spray+car+freshener,https://www.amazon.in/dp/B01MSTFU4Z,B01MSTFU4Z,B01MSTFU4Z,,Ambi Pur Air Effect Air Freshener - Rose & Blossom 275 ml,Ambi Pur,,,,[],259,94.18,,,1.0,1,In Stock,,,2026-09-24T05:08:47.201470+00:00,data/raw\amazon\ambi_pur\search_q2_p1_20260924T050841Z.html,,duplicate_canonical_product,Amazon India,Amazon India
Amazon India,Ambi Pur,https://www.amazon.in/s?k=Ambi+Pur+room+spray+car+freshener&page=2,https://www.amazon.in/dp/B09RYRH4W4,B09RYRH4W4,B09RYRH4W4,,"Ambi Pur Car Freshener Gel, Refreshing Lemon, 75 g & Relaxing Lavender, Freshener Gel, 75 g",Ambi Pur,,,,[],547,598,,,3.9,3,In Stock,,,2026-09-24T05:08:54.042000+00:00,data/raw\amazon\ambi_pur\search_q2_p2_20260924T050847Z.html,,out_of_scope_car_only,Amazon India,Amazon India
Amazon India,Ambi Pur,https://www.amazon.in/s?k=Ambi+Pur+room+spray+car+freshener&page=2,https://www.amazon.in/dp/B0BKSPH3QF,B0BKSPH3QF,B0BKSPH3QF,,"Ambi Pur Car Freshener Gel, Pack of 3s, Value Pack Combo (75g x 3)",Ambi Pur,,,,[],950,154.98,,,3.8,3,In Stock,,,2026-09-24T05:08:54.042000+00:00,data/raw\amazon\ambi_pur\search_q2_p2_20260924T050847Z.html,,out_of_scope_car_only,Amazon India,Amazon India
Amazon India,Ambi Pur,https://www.amazon.in/s?k=Ambi+Pur+room+spray+car+freshener&page=2,https://www.amazon.in/dp/B00TFC6PXU,B00TFC6PXU,B00TFC6PXU,,Ambi Pur Car Freshener ??Citrus - Starter Kit - 7.5 ml,Ambi Pur,,,,[],340,4533.33,,,3.8,3,In Stock,,,2026-09-24T05:08:54.042000+00:00,data/raw\amazon\ambi_pur\search_q2_p2_20260924T050847Z.html,,out_of_scope_car_only,Amazon India,Amazon India
